-- MySQL dump 10.13  Distrib 5.7.17, for Win64 (x86_64)
--
-- Host: localhost    Database: jj
-- ------------------------------------------------------
-- Server version	5.5.5-10.1.21-MariaDB

/*!40101 SET @OLD_CHARACTER_SET_CLIENT=@@CHARACTER_SET_CLIENT */;
/*!40101 SET @OLD_CHARACTER_SET_RESULTS=@@CHARACTER_SET_RESULTS */;
/*!40101 SET @OLD_COLLATION_CONNECTION=@@COLLATION_CONNECTION */;
/*!40101 SET NAMES utf8 */;
/*!40103 SET @OLD_TIME_ZONE=@@TIME_ZONE */;
/*!40103 SET TIME_ZONE='+00:00' */;
/*!40014 SET @OLD_UNIQUE_CHECKS=@@UNIQUE_CHECKS, UNIQUE_CHECKS=0 */;
/*!40014 SET @OLD_FOREIGN_KEY_CHECKS=@@FOREIGN_KEY_CHECKS, FOREIGN_KEY_CHECKS=0 */;
/*!40101 SET @OLD_SQL_MODE=@@SQL_MODE, SQL_MODE='NO_AUTO_VALUE_ON_ZERO' */;
/*!40111 SET @OLD_SQL_NOTES=@@SQL_NOTES, SQL_NOTES=0 */;

--
-- Table structure for table `batch_product_rs`
--

DROP TABLE IF EXISTS `batch_product_rs`;
/*!40101 SET @saved_cs_client     = @@character_set_client */;
/*!40101 SET character_set_client = utf8 */;
CREATE TABLE `batch_product_rs` (
  `batch_product_rs_id` int(11) NOT NULL AUTO_INCREMENT,
  `batch_id` int(11) NOT NULL,
  `product_sub_option_id` int(11) NOT NULL,
  `unit_cost` decimal(6,2) DEFAULT NULL,
  `qty` int(11) NOT NULL DEFAULT '0',
  `version` int(5) NOT NULL DEFAULT '1',
  `created_by` varchar(255) NOT NULL,
  `created_on` datetime NOT NULL DEFAULT CURRENT_TIMESTAMP,
  `updated_by` varchar(255) NOT NULL,
  `updated_on` datetime NOT NULL DEFAULT CURRENT_TIMESTAMP,
  `delete_ind` char(1) NOT NULL DEFAULT 'N',
  PRIMARY KEY (`batch_product_rs_id`)
) ENGINE=InnoDB AUTO_INCREMENT=51 DEFAULT CHARSET=latin1;
/*!40101 SET character_set_client = @saved_cs_client */;

--
-- Dumping data for table `batch_product_rs`
--

LOCK TABLES `batch_product_rs` WRITE;
/*!40000 ALTER TABLE `batch_product_rs` DISABLE KEYS */;
INSERT INTO `batch_product_rs` VALUES (23,18,22,5.00,10,0,'euphona','2016-12-05 22:59:10','euphona','2016-12-05 22:59:10','Y'),(24,18,23,3.00,10,0,'euphona','2016-12-05 23:00:00','euphona','2016-12-05 23:00:00','Y'),(25,18,23,6.00,10,0,'euphona','2016-12-05 23:00:00','euphona','2016-12-05 23:00:00','Y'),(26,18,23,2.00,20,0,'euphona','2016-12-05 23:03:37','euphona','2016-12-05 23:03:37','N'),(27,18,23,2.00,20,0,'euphona','2016-12-05 23:03:37','euphona','2016-12-05 23:03:37','N'),(28,18,23,2.00,20,0,'euphona','2016-12-05 23:03:37','euphona','2016-12-05 23:03:37','N'),(29,18,22,2.00,20,0,'euphona','2016-12-05 23:03:37','euphona','2016-12-05 23:03:37','N'),(30,18,23,2.00,15,0,'euphona','2016-12-05 23:03:37','euphona','2016-12-05 23:03:37','N'),(31,19,22,4.00,53,0,'euphona','2016-12-05 23:10:51','euphona','2016-12-05 23:10:51','Y'),(32,19,23,60.00,79,0,'euphona','2016-12-05 23:13:05','euphona','2016-12-05 23:13:05','Y'),(33,19,22,4.00,345,0,'euphona','2016-12-05 23:13:05','euphona','2016-12-05 23:13:05','Y'),(34,20,22,3.00,3,0,'euphona','2016-12-06 22:41:53','euphona','2016-12-06 22:41:53','N'),(35,22,41,3.00,2,0,'euphona','2016-12-30 15:17:22','euphona','2016-12-30 16:02:53','Y'),(36,22,42,2.00,1,0,'euphona','2016-12-30 15:17:22','euphona','2016-12-30 16:06:40','N'),(37,22,41,2.00,1,0,'euphona','2016-12-30 16:04:58','euphona','2016-12-30 16:04:58','Y'),(38,23,41,10.00,2,0,'euphona','2017-01-16 22:25:56','euphona','2017-01-18 22:42:40','N'),(39,23,43,3.00,3,0,'euphona','2017-01-16 22:25:56','euphona','2017-01-18 22:42:40','N'),(40,24,44,5.00,2,0,'euphona','2017-01-18 22:52:51','euphona','2017-01-18 22:59:48','Y'),(41,24,41,3.00,1,0,'euphona','2017-01-18 22:52:51','euphona','2017-01-18 22:59:48','Y'),(42,25,41,5.00,1,0,'euphona','2017-01-18 23:03:59','euphona','2017-01-18 23:06:34','Y'),(43,25,45,2.00,7,0,'euphona','2017-01-18 23:03:59','euphona','2017-01-18 23:07:46','Y'),(44,25,46,3.00,1,0,'euphona','2017-01-18 23:06:38','euphona','2017-01-18 23:18:16','Y'),(45,25,47,5.00,1,0,'euphona','2017-01-18 23:14:12','euphona','2017-01-18 23:14:12','Y'),(46,25,48,5.00,2,0,'euphona','2017-01-18 23:18:19','euphona','2017-01-18 23:18:40','Y'),(47,25,49,5.00,4,0,'euphona','2017-01-18 23:24:01','euphona','2017-01-18 23:24:01','Y'),(48,25,41,10.00,10,0,'euphona','2017-01-19 20:36:50','euphona','2017-01-19 20:36:50','Y'),(49,25,50,4.00,2,0,'euphona','2017-01-19 20:36:50','euphona','2017-01-19 20:36:50','Y'),(50,25,51,3.00,6,0,'euphona','2017-01-19 20:36:50','euphona','2017-01-19 20:36:50','Y');
/*!40000 ALTER TABLE `batch_product_rs` ENABLE KEYS */;
UNLOCK TABLES;

--
-- Table structure for table `batch_stock_intake`
--

DROP TABLE IF EXISTS `batch_stock_intake`;
/*!40101 SET @saved_cs_client     = @@character_set_client */;
/*!40101 SET character_set_client = utf8 */;
CREATE TABLE `batch_stock_intake` (
  `batch_id` int(11) NOT NULL AUTO_INCREMENT,
  `remarks` varchar(255) DEFAULT NULL,
  `date` datetime DEFAULT NULL,
  `storage_location` int(11) NOT NULL,
  `total_cost` decimal(8,2) NOT NULL DEFAULT '0.00',
  `additional_cost` decimal(6,2) DEFAULT '0.00',
  `version` int(5) NOT NULL DEFAULT '1',
  `created_by` varchar(255) NOT NULL,
  `created_on` datetime NOT NULL DEFAULT CURRENT_TIMESTAMP,
  `updated_by` varchar(255) NOT NULL,
  `updated_on` datetime NOT NULL DEFAULT CURRENT_TIMESTAMP,
  `delete_ind` char(1) NOT NULL DEFAULT 'N',
  PRIMARY KEY (`batch_id`)
) ENGINE=InnoDB AUTO_INCREMENT=26 DEFAULT CHARSET=latin1;
/*!40101 SET character_set_client = @saved_cs_client */;

--
-- Dumping data for table `batch_stock_intake`
--

LOCK TABLES `batch_stock_intake` WRITE;
/*!40000 ALTER TABLE `batch_stock_intake` DISABLE KEYS */;
INSERT INTO `batch_stock_intake` VALUES (18,'batch for getting bulbs','2016-11-05 00:00:00',1,500.00,310.00,0,'euphona','2016-12-05 23:08:35','euphona','2016-12-05 23:08:35','N'),(19,'tesrtih','2018-01-05 00:00:00',1,500.00,-5620.00,0,'euphona','2016-12-05 23:13:05','euphona','2016-12-05 23:13:05','Y'),(20,'test warehouse','2016-12-06 00:00:00',1,23.00,14.00,0,'euphona','2016-12-06 22:48:43','euphona','2016-12-06 22:48:43','N'),(21,'Batch','2016-12-30 00:00:00',1,20.00,8.00,0,'euphona','2016-12-30 15:14:29','euphona','2016-12-30 15:14:29','N'),(22,'Batch','2016-12-30 00:00:00',1,10.00,8.00,0,'euphona','2016-12-30 15:17:22','euphona','2016-12-30 16:06:40','N'),(23,'testshit','2017-01-16 00:00:00',2,30.00,1.00,0,'euphona','2017-01-16 22:25:55','euphona','2017-01-18 22:44:31','N'),(24,'difficult','2017-01-18 00:00:00',3,30.00,17.00,0,'euphona','2017-01-18 22:52:51','euphona','2017-01-18 23:01:27','Y'),(25,'bloated','2017-01-18 00:00:00',2,150.00,24.00,0,'euphona','2017-01-18 23:03:59','euphona','2017-01-19 20:36:50','Y');
/*!40000 ALTER TABLE `batch_stock_intake` ENABLE KEYS */;
UNLOCK TABLES;

--
-- Table structure for table `cheque`
--

DROP TABLE IF EXISTS `cheque`;
/*!40101 SET @saved_cs_client     = @@character_set_client */;
/*!40101 SET character_set_client = utf8 */;
CREATE TABLE `cheque` (
  `cheque_id` int(11) NOT NULL AUTO_INCREMENT,
  `cheque_num` varchar(45) NOT NULL,
  `cheque_date` date NOT NULL,
  `cheque_amt` decimal(8,2) NOT NULL DEFAULT '0.00',
  `debit_date` date DEFAULT NULL,
  `remarks` varchar(255) DEFAULT NULL,
  `bounce_cheque_ind` char(1) NOT NULL DEFAULT 'N',
  `bounce_date` date DEFAULT NULL,
  `version` int(5) NOT NULL DEFAULT '1',
  `created_by` varchar(255) NOT NULL,
  `created_on` datetime NOT NULL DEFAULT CURRENT_TIMESTAMP,
  `updated_by` varchar(255) NOT NULL,
  `updated_on` datetime NOT NULL DEFAULT CURRENT_TIMESTAMP,
  `delete_ind` char(1) NOT NULL DEFAULT 'N',
  PRIMARY KEY (`cheque_id`)
) ENGINE=InnoDB AUTO_INCREMENT=19 DEFAULT CHARSET=latin1;
/*!40101 SET character_set_client = @saved_cs_client */;

--
-- Dumping data for table `cheque`
--

LOCK TABLES `cheque` WRITE;
/*!40000 ALTER TABLE `cheque` DISABLE KEYS */;
INSERT INTO `cheque` VALUES (1,'100-100-111','2017-02-24',725.00,NULL,'test','Y','2016-10-10',1,'ck1232','2017-03-28 23:50:15','euphona','2017-04-22 20:13:48','N'),(2,'400-400','2017-03-27',500.00,NULL,NULL,'Y','2017-03-31',1,'ck1232','2017-03-28 23:52:51','ck1232','2017-03-28 23:52:51','N'),(3,'211-211','2016-06-24',7.00,NULL,NULL,'Y','2017-04-12',1,'euphona','2017-03-28 23:52:51','euphona','2017-04-22 21:09:39','N'),(4,'300-300','2017-03-27',3310.00,NULL,NULL,'Y','2017-04-07',1,'euphona','2017-03-28 23:52:51','euphona','2017-03-28 23:52:51','N'),(5,'500-500','2017-03-27',13079.00,NULL,NULL,'N',NULL,1,'euphona','2017-03-28 23:52:51','euphona','2017-03-28 23:52:51','N'),(6,'600-600','2017-03-27',10.00,NULL,NULL,'N',NULL,1,'euphona','2017-03-28 23:52:51','euphona','2017-03-28 23:52:51','N'),(7,'700-700','2017-03-27',2500.00,NULL,NULL,'Y','2017-03-31',1,'euphona','2017-03-28 23:52:51','euphona','2017-03-28 23:52:51','N'),(8,'111-111-1111-111','2017-04-19',100.00,NULL,NULL,'N',NULL,1,'euphona','2017-04-06 23:52:39','euphona','2017-04-06 23:52:39','N'),(10,'5784','2017-04-12',33.83,NULL,NULL,'N',NULL,1,'euphona','2017-04-14 14:41:35','euphona','2017-04-14 14:41:35','N'),(11,'2222','2017-04-19',50.00,NULL,NULL,'Y',NULL,1,'euphona','2017-04-16 22:44:38','euphona','2017-04-16 22:44:38','N'),(14,'111-111-2311-111','2017-04-12',25.00,'2017-04-01','remark','N',NULL,1,'euphona','2017-04-19 21:54:35','euphona','2017-04-22 20:34:33','N'),(15,'4324222','2017-04-27',100.00,NULL,NULL,'N',NULL,1,'euphona','2017-04-19 22:12:41','euphona','2017-04-19 22:12:41','N'),(16,'111-111-2311-111','2017-04-19',209.00,NULL,NULL,'N',NULL,1,'euphona','2017-04-19 22:19:13','euphona','2017-04-19 22:19:13','N'),(17,'122-111-2311-111','2017-04-19',100.00,NULL,NULL,'N',NULL,1,'euphona','2017-04-21 23:31:07','euphona','2017-04-21 23:31:07','N'),(18,'301-301','2017-04-08',2500.00,NULL,NULL,'N',NULL,1,'euphona','2017-04-23 22:36:59','euphona','2017-04-23 22:36:59','N');
/*!40000 ALTER TABLE `cheque` ENABLE KEYS */;
UNLOCK TABLES;

--
-- Table structure for table `customer`
--

DROP TABLE IF EXISTS `customer`;
/*!40101 SET @saved_cs_client     = @@character_set_client */;
/*!40101 SET character_set_client = utf8 */;
CREATE TABLE `customer` (
  `customer_id` int(11) NOT NULL AUTO_INCREMENT,
  `gender` char(1) NOT NULL,
  `name` varchar(255) NOT NULL,
  `dob` date DEFAULT NULL,
  `email_address` varchar(255) DEFAULT NULL,
  `is_active` char(1) NOT NULL DEFAULT 'Y',
  `user_id` varchar(255) NOT NULL,
  `password` varchar(256) NOT NULL,
  `version` int(5) NOT NULL DEFAULT '1',
  `created_by` varchar(255) NOT NULL,
  `created_on` datetime NOT NULL DEFAULT CURRENT_TIMESTAMP,
  `updated_by` varchar(255) NOT NULL,
  `updated_on` datetime NOT NULL DEFAULT CURRENT_TIMESTAMP,
  `delete_ind` char(1) NOT NULL DEFAULT 'N',
  PRIMARY KEY (`customer_id`)
) ENGINE=InnoDB AUTO_INCREMENT=2 DEFAULT CHARSET=latin1;
/*!40101 SET character_set_client = @saved_cs_client */;

--
-- Dumping data for table `customer`
--

LOCK TABLES `customer` WRITE;
/*!40000 ALTER TABLE `customer` DISABLE KEYS */;
INSERT INTO `customer` VALUES (1,'F','Lee Jia Cin Janice','2016-11-30','euphona@hotmail.com','0','euphona','12345',1,'Janice','2016-11-09 19:29:00','Janice','2016-11-09 19:29:00','N');
/*!40000 ALTER TABLE `customer` ENABLE KEYS */;
UNLOCK TABLES;

--
-- Table structure for table `customer_address`
--

DROP TABLE IF EXISTS `customer_address`;
/*!40101 SET @saved_cs_client     = @@character_set_client */;
/*!40101 SET character_set_client = utf8 */;
CREATE TABLE `customer_address` (
  `address_id` int(11) NOT NULL AUTO_INCREMENT,
  `customer_id` int(11) NOT NULL,
  `recipient_name` varchar(255) DEFAULT NULL,
  `address` varchar(45) DEFAULT NULL,
  `contact_number` bigint(10) DEFAULT NULL,
  `postal_code` int(8) DEFAULT NULL,
  `country` varchar(255) DEFAULT NULL,
  `default_ind` char(1) NOT NULL DEFAULT 'N',
  `version` int(5) NOT NULL DEFAULT '1',
  `created_by` varchar(255) NOT NULL,
  `created_on` datetime NOT NULL DEFAULT CURRENT_TIMESTAMP,
  `updated_by` varchar(255) NOT NULL,
  `updated_on` datetime NOT NULL DEFAULT CURRENT_TIMESTAMP,
  `delete_ind` char(1) NOT NULL DEFAULT 'N',
  PRIMARY KEY (`address_id`)
) ENGINE=InnoDB AUTO_INCREMENT=2 DEFAULT CHARSET=latin1;
/*!40101 SET character_set_client = @saved_cs_client */;

--
-- Dumping data for table `customer_address`
--

LOCK TABLES `customer_address` WRITE;
/*!40000 ALTER TABLE `customer_address` DISABLE KEYS */;
INSERT INTO `customer_address` VALUES (1,1,'CK111','Blk 252 #02-390 Pending Road Singapore 670252',93273252,670255,'Singapore','N',1,'Janice','2016-11-09 19:29:00','Janice','2016-11-09 19:29:00','Y');
/*!40000 ALTER TABLE `customer_address` ENABLE KEYS */;
UNLOCK TABLES;

--
-- Table structure for table `delivery_fee`
--

DROP TABLE IF EXISTS `delivery_fee`;
/*!40101 SET @saved_cs_client     = @@character_set_client */;
/*!40101 SET character_set_client = utf8 */;
CREATE TABLE `delivery_fee` (
  `delivery_fee_id` int(11) NOT NULL,
  `weight` int(11) NOT NULL DEFAULT '0',
  `price` decimal(6,2) NOT NULL DEFAULT '0.00',
  `sequence` int(11) DEFAULT NULL,
  `carrier_type` varchar(255) DEFAULT NULL,
  `version` int(5) NOT NULL DEFAULT '1',
  `created_by` varchar(255) NOT NULL,
  `created_on` datetime NOT NULL DEFAULT CURRENT_TIMESTAMP,
  `updated_by` varchar(255) NOT NULL,
  `updated_on` datetime NOT NULL DEFAULT CURRENT_TIMESTAMP,
  `delete_ind` char(1) NOT NULL DEFAULT 'N',
  PRIMARY KEY (`delivery_fee_id`)
) ENGINE=InnoDB DEFAULT CHARSET=latin1;
/*!40101 SET character_set_client = @saved_cs_client */;

--
-- Dumping data for table `delivery_fee`
--

LOCK TABLES `delivery_fee` WRITE;
/*!40000 ALTER TABLE `delivery_fee` DISABLE KEYS */;
/*!40000 ALTER TABLE `delivery_fee` ENABLE KEYS */;
UNLOCK TABLES;

--
-- Table structure for table `discount`
--

DROP TABLE IF EXISTS `discount`;
/*!40101 SET @saved_cs_client     = @@character_set_client */;
/*!40101 SET character_set_client = utf8 */;
CREATE TABLE `discount` (
  `discount_id` int(11) NOT NULL AUTO_INCREMENT,
  `promo_id` int(11) DEFAULT NULL,
  `discount_name` varchar(255) DEFAULT NULL,
  `discount_type` varchar(100) DEFAULT NULL,
  `discount_value` decimal(6,2) NOT NULL DEFAULT '0.00',
  `apply_type` varchar(255) DEFAULT NULL,
  `version` int(5) NOT NULL DEFAULT '1',
  `created_by` varchar(255) NOT NULL,
  `created_on` datetime NOT NULL DEFAULT CURRENT_TIMESTAMP,
  `updated_by` varchar(255) NOT NULL,
  `updated_on` datetime NOT NULL DEFAULT CURRENT_TIMESTAMP,
  `delete_ind` char(1) NOT NULL DEFAULT 'N',
  PRIMARY KEY (`discount_id`)
) ENGINE=InnoDB AUTO_INCREMENT=3 DEFAULT CHARSET=latin1;
/*!40101 SET character_set_client = @saved_cs_client */;

--
-- Dumping data for table `discount`
--

LOCK TABLES `discount` WRITE;
/*!40000 ALTER TABLE `discount` DISABLE KEYS */;
INSERT INTO `discount` VALUES (1,NULL,'5 % discount','Percentage %',5.00,'Delivery',0,'','0000-00-00 00:00:00','','0000-00-00 00:00:00','N'),(2,3,'4%','Percentage %',4.00,'Total',0,'','0000-00-00 00:00:00','','0000-00-00 00:00:00','N');
/*!40000 ALTER TABLE `discount` ENABLE KEYS */;
UNLOCK TABLES;

--
-- Table structure for table `employee`
--

DROP TABLE IF EXISTS `employee`;
/*!40101 SET @saved_cs_client     = @@character_set_client */;
/*!40101 SET character_set_client = utf8 */;
CREATE TABLE `employee` (
  `employee_id` int(11) NOT NULL AUTO_INCREMENT,
  `name` varchar(255) NOT NULL,
  `employee_type` varchar(255) NOT NULL,
  `dob` date DEFAULT NULL,
  `nationality` varchar(255) NOT NULL,
  `basic_salary` decimal(8,2) NOT NULL DEFAULT '0.00',
  `employment_start_date` date DEFAULT NULL,
  `employment_end_date` date DEFAULT NULL,
  `cdac_ind` char(1) NOT NULL DEFAULT 'N',
  `version` int(5) NOT NULL DEFAULT '1',
  `created_by` varchar(255) NOT NULL,
  `created_on` datetime NOT NULL DEFAULT CURRENT_TIMESTAMP,
  `updated_by` varchar(255) NOT NULL,
  `updated_on` datetime NOT NULL DEFAULT CURRENT_TIMESTAMP,
  `delete_ind` char(1) NOT NULL DEFAULT 'N',
  PRIMARY KEY (`employee_id`)
) ENGINE=InnoDB AUTO_INCREMENT=4 DEFAULT CHARSET=latin1;
/*!40101 SET character_set_client = @saved_cs_client */;

--
-- Dumping data for table `employee`
--

LOCK TABLES `employee` WRITE;
/*!40000 ALTER TABLE `employee` DISABLE KEYS */;
INSERT INTO `employee` VALUES (1,'Beh Choon Keat','FULL_LOCAL','1990-05-19','Singapor',2500.00,'2017-03-13',NULL,'Y',1,'euphona','2017-03-12 22:34:53','euphona','2017-06-08 20:29:18','N'),(2,'test','FULL_FW',NULL,'Malaysia',1000.00,NULL,NULL,'Y',0,'euphona','2017-03-12 22:36:58','euphona','2017-03-12 22:37:04','Y'),(3,'Father1','FULL_LOCAL','2017-03-01','Singaporean',2600.00,'2017-03-23',NULL,'Y',1,'ck1232','2017-03-28 21:38:29','ck1232','2017-03-28 21:53:31','Y');
/*!40000 ALTER TABLE `employee` ENABLE KEYS */;
UNLOCK TABLES;

--
-- Table structure for table `employee_bonus`
--

DROP TABLE IF EXISTS `employee_bonus`;
/*!40101 SET @saved_cs_client     = @@character_set_client */;
/*!40101 SET character_set_client = utf8 */;
CREATE TABLE `employee_bonus` (
  `bonus_id` int(11) NOT NULL AUTO_INCREMENT,
  `bonus_date` date NOT NULL,
  `employee_id` int(11) NOT NULL,
  `bonus_amt` decimal(8,2) NOT NULL DEFAULT '0.00',
  `employee_cpf` decimal(6,2) DEFAULT NULL,
  `employer_cpf` decimal(6,2) DEFAULT NULL,
  `status` varchar(255) DEFAULT NULL,
  `version` int(5) NOT NULL DEFAULT '1',
  `created_by` varchar(255) NOT NULL,
  `created_on` datetime NOT NULL DEFAULT CURRENT_TIMESTAMP,
  `updated_by` varchar(255) NOT NULL,
  `updated_on` datetime NOT NULL DEFAULT CURRENT_TIMESTAMP,
  `delete_ind` char(1) NOT NULL DEFAULT 'N',
  PRIMARY KEY (`bonus_id`)
) ENGINE=InnoDB AUTO_INCREMENT=4 DEFAULT CHARSET=latin1;
/*!40101 SET character_set_client = @saved_cs_client */;

--
-- Dumping data for table `employee_bonus`
--

LOCK TABLES `employee_bonus` WRITE;
/*!40000 ALTER TABLE `employee_bonus` DISABLE KEYS */;
INSERT INTO `employee_bonus` VALUES (1,'2017-03-08',1,1000.00,600.00,123.00,'UNPAID',1,'ck1232','2017-03-28 22:14:03','ck1232','2017-03-28 22:14:03','N'),(2,'2017-03-23',1,100.00,10.00,20.00,'PAID',2,'ck1232','2017-03-28 22:20:49','euphona','2017-04-25 23:05:20','N'),(3,'2017-04-26',1,100.00,20.00,20.00,'PAID',2,'euphona','2017-04-06 23:52:12','euphona','2017-04-06 23:52:49','N');
/*!40000 ALTER TABLE `employee_bonus` ENABLE KEYS */;
UNLOCK TABLES;

--
-- Table structure for table `employee_salary`
--

DROP TABLE IF EXISTS `employee_salary`;
/*!40101 SET @saved_cs_client     = @@character_set_client */;
/*!40101 SET character_set_client = utf8 */;
CREATE TABLE `employee_salary` (
  `salary_id` int(11) NOT NULL AUTO_INCREMENT,
  `salary_date` date NOT NULL,
  `employee_id` int(11) NOT NULL,
  `basic_salary_amt` decimal(8,2) NOT NULL DEFAULT '0.00',
  `over_time_amt` decimal(6,2) DEFAULT NULL,
  `over_time_hours` decimal(6,2) DEFAULT NULL,
  `over_time_remarks` varchar(512) DEFAULT NULL,
  `allowance` decimal(6,2) DEFAULT NULL,
  `medical` decimal(6,2) DEFAULT NULL,
  `leave_balance` decimal(5,2) DEFAULT NULL,
  `leave_taken` decimal(5,2) DEFAULT NULL,
  `unpaid_leave_amt` decimal(6,2) DEFAULT NULL,
  `unpaid_leave_remarks` varchar(512) DEFAULT NULL,
  `employee_cpf` decimal(8,2) DEFAULT NULL,
  `employer_cpf` decimal(8,2) DEFAULT NULL,
  `cdac_amt` decimal(6,2) DEFAULT NULL,
  `sdl_amt` decimal(6,2) DEFAULT NULL,
  `fw_levy` decimal(6,2) DEFAULT NULL,
  `status` varchar(255) NOT NULL DEFAULT 'UNPAID',
  `version` int(5) NOT NULL DEFAULT '1',
  `created_by` varchar(255) NOT NULL,
  `created_on` datetime NOT NULL DEFAULT CURRENT_TIMESTAMP,
  `updated_by` varchar(255) NOT NULL,
  `updated_on` datetime NOT NULL DEFAULT CURRENT_TIMESTAMP,
  `delete_ind` char(1) NOT NULL DEFAULT 'N',
  PRIMARY KEY (`salary_id`)
) ENGINE=InnoDB AUTO_INCREMENT=5 DEFAULT CHARSET=latin1;
/*!40101 SET character_set_client = @saved_cs_client */;

--
-- Dumping data for table `employee_salary`
--

LOCK TABLES `employee_salary` WRITE;
/*!40000 ALTER TABLE `employee_salary` DISABLE KEYS */;
INSERT INTO `employee_salary` VALUES (1,'2017-03-13',1,2500.00,NULL,NULL,'',NULL,NULL,NULL,NULL,NULL,'',NULL,NULL,NULL,NULL,NULL,'PAID',1,'euphona','2017-03-13 13:23:49','euphona','2017-04-23 23:43:32','N'),(2,'2017-02-08',1,2500.00,NULL,NULL,'',NULL,NULL,NULL,NULL,NULL,'',NULL,NULL,NULL,NULL,NULL,'PAID',0,'euphona','2017-03-13 15:58:37','euphona','2017-03-13 17:57:21','N'),(3,'2017-03-08',1,1000.00,NULL,NULL,'',NULL,NULL,NULL,NULL,NULL,'',20.50,NULL,NULL,NULL,NULL,'UNPAID',1,'ck1232','2017-03-28 22:16:41','ck1232','2017-03-28 22:16:41','Y'),(4,'2017-03-08',1,2500.00,1.00,1.00,'1',1.00,5.00,14.00,1.00,1.00,'1',NULL,50.00,1.00,1.00,1.00,'PAID',1,'ck1232','2017-03-28 22:20:06','euphona','2017-04-25 23:05:20','N');
/*!40000 ALTER TABLE `employee_salary` ENABLE KEYS */;
UNLOCK TABLES;

--
-- Table structure for table `expense`
--

DROP TABLE IF EXISTS `expense`;
/*!40101 SET @saved_cs_client     = @@character_set_client */;
/*!40101 SET character_set_client = utf8 */;
CREATE TABLE `expense` (
  `expense_id` int(11) NOT NULL AUTO_INCREMENT,
  `expense_type_id` int(11) NOT NULL,
  `invoice_no` varchar(255) DEFAULT NULL,
  `description` varchar(512) DEFAULT NULL,
  `expense_date` date NOT NULL,
  `supplier` varchar(255) NOT NULL,
  `total_amt` decimal(8,2) NOT NULL DEFAULT '0.00',
  `remarks` varchar(255) DEFAULT NULL,
  `status` varchar(255) NOT NULL DEFAULT 'UNPAID',
  `version` int(5) NOT NULL DEFAULT '1',
  `created_by` varchar(255) NOT NULL,
  `created_on` datetime NOT NULL DEFAULT CURRENT_TIMESTAMP,
  `updated_by` varchar(255) NOT NULL,
  `updated_on` datetime NOT NULL DEFAULT CURRENT_TIMESTAMP,
  `delete_ind` char(1) NOT NULL DEFAULT 'N',
  PRIMARY KEY (`expense_id`)
) ENGINE=InnoDB AUTO_INCREMENT=17 DEFAULT CHARSET=latin1;
/*!40101 SET character_set_client = @saved_cs_client */;

--
-- Dumping data for table `expense`
--

LOCK TABLES `expense` WRITE;
/*!40000 ALTER TABLE `expense` DISABLE KEYS */;
INSERT INTO `expense` VALUES (1,2,'','desc','2017-03-15','supplier',20.00,'remarks','PAID',0,'euphona','2017-03-05 17:02:51','euphona','2017-03-06 22:27:53','N'),(2,1,'','','2017-02-05','supplier',10.00,'remarks','PAID',1,'euphona','2017-03-05 21:54:05','euphona','2017-04-23 22:00:33','N'),(3,1,'','desc','2016-03-05','supplier',5.00,'remarks','PAID',1,'euphona','2017-03-05 21:54:51','euphona','2017-04-23 22:00:33','N'),(4,1,'','desc','2017-03-30','supplier',5.00,'remarks','UNPAID',0,'euphona','2017-03-05 21:55:51','euphona','2017-03-05 21:55:51','N'),(5,6,'','','2017-03-14','LTA',20.00,'remarks','PAID',0,'euphona','2017-03-06 22:27:20','euphona','2017-03-07 22:54:27','N'),(6,9,'','desc','2017-03-07','equip pte ltd',100.00,'remarks','PAID',1,'euphona','2017-03-09 22:30:13','euphona','2017-04-21 23:31:07','N'),(7,13,'','desc','2017-03-07','supplier',100.00,'remarks','UNPAID',0,'euphona','2017-03-09 22:31:03','euphona','2017-03-09 22:31:03','N'),(8,9,'','desc','2017-03-15','supplier',100.00,'remarks','UNPAID',0,'euphona','2017-03-09 22:33:30','euphona','2017-03-09 22:33:30','N'),(9,7,'','desc','2017-03-14','supplier',100.00,'remarks','PAID',1,'euphona','2017-03-09 22:42:24','euphona','2017-04-19 21:54:35','N'),(10,5,'','desc','2017-03-14','supplier',100.00,'remarks','UNPAID',0,'euphona','2017-03-09 22:45:52','euphona','2017-03-09 22:45:52','N'),(11,10,'','desc','2017-03-09','supplier',100.00,'remarks','PAID',0,'euphona','2017-03-09 22:49:47','euphona','2017-03-09 22:50:00','N'),(12,15,'','from china','2017-03-16','dasdas',2000.00,'remarks','UNPAID',0,'euphona','2017-03-09 22:53:32','euphona','2017-03-09 22:53:32','N'),(13,15,'','dasdas','2017-03-21','adsda',20.00,'remarks','PAID',0,'euphona','2017-03-09 22:53:49','euphona','2017-03-09 23:22:49','N'),(14,15,'','For paying china stock','2017-01-01','china supplier',999999.00,'For paying china stock','UNPAID',1,'ck1232','2017-03-28 22:28:59','euphona','2017-04-23 23:40:17','N'),(15,9,'','','2017-03-29','supplier',1000.00,'remarks','UNPAID',1,'euphona','2017-03-29 22:08:08','euphona','2017-03-29 22:08:08','Y'),(16,12,'','desc','2017-04-19','supplier',100.00,'remarks','PAID',1,'euphona','2017-04-16 22:43:56','euphona','2017-04-23 23:27:06','N');
/*!40000 ALTER TABLE `expense` ENABLE KEYS */;
UNLOCK TABLES;

--
-- Table structure for table `expense_type`
--

DROP TABLE IF EXISTS `expense_type`;
/*!40101 SET @saved_cs_client     = @@character_set_client */;
/*!40101 SET character_set_client = utf8 */;
CREATE TABLE `expense_type` (
  `expense_type_id` int(11) NOT NULL AUTO_INCREMENT,
  `expense_type` varchar(255) NOT NULL,
  PRIMARY KEY (`expense_type_id`),
  UNIQUE KEY `expense_type_UNIQUE` (`expense_type`)
) ENGINE=InnoDB AUTO_INCREMENT=16 DEFAULT CHARSET=latin1;
/*!40101 SET character_set_client = @saved_cs_client */;

--
-- Dumping data for table `expense_type`
--

LOCK TABLES `expense_type` WRITE;
/*!40000 ALTER TABLE `expense_type` DISABLE KEYS */;
INSERT INTO `expense_type` VALUES (9,'Asset-Equipment'),(10,'Asset-Vehicle'),(13,'Entertainment'),(14,'Fees and Taxes'),(12,'Meal Expenses'),(8,'Office Expenses'),(11,'Rent Expenses'),(1,'Stock'),(15,'Stock(China)'),(2,'Sub-Con'),(6,'Vehicle-Car Parking and ERP'),(3,'Vehicle-Fuel'),(7,'Vehicle-Insurance'),(5,'Vehicle-Repair'),(4,'Vehicle-Road Tax');
/*!40000 ALTER TABLE `expense_type` ENABLE KEYS */;
UNLOCK TABLES;

--
-- Temporary view structure for view `inventory_from`
--

DROP TABLE IF EXISTS `inventory_from`;
/*!50001 DROP VIEW IF EXISTS `inventory_from`*/;
SET @saved_cs_client     = @@character_set_client;
SET character_set_client = utf8;
/*!50001 CREATE VIEW `inventory_from` AS SELECT 
 1 AS `product_suboption_rs_id`,
 1 AS `transfer_from`,
 1 AS `qty`*/;
SET character_set_client = @saved_cs_client;

--
-- Temporary view structure for view `inventory_location_final_qty`
--

DROP TABLE IF EXISTS `inventory_location_final_qty`;
/*!50001 DROP VIEW IF EXISTS `inventory_location_final_qty`*/;
SET @saved_cs_client     = @@character_set_client;
SET character_set_client = utf8;
/*!50001 CREATE VIEW `inventory_location_final_qty` AS SELECT 
 1 AS `product_suboption_rs_id`,
 1 AS `location_id`,
 1 AS `qty`*/;
SET character_set_client = @saved_cs_client;

--
-- Temporary view structure for view `inventory_location_qty`
--

DROP TABLE IF EXISTS `inventory_location_qty`;
/*!50001 DROP VIEW IF EXISTS `inventory_location_qty`*/;
SET @saved_cs_client     = @@character_set_client;
SET character_set_client = utf8;
/*!50001 CREATE VIEW `inventory_location_qty` AS SELECT 
 1 AS `product_suboption_rs_id`,
 1 AS `location_id`,
 1 AS `to_qty`,
 1 AS `from_qty`*/;
SET character_set_client = @saved_cs_client;

--
-- Temporary view structure for view `inventory_to`
--

DROP TABLE IF EXISTS `inventory_to`;
/*!50001 DROP VIEW IF EXISTS `inventory_to`*/;
SET @saved_cs_client     = @@character_set_client;
SET character_set_client = utf8;
/*!50001 CREATE VIEW `inventory_to` AS SELECT 
 1 AS `product_suboption_rs_id`,
 1 AS `transfer_to`,
 1 AS `qty`*/;
SET character_set_client = @saved_cs_client;

--
-- Table structure for table `invoice`
--

DROP TABLE IF EXISTS `invoice`;
/*!40101 SET @saved_cs_client     = @@character_set_client */;
/*!40101 SET character_set_client = utf8 */;
CREATE TABLE `invoice` (
  `invoice_id` int(11) NOT NULL AUTO_INCREMENT,
  `messenger` varchar(255) NOT NULL,
  `invoice_date` date NOT NULL,
  `total_amt` decimal(8,2) NOT NULL DEFAULT '0.00',
  `status` varchar(255) NOT NULL DEFAULT 'UNPAID',
  `version` int(5) NOT NULL DEFAULT '1',
  `created_by` varchar(255) NOT NULL,
  `created_on` datetime NOT NULL DEFAULT CURRENT_TIMESTAMP,
  `updated_by` varchar(255) NOT NULL,
  `updated_on` datetime NOT NULL DEFAULT CURRENT_TIMESTAMP,
  `delete_ind` char(1) NOT NULL DEFAULT 'N',
  PRIMARY KEY (`invoice_id`)
) ENGINE=InnoDB AUTO_INCREMENT=6275 DEFAULT CHARSET=latin1;
/*!40101 SET character_set_client = @saved_cs_client */;

--
-- Dumping data for table `invoice`
--

LOCK TABLES `invoice` WRITE;
/*!40000 ALTER TABLE `invoice` DISABLE KEYS */;
INSERT INTO `invoice` VALUES (5354,'WOODHOUSE FURNITURE & CONSTRUCTION PTE LTD','2015-03-01',3310.00,'PAID',1,'ck1232','2017-02-27 22:33:50','euphona','2017-04-23 22:36:59','N'),(6246,'mu interior pte ltd','2017-01-05',415.00,'PAID',1,'ck1232','2017-03-01 00:07:42','euphona','2017-04-23 22:36:59','N'),(6247,'WJM FURNITURE PTE LTD','2017-01-07',541.00,'PAID',1,'ck1232','2017-02-26 23:49:19','euphona','2017-04-23 22:36:59','N'),(6248,'Kar Lee Electrical Engineering ','2017-01-09',946.00,'PAID',0,'ck1232','2017-02-27 21:58:49','euphona','2017-03-07 20:51:30','N'),(6249,'JAMES KING PTE LTD','2017-01-14',13079.00,'PAID',0,'ck1232','2017-02-27 21:59:31','euphona','2017-03-07 22:51:01','N'),(6250,'mu interior pte ltd','2017-01-16',800.00,'PAID',0,'ck1232','2017-02-27 22:00:03','euphona','2017-03-07 22:51:01','N'),(6251,'mu interior pte ltd','2017-01-18',540.00,'PAID',1,'ck1232','2017-02-27 21:59:51','ck1232','2017-03-28 23:36:09','N'),(6252,'mu interior pte ltd','2017-02-02',725.00,'PAID',2,'ck1232','2017-02-27 22:00:03','euphona','2017-04-23 23:33:40','N'),(6253,'Liberty Furniture Pte Ltd','2017-01-24',2530.00,'PAID',1,'ck1232','2017-02-26 23:49:19','euphona','2017-04-14 14:31:21','N'),(6254,'ASTIQUE DESIGN PTE LTD','2017-01-13',90.00,'PENDING',0,'ck1232','2017-02-26 23:49:19','ck1232','2017-03-01 00:08:31','Y'),(6255,'WOODHOUSE FURNITURE & CONSTRUCTION PTE LTD','2017-01-02',1370.00,'PAID',1,'ck1232','2017-02-26 23:49:19','euphona','2017-04-19 22:27:52','N'),(6256,'JAMES KING PTE LTD','2017-02-02',209.00,'PAID',1,'ck1232','2017-02-27 22:00:03','euphona','2017-04-19 22:19:13','N'),(6257,'Precise International Pte Ltd','2017-02-02',200.00,'PAID',1,'ck1232','2017-02-27 22:08:43','euphona','2017-04-19 22:19:13','N'),(6258,'Precise International Pte Ltd','2017-02-03',200.00,'PAID',1,'ck1232','2017-02-27 22:07:09','euphona','2017-04-19 22:19:13','N'),(6259,'Precise International Pte Ltd','2017-02-03',200.00,'PAID',1,'ck1232','2017-02-27 22:08:43','euphona','2017-04-19 22:19:13','N'),(6260,'Precise International Pte Ltd','2017-02-03',400.00,'PAID',1,'ck1232','2017-02-27 22:08:43','euphona','2017-04-19 22:27:52','N'),(6261,'Precise International Pte Ltd','2017-02-09',100.00,'PAID',1,'ck1232','2017-02-27 22:08:43','euphona','2017-04-19 22:29:54','N'),(6262,'Precise International Pte Ltd','2017-02-10',1170.00,'PAID',1,'ck1232','2017-02-27 22:08:43','euphona','2017-04-19 22:29:54','N'),(6263,'Precise International Pte Ltd','2017-02-10',1480.00,'PENDING',0,'ck1232','2017-02-27 22:08:43','ck1232','2017-03-01 00:08:31','Y'),(6264,'Precise International Pte Ltd','2017-02-10',5270.00,'PENDING',0,'ck1232','2017-02-27 22:08:43','ck1232','2017-03-01 00:08:31','N'),(6265,'WOODHOUSE FURNITURE & CONSTRUCTION PTE LTD','2017-01-06',124.00,'PENDING',0,'ck1232','2017-02-26 23:49:19','ck1232','2017-03-01 00:08:31','N'),(6266,'WOODHOUSE FURNITURE & CONSTRUCTION PTE LTD','2017-01-07',220.00,'PENDING',0,'ck1232','2017-02-26 23:49:19','ck1232','2017-03-01 00:08:31','N'),(6267,'WOODHOUSE FURNITURE & CONSTRUCTION PTE LTD','2017-01-09',118.00,'PENDING',0,'ck1232','2017-02-26 23:49:19','ck1232','2017-03-01 00:08:31','N'),(6268,'WOODHOUSE FURNITURE & CONSTRUCTION PTE LTD','2017-01-10',60.00,'PENDING',0,'ck1232','2017-02-27 22:13:02','ck1232','2017-03-01 00:08:31','N'),(6269,'WOODHOUSE FURNITURE & CONSTRUCTION PTE LTD','2017-01-11',67.00,'PENDING',0,'ck1232','2017-02-26 23:49:19','ck1232','2017-03-01 00:08:31','N'),(6270,'WOODHOUSE FURNITURE & CONSTRUCTION PTE LTD','2017-01-12',66.00,'PENDING',0,'ck1232','2017-02-27 22:13:02','ck1232','2017-03-01 00:08:31','N'),(6271,'WOODHOUSE FURNITURE & CONSTRUCTION PTE LTD','2017-01-21',187.00,'PENDING',0,'ck1232','2017-02-26 23:49:19','ck1232','2017-03-01 00:08:31','N'),(6272,'WOODHOUSE FURNITURE & CONSTRUCTION PTE LTD','2017-01-22',60.00,'PENDING',0,'ck1232','2017-02-27 22:13:59','ck1232','2017-03-01 00:08:31','N'),(6273,'WOODHOUSE FURNITURE & CONSTRUCTION PTE LTD','2017-01-17',50.00,'PENDING',0,'ck1232','2017-02-26 23:49:19','ck1232','2017-03-01 00:08:31','N'),(6274,'WOODHOUSE FURNITURE & CONSTRUCTION PTE LTD','2017-02-09',170.00,'PENDING',0,'ck1232','2017-02-26 23:49:19','ck1232','2017-03-01 00:08:31','N');
/*!40000 ALTER TABLE `invoice` ENABLE KEYS */;
UNLOCK TABLES;

--
-- Table structure for table `invoice_grant`
--

DROP TABLE IF EXISTS `invoice_grant`;
/*!40101 SET @saved_cs_client     = @@character_set_client */;
/*!40101 SET character_set_client = utf8 */;
CREATE TABLE `invoice_grant` (
  `grant_id` int(11) NOT NULL AUTO_INCREMENT,
  `organisation` varchar(255) NOT NULL,
  `grant_date` date NOT NULL,
  `total_amt` decimal(8,2) NOT NULL,
  `status` varchar(255) NOT NULL,
  `created_by` varchar(255) NOT NULL,
  `created_on` datetime NOT NULL DEFAULT CURRENT_TIMESTAMP,
  `updated_by` varchar(255) NOT NULL,
  `updated_on` datetime NOT NULL DEFAULT CURRENT_TIMESTAMP,
  `delete_ind` char(1) NOT NULL DEFAULT 'N',
  `version` int(5) NOT NULL DEFAULT '1',
  PRIMARY KEY (`grant_id`)
) ENGINE=InnoDB AUTO_INCREMENT=6 DEFAULT CHARSET=latin1;
/*!40101 SET character_set_client = @saved_cs_client */;

--
-- Dumping data for table `invoice_grant`
--

LOCK TABLES `invoice_grant` WRITE;
/*!40000 ALTER TABLE `invoice_grant` DISABLE KEYS */;
INSERT INTO `invoice_grant` VALUES (1,'IRAS','2017-01-05',533.83,'PAID','euphona','2017-03-01 00:07:42','euphona','2017-04-14 14:41:35','N',2),(2,'ck','2017-04-26',300.00,'PAID','euphona','2017-04-14 15:16:49','euphona','2017-04-19 22:12:42','N',2),(3,'janice','2017-04-27',5000.00,'PAID','euphona','2017-04-14 15:23:33','euphona','2017-04-19 22:26:50','N',2),(4,'janice','2017-04-27',600.00,'PAID','euphona','2017-04-14 15:25:11','euphona','2017-04-14 15:25:41','N',2),(5,'IRAS','2017-04-20',200.00,'PENDING','euphona','2017-04-21 22:49:56','euphona','2017-04-21 22:49:56','Y',1);
/*!40000 ALTER TABLE `invoice_grant` ENABLE KEYS */;
UNLOCK TABLES;

--
-- Table structure for table `menu_items`
--

DROP TABLE IF EXISTS `menu_items`;
/*!40101 SET @saved_cs_client     = @@character_set_client */;
/*!40101 SET character_set_client = utf8 */;
CREATE TABLE `menu_items` (
  `item_id` int(11) NOT NULL AUTO_INCREMENT,
  `name` varchar(255) NOT NULL,
  `category_id` int(11) DEFAULT NULL,
  `display_ind` char(1) NOT NULL DEFAULT 'N',
  `parent_id` int(11) DEFAULT NULL,
  `href` varchar(512) DEFAULT NULL,
  `sequence` int(3) NOT NULL DEFAULT '0',
  `version` int(5) NOT NULL,
  `created_by` varchar(255) NOT NULL,
  `created_on` datetime NOT NULL DEFAULT CURRENT_TIMESTAMP,
  `updated_by` varchar(255) NOT NULL,
  `updated_on` datetime NOT NULL DEFAULT CURRENT_TIMESTAMP,
  `delete_ind` char(1) NOT NULL DEFAULT 'N',
  PRIMARY KEY (`item_id`)
) ENGINE=InnoDB DEFAULT CHARSET=latin1;
/*!40101 SET character_set_client = @saved_cs_client */;

--
-- Dumping data for table `menu_items`
--

LOCK TABLES `menu_items` WRITE;
/*!40000 ALTER TABLE `menu_items` DISABLE KEYS */;
/*!40000 ALTER TABLE `menu_items` ENABLE KEYS */;
UNLOCK TABLES;

--
-- Table structure for table `module`
--

DROP TABLE IF EXISTS `module`;
/*!40101 SET @saved_cs_client     = @@character_set_client */;
/*!40101 SET character_set_client = utf8 */;
CREATE TABLE `module` (
  `module_id` int(11) NOT NULL AUTO_INCREMENT,
  `module_name` varchar(255) NOT NULL,
  `icon` varchar(45) DEFAULT NULL,
  `version` int(5) NOT NULL DEFAULT '1',
  `created_by` varchar(255) NOT NULL,
  `created_on` datetime NOT NULL DEFAULT CURRENT_TIMESTAMP,
  `updated_by` varchar(255) NOT NULL,
  `updated_on` datetime NOT NULL DEFAULT CURRENT_TIMESTAMP,
  `delete_ind` char(1) NOT NULL DEFAULT 'N',
  PRIMARY KEY (`module_id`)
) ENGINE=InnoDB AUTO_INCREMENT=17 DEFAULT CHARSET=latin1;
/*!40101 SET character_set_client = @saved_cs_client */;

--
-- Dumping data for table `module`
--

LOCK TABLES `module` WRITE;
/*!40000 ALTER TABLE `module` DISABLE KEYS */;
INSERT INTO `module` VALUES (1,'Admin Management','fa-users',0,'','0000-00-00 00:00:00','','0000-00-00 00:00:00','N'),(5,'Product management','fa-users',0,'','0000-00-00 00:00:00','','0000-00-00 00:00:00','N'),(6,'Promotion Management','fa-users',0,'','0000-00-00 00:00:00','','0000-00-00 00:00:00','N'),(7,'Customer Management','fa-users',1,'euphona','2016-11-15 21:23:46','euphona','2016-11-15 21:23:46','N'),(8,'Batch Management','fa-users',1,'euphona','2016-11-26 20:11:59','euphona','2016-11-26 20:11:59','N'),(9,'Inventory Management','fa-users',1,'euphona','2017-01-05 21:16:30','euphona','2017-01-05 21:16:30','N'),(10,'Demo Management','fa-users',1,'euphona','2017-02-25 16:39:47','euphona','2017-02-25 16:39:47','N'),(11,'Invoice Management','fa-users',1,'euphona','2017-02-27 10:31:46','euphona','2017-02-27 10:31:53','N'),(12,'Expense Management','fa-users',1,'euphona','2017-03-05 15:47:20','euphona','2017-03-05 15:47:20','N'),(13,'Salary & Bonus Management','fa-users',1,'euphona','2017-03-11 10:52:41','euphona','2017-03-11 22:42:22','N'),(14,'Employee Management','fa-users',1,'euphona','2017-03-12 17:44:25','euphona','2017-03-12 17:44:25','N'),(15,'Cheque Management','fa-users',1,'euphona','2017-04-05 21:45:02','euphona','2017-04-05 21:45:02','N'),(16,'Report Management','fa-users',1,'euphona','2017-04-07 21:58:46','euphona','2017-04-07 21:58:46','N');
/*!40000 ALTER TABLE `module` ENABLE KEYS */;
UNLOCK TABLES;

--
-- Table structure for table `payment_detail`
--

DROP TABLE IF EXISTS `payment_detail`;
/*!40101 SET @saved_cs_client     = @@character_set_client */;
/*!40101 SET character_set_client = utf8 */;
CREATE TABLE `payment_detail` (
  `payment_detail_id` int(11) NOT NULL AUTO_INCREMENT,
  `payment_date` date NOT NULL,
  `payment_mode` int(11) NOT NULL,
  `payment_amt` decimal(8,2) NOT NULL DEFAULT '0.00',
  `cheque_id` varchar(45) DEFAULT NULL,
  `version` int(5) NOT NULL DEFAULT '1',
  `created_by` varchar(255) NOT NULL,
  `created_on` datetime NOT NULL DEFAULT CURRENT_TIMESTAMP,
  `updated_by` varchar(255) NOT NULL,
  `updated_on` datetime NOT NULL DEFAULT CURRENT_TIMESTAMP,
  `delete_ind` char(1) NOT NULL DEFAULT 'N',
  PRIMARY KEY (`payment_detail_id`)
) ENGINE=InnoDB AUTO_INCREMENT=64 DEFAULT CHARSET=latin1;
/*!40101 SET character_set_client = @saved_cs_client */;

--
-- Dumping data for table `payment_detail`
--

LOCK TABLES `payment_detail` WRITE;
/*!40000 ALTER TABLE `payment_detail` DISABLE KEYS */;
INSERT INTO `payment_detail` VALUES (3,'2017-03-05',1,8.00,NULL,0,'euphona','2017-03-06 20:53:10','euphona','2017-03-06 20:53:10','N'),(4,'2017-03-06',2,7.00,'3',0,'euphona','2017-03-06 20:53:27','euphona','2017-03-06 20:53:27','N'),(5,'2017-03-08',1,10.00,NULL,0,'euphona','2017-03-06 22:24:18','euphona','2017-03-06 22:24:18','N'),(6,'2017-03-07',1,956.00,NULL,0,'euphona','2017-03-07 20:41:47','euphona','2017-03-07 20:41:47','N'),(7,'2017-03-07',2,3310.00,'4',0,'euphona','2017-03-07 20:41:47','euphona','2017-03-07 20:41:47','N'),(8,'2017-03-07',1,946.00,NULL,0,'euphona','2017-03-07 20:51:30','euphona','2017-03-07 20:51:30','N'),(9,'2017-03-13',1,800.00,NULL,0,'euphona','2017-03-07 22:51:00','euphona','2017-03-07 22:51:00','N'),(10,'2017-03-13',2,13079.00,'5',0,'euphona','2017-03-07 22:51:00','euphona','2017-03-07 22:51:00','N'),(11,'2017-03-14',1,10.00,NULL,0,'euphona','2017-03-07 22:54:27','euphona','2017-03-07 22:54:27','N'),(12,'2017-03-14',2,10.00,'6',0,'euphona','2017-03-07 22:54:27','euphona','2017-03-07 22:54:27','N'),(13,'2017-03-09',1,100.00,NULL,0,'euphona','2017-03-09 22:50:00','euphona','2017-03-09 22:50:00','N'),(15,'2017-03-28',1,100.00,NULL,0,'euphona','2017-03-09 23:22:49','euphona','2017-03-09 23:22:49','N'),(16,'2017-03-01',2,2500.00,'7',0,'euphona','2017-03-13 16:45:33','euphona','2017-03-13 16:45:33','N'),(18,'2017-03-01',1,2500.00,NULL,0,'euphona','2017-03-13 17:57:18','euphona','2017-03-13 17:57:18','N'),(24,'2017-03-15',1,540.00,NULL,1,'ck1232','2017-03-28 23:36:07','ck1232','2017-03-28 23:36:07','N'),(25,'2017-03-22',2,725.00,'1',1,'ck1232','2017-03-28 23:50:15','ck1232','2017-03-28 23:50:15','N'),(26,'2017-03-15',2,500.00,'2',1,'ck1232','2017-03-28 23:52:51','ck1232','2017-03-28 23:52:51','N'),(27,'2017-04-26',2,100.00,'8',1,'euphona','2017-04-06 23:52:39','euphona','2017-04-06 23:52:39','N'),(28,'2017-04-12',1,2530.00,NULL,1,'euphona','2017-04-14 14:31:21','euphona','2017-04-14 14:31:21','N'),(29,'2017-04-12',1,500.00,NULL,1,'euphona','2017-04-14 14:41:35','euphona','2017-04-14 14:41:35','N'),(30,'2017-04-12',2,33.83,'10',1,'euphona','2017-04-14 14:41:35','euphona','2017-04-14 14:41:35','N'),(31,'2017-04-28',1,600.00,NULL,1,'euphona','2017-04-14 15:25:41','euphona','2017-04-14 15:25:41','N'),(32,'2017-04-19',1,50.00,NULL,1,'euphona','2017-04-16 22:44:38','euphona','2017-04-16 22:44:38','N'),(33,'2017-04-19',2,50.00,'11',1,'euphona','2017-04-16 22:44:38','euphona','2017-04-16 22:44:38','N'),(40,'2017-04-12',1,50.00,NULL,1,'euphona','2017-04-19 21:54:35','euphona','2017-04-19 21:54:35','N'),(41,'2017-04-12',2,25.00,'14',1,'euphona','2017-04-19 21:54:35','euphona','2017-04-19 21:54:35','N'),(42,'2017-04-12',3,25.00,NULL,1,'euphona','2017-04-19 21:54:35','euphona','2017-04-19 21:54:35','N'),(43,'2017-04-27',1,100.00,NULL,1,'euphona','2017-04-19 22:12:41','euphona','2017-04-19 22:12:41','N'),(44,'2017-04-27',2,100.00,'15',1,'euphona','2017-04-19 22:12:41','euphona','2017-04-19 22:12:41','N'),(45,'2017-04-27',5,100.00,NULL,1,'euphona','2017-04-19 22:12:41','euphona','2017-04-19 22:12:41','N'),(46,'2017-04-21',1,400.00,NULL,1,'euphona','2017-04-19 22:19:13','euphona','2017-04-19 22:19:13','N'),(47,'2017-04-21',2,209.00,'16',1,'euphona','2017-04-19 22:19:13','euphona','2017-04-19 22:19:13','N'),(48,'2017-04-21',5,200.00,NULL,1,'euphona','2017-04-19 22:19:13','euphona','2017-04-19 22:19:13','N'),(49,'2017-04-27',5,5000.00,NULL,1,'euphona','2017-04-19 22:26:49','euphona','2017-04-19 22:26:49','N'),(50,'2017-01-25',1,1770.00,NULL,1,'euphona','2017-04-19 22:27:52','euphona','2017-04-19 22:27:52','N'),(51,'2017-02-09',5,1270.00,NULL,1,'euphona','2017-04-19 22:29:54','euphona','2017-04-19 22:29:54','N'),(52,'2017-04-20',1,500.00,NULL,1,'euphona','2017-04-19 22:32:42','euphona','2017-04-19 22:32:42','N'),(53,'2017-04-20',3,500.00,NULL,1,'euphona','2017-04-19 22:32:42','euphona','2017-04-19 22:32:42','N'),(54,'2017-04-19',2,100.00,'17',1,'euphona','2017-04-21 23:31:07','euphona','2017-04-21 23:31:07','N'),(55,'2017-04-12',3,7.00,NULL,1,'euphona','2017-04-23 22:00:33','euphona','2017-04-23 22:00:33','N'),(56,'2017-04-08',1,810.00,NULL,1,'euphona','2017-04-23 22:36:59','euphona','2017-04-23 22:36:59','N'),(57,'2017-04-08',2,2500.00,'18',1,'euphona','2017-04-23 22:36:59','euphona','2017-04-23 22:36:59','N'),(58,'2017-04-12',1,50.00,NULL,1,'euphona','2017-04-23 23:27:06','euphona','2017-04-23 23:27:06','N'),(59,'2017-04-05',1,725.00,NULL,1,'euphona','2017-04-23 23:33:40','euphona','2017-04-23 23:33:40','N'),(60,'2017-04-21',1,500.00,NULL,1,'euphona','2017-04-23 23:40:17','euphona','2017-04-23 23:40:17','N'),(61,'2017-03-31',1,2500.00,NULL,1,'euphona','2017-04-23 23:43:32','euphona','2017-04-23 23:43:32','N'),(62,'2017-04-19',3,2606.00,NULL,1,'euphona','2017-04-25 23:05:20','euphona','2017-04-25 23:05:20','N'),(63,'2017-04-19',3,2606.00,NULL,1,'euphona','2017-04-25 23:05:20','euphona','2017-04-25 23:05:20','N');
/*!40000 ALTER TABLE `payment_detail` ENABLE KEYS */;
UNLOCK TABLES;

--
-- Table structure for table `payment_mode`
--

DROP TABLE IF EXISTS `payment_mode`;
/*!40101 SET @saved_cs_client     = @@character_set_client */;
/*!40101 SET character_set_client = utf8 */;
CREATE TABLE `payment_mode` (
  `payment_mode_id` int(11) NOT NULL AUTO_INCREMENT,
  `payment_mode` varchar(255) NOT NULL,
  PRIMARY KEY (`payment_mode_id`),
  UNIQUE KEY `payment_mode_UNIQUE` (`payment_mode`)
) ENGINE=InnoDB AUTO_INCREMENT=6 DEFAULT CHARSET=latin1;
/*!40101 SET character_set_client = @saved_cs_client */;

--
-- Dumping data for table `payment_mode`
--

LOCK TABLES `payment_mode` WRITE;
/*!40000 ALTER TABLE `payment_mode` DISABLE KEYS */;
INSERT INTO `payment_mode` VALUES (4,'Bad Debt'),(1,'Cash'),(2,'Cheque'),(5,'GIRO'),(3,'Pay By Director');
/*!40000 ALTER TABLE `payment_mode` ENABLE KEYS */;
UNLOCK TABLES;

--
-- Table structure for table `payment_rs`
--

DROP TABLE IF EXISTS `payment_rs`;
/*!40101 SET @saved_cs_client     = @@character_set_client */;
/*!40101 SET character_set_client = utf8 */;
CREATE TABLE `payment_rs` (
  `payment_rs_id` int(11) NOT NULL AUTO_INCREMENT,
  `reference_type` varchar(255) NOT NULL,
  `reference_id` int(11) NOT NULL,
  `payment_detail_id` int(11) NOT NULL,
  `version` int(5) NOT NULL DEFAULT '1',
  `created_by` varchar(255) NOT NULL,
  `created_on` datetime NOT NULL DEFAULT CURRENT_TIMESTAMP,
  `updated_by` varchar(255) NOT NULL,
  `updated_on` datetime NOT NULL DEFAULT CURRENT_TIMESTAMP,
  `delete_ind` char(1) NOT NULL DEFAULT 'N',
  PRIMARY KEY (`payment_rs_id`)
) ENGINE=InnoDB AUTO_INCREMENT=78 DEFAULT CHARSET=latin1;
/*!40101 SET character_set_client = @saved_cs_client */;

--
-- Dumping data for table `payment_rs`
--

LOCK TABLES `payment_rs` WRITE;
/*!40000 ALTER TABLE `payment_rs` DISABLE KEYS */;
INSERT INTO `payment_rs` VALUES (1,'expense',2,3,0,'euphona','2017-03-06 20:53:29','euphona','2017-03-06 20:53:29','N'),(2,'expense',3,3,0,'euphona','2017-03-06 20:53:29','euphona','2017-03-06 20:53:29','N'),(3,'expense',2,4,0,'euphona','2017-03-06 20:53:30','euphona','2017-03-06 20:53:30','N'),(4,'expense',3,4,0,'euphona','2017-03-06 20:53:30','euphona','2017-03-06 20:53:30','N'),(5,'expense',1,5,0,'euphona','2017-03-06 22:24:18','euphona','2017-03-06 22:24:18','N'),(6,'invoice',5354,6,0,'euphona','2017-03-07 20:41:47','euphona','2017-03-07 20:41:47','N'),(7,'invoice',6246,6,0,'euphona','2017-03-07 20:41:47','euphona','2017-03-07 20:41:47','N'),(8,'invoice',6247,6,0,'euphona','2017-03-07 20:41:48','euphona','2017-03-07 20:41:48','N'),(9,'invoice',5354,7,0,'euphona','2017-03-07 20:41:48','euphona','2017-03-07 20:41:48','N'),(10,'invoice',6246,7,0,'euphona','2017-03-07 20:41:48','euphona','2017-03-07 20:41:48','N'),(11,'invoice',6247,7,0,'euphona','2017-03-07 20:41:48','euphona','2017-03-07 20:41:48','N'),(12,'invoice',6248,8,0,'euphona','2017-03-07 20:51:30','euphona','2017-03-07 20:51:30','N'),(13,'invoice',6250,9,0,'euphona','2017-03-07 22:51:00','euphona','2017-03-07 22:51:00','N'),(14,'invoice',6249,9,0,'euphona','2017-03-07 22:51:01','euphona','2017-03-07 22:51:01','N'),(15,'invoice',6250,10,0,'euphona','2017-03-07 22:51:01','euphona','2017-03-07 22:51:01','N'),(16,'invoice',6249,10,0,'euphona','2017-03-07 22:51:01','euphona','2017-03-07 22:51:01','N'),(17,'expense',5,11,0,'euphona','2017-03-07 22:54:27','euphona','2017-03-07 22:54:27','N'),(18,'expense',5,12,0,'euphona','2017-03-07 22:54:27','euphona','2017-03-07 22:54:27','N'),(19,'expense',11,13,0,'euphona','2017-03-09 22:50:00','euphona','2017-03-09 22:50:00','N'),(21,'expense',13,15,0,'euphona','2017-03-09 23:22:49','euphona','2017-03-09 23:22:49','N'),(22,'salary',1,16,0,'euphona','2017-03-13 16:45:33','euphona','2017-03-13 16:45:33','N'),(27,'salary',2,18,0,'euphona','2017-03-13 17:57:18','euphona','2017-03-13 17:57:18','N'),(28,'invoice',6251,24,1,'ck1232','2017-03-28 23:36:09','ck1232','2017-03-28 23:36:09','N'),(29,'invoice',6252,25,1,'ck1232','2017-03-28 23:50:15','ck1232','2017-03-28 23:50:15','N'),(30,'expense',14,26,1,'ck1232','2017-03-28 23:52:51','ck1232','2017-03-28 23:52:51','N'),(31,'bonus',3,27,1,'euphona','2017-04-06 23:52:39','euphona','2017-04-06 23:52:39','N'),(32,'invoice',6253,28,1,'euphona','2017-04-14 14:31:21','euphona','2017-04-14 14:31:21','N'),(33,'grant',1,29,1,'euphona','2017-04-14 14:41:35','euphona','2017-04-14 14:41:35','N'),(34,'grant',1,30,1,'euphona','2017-04-14 14:41:35','euphona','2017-04-14 14:41:35','N'),(35,'grant',4,31,1,'euphona','2017-04-14 15:25:41','euphona','2017-04-14 15:25:41','N'),(36,'expense',16,32,1,'euphona','2017-04-16 22:44:38','euphona','2017-04-16 22:44:38','N'),(37,'expense',16,33,1,'euphona','2017-04-16 22:44:38','euphona','2017-04-16 22:44:38','N'),(38,'expense',9,40,1,'euphona','2017-04-19 21:54:35','euphona','2017-04-19 21:54:35','N'),(39,'expense',9,41,1,'euphona','2017-04-19 21:54:35','euphona','2017-04-19 21:54:35','N'),(40,'expense',9,42,1,'euphona','2017-04-19 21:54:35','euphona','2017-04-19 21:54:35','N'),(41,'grant',2,43,1,'euphona','2017-04-19 22:12:41','euphona','2017-04-19 22:12:41','N'),(42,'grant',2,44,1,'euphona','2017-04-19 22:12:42','euphona','2017-04-19 22:12:42','N'),(43,'grant',2,45,1,'euphona','2017-04-19 22:12:42','euphona','2017-04-19 22:12:42','N'),(44,'invoice',6258,46,1,'euphona','2017-04-19 22:19:13','euphona','2017-04-19 22:19:13','N'),(45,'invoice',6259,46,1,'euphona','2017-04-19 22:19:13','euphona','2017-04-19 22:19:13','N'),(46,'invoice',6256,46,1,'euphona','2017-04-19 22:19:13','euphona','2017-04-19 22:19:13','N'),(47,'invoice',6257,46,1,'euphona','2017-04-19 22:19:13','euphona','2017-04-19 22:19:13','N'),(48,'invoice',6258,47,1,'euphona','2017-04-19 22:19:13','euphona','2017-04-19 22:19:13','N'),(49,'invoice',6259,47,1,'euphona','2017-04-19 22:19:13','euphona','2017-04-19 22:19:13','N'),(50,'invoice',6256,47,1,'euphona','2017-04-19 22:19:13','euphona','2017-04-19 22:19:13','N'),(51,'invoice',6257,47,1,'euphona','2017-04-19 22:19:13','euphona','2017-04-19 22:19:13','N'),(52,'invoice',6258,48,1,'euphona','2017-04-19 22:19:13','euphona','2017-04-19 22:19:13','N'),(53,'invoice',6259,48,1,'euphona','2017-04-19 22:19:13','euphona','2017-04-19 22:19:13','N'),(54,'invoice',6256,48,1,'euphona','2017-04-19 22:19:13','euphona','2017-04-19 22:19:13','N'),(55,'invoice',6257,48,1,'euphona','2017-04-19 22:19:13','euphona','2017-04-19 22:19:13','N'),(56,'grant',3,49,1,'euphona','2017-04-19 22:26:50','euphona','2017-04-19 22:26:50','N'),(57,'invoice',6260,50,1,'euphona','2017-04-19 22:27:52','euphona','2017-04-19 22:27:52','N'),(58,'invoice',6255,50,1,'euphona','2017-04-19 22:27:52','euphona','2017-04-19 22:27:52','N'),(59,'invoice',6262,51,1,'euphona','2017-04-19 22:29:54','euphona','2017-04-19 22:29:54','N'),(60,'invoice',6261,51,1,'euphona','2017-04-19 22:29:54','euphona','2017-04-19 22:29:54','N'),(61,'expense',14,52,1,'euphona','2017-04-19 22:32:42','euphona','2017-04-19 22:32:42','N'),(62,'expense',14,53,1,'euphona','2017-04-19 22:32:42','euphona','2017-04-19 22:32:42','N'),(63,'expense',6,54,1,'euphona','2017-04-21 23:31:07','euphona','2017-04-21 23:31:07','N'),(64,'expense',2,55,1,'euphona','2017-04-23 22:00:33','euphona','2017-04-23 22:00:33','N'),(65,'expense',3,55,1,'euphona','2017-04-23 22:00:33','euphona','2017-04-23 22:00:33','N'),(66,'invoice',6247,56,1,'euphona','2017-04-23 22:36:59','euphona','2017-04-23 22:36:59','N'),(67,'invoice',6246,56,1,'euphona','2017-04-23 22:36:59','euphona','2017-04-23 22:36:59','N'),(68,'invoice',5354,56,1,'euphona','2017-04-23 22:36:59','euphona','2017-04-23 22:36:59','N'),(69,'invoice',6247,57,1,'euphona','2017-04-23 22:36:59','euphona','2017-04-23 22:36:59','N'),(70,'invoice',6246,57,1,'euphona','2017-04-23 22:36:59','euphona','2017-04-23 22:36:59','N'),(71,'invoice',5354,57,1,'euphona','2017-04-23 22:36:59','euphona','2017-04-23 22:36:59','N'),(72,'expense',16,58,1,'euphona','2017-04-23 23:27:06','euphona','2017-04-23 23:27:06','N'),(73,'invoice',6252,59,1,'euphona','2017-04-23 23:33:40','euphona','2017-04-23 23:33:40','N'),(74,'expense',14,60,1,'euphona','2017-04-23 23:40:17','euphona','2017-04-23 23:40:17','N'),(75,'salary',1,61,1,'euphona','2017-04-23 23:43:32','euphona','2017-04-23 23:43:32','N'),(76,'salary',4,62,1,'euphona','2017-04-25 23:05:20','euphona','2017-04-25 23:05:20','N'),(77,'bonus',2,62,1,'euphona','2017-04-25 23:05:20','euphona','2017-04-25 23:05:20','N');
/*!40000 ALTER TABLE `payment_rs` ENABLE KEYS */;
UNLOCK TABLES;

--
-- Table structure for table `product`
--

DROP TABLE IF EXISTS `product`;
/*!40101 SET @saved_cs_client     = @@character_set_client */;
/*!40101 SET character_set_client = utf8 */;
CREATE TABLE `product` (
  `product_id` int(11) NOT NULL AUTO_INCREMENT,
  `product_name` varchar(255) NOT NULL,
  `unit_amt` decimal(8,2) NOT NULL DEFAULT '0.00',
  `weight` int(6) NOT NULL DEFAULT '0',
  `sub_category_id` int(11) DEFAULT NULL,
  `description` varchar(1000) DEFAULT NULL,
  `product_code` varchar(10) NOT NULL,
  `paypay_id` varchar(255) DEFAULT NULL,
  `version` int(5) NOT NULL DEFAULT '1',
  `created_by` varchar(255) NOT NULL,
  `created_on` datetime NOT NULL DEFAULT CURRENT_TIMESTAMP,
  `updated_by` varchar(255) NOT NULL,
  `updated_on` datetime NOT NULL DEFAULT CURRENT_TIMESTAMP,
  `delete_ind` char(1) NOT NULL DEFAULT 'N',
  PRIMARY KEY (`product_id`)
) ENGINE=InnoDB AUTO_INCREMENT=26 DEFAULT CHARSET=latin1;
/*!40101 SET character_set_client = @saved_cs_client */;

--
-- Dumping data for table `product`
--

LOCK TABLES `product` WRITE;
/*!40000 ALTER TABLE `product` DISABLE KEYS */;
INSERT INTO `product` VALUES (17,'1',0.00,0,NULL,NULL,'',NULL,1,'ck1232','2016-11-23 22:02:02','ck1232','2016-11-23 22:02:02','Y'),(18,'testing',123.00,500,2,NULL,'',NULL,0,'ck1232','2017-02-28 22:29:59','ck1232','2016-11-23 22:02:02','Y'),(19,'testing1',23.00,23,3,NULL,'',NULL,0,'ck1232','2017-02-28 22:29:59','ck1232','2016-11-23 22:02:02','Y'),(20,'testing1',23.00,23,3,NULL,'',NULL,0,'ck1232','2017-02-28 22:29:59','ck1232','2016-11-23 22:02:02','Y'),(21,'testing1',23.00,23,3,NULL,'',NULL,0,'ck1232','2017-02-28 22:29:59','ck1232','2016-11-23 22:02:02','Y'),(22,'testing',123.00,456,2,NULL,'esting1','P3SXMRT7JA672',1,'ck1232','2017-02-28 22:29:59','euphona','2017-02-22 22:15:37','N'),(23,'product3',100.00,1,2,NULL,'Iphone1',NULL,1,'ck1232','2017-02-28 22:29:59','ck1232','2017-02-26 23:21:14','Y'),(24,'Iphone',512.00,26,2,NULL,'Iphone',NULL,1,'ck1232','2017-02-28 22:29:59','ck1232','2017-02-26 23:20:46','N'),(25,'IPHONE',12.00,123,2,NULL,'test','7WY8XKT8FR58J',1,'ck1232','2017-02-28 22:29:59','ck1232','2017-02-28 22:54:21','N');
/*!40000 ALTER TABLE `product` ENABLE KEYS */;
UNLOCK TABLES;

--
-- Table structure for table `product_category`
--

DROP TABLE IF EXISTS `product_category`;
/*!40101 SET @saved_cs_client     = @@character_set_client */;
/*!40101 SET character_set_client = utf8 */;
CREATE TABLE `product_category` (
  `category_id` int(11) NOT NULL AUTO_INCREMENT,
  `category_name` varchar(255) NOT NULL,
  `is_parent` char(1) NOT NULL DEFAULT 'N',
  `display_ind` char(1) DEFAULT 'Y',
  `version` int(5) NOT NULL DEFAULT '1',
  `created_by` varchar(255) NOT NULL,
  `created_on` datetime NOT NULL DEFAULT CURRENT_TIMESTAMP,
  `updated_by` varchar(255) NOT NULL,
  `updated_on` datetime NOT NULL DEFAULT CURRENT_TIMESTAMP,
  `delete_ind` char(1) NOT NULL DEFAULT 'N',
  PRIMARY KEY (`category_id`)
) ENGINE=InnoDB AUTO_INCREMENT=5 DEFAULT CHARSET=latin1;
/*!40101 SET character_set_client = @saved_cs_client */;

--
-- Dumping data for table `product_category`
--

LOCK TABLES `product_category` WRITE;
/*!40000 ALTER TABLE `product_category` DISABLE KEYS */;
INSERT INTO `product_category` VALUES (1,'light bulb','Y','Y',0,'','0000-00-00 00:00:00','','0000-00-00 00:00:00','N'),(2,'hel','Y','Y',0,'','0000-00-00 00:00:00','','0000-00-00 00:00:00','Y'),(3,'testing','Y','Y',0,'','0000-00-00 00:00:00','','0000-00-00 00:00:00','N'),(4,'lamp','Y','N',1,'','0000-00-00 00:00:00','euphona','2017-06-08 21:14:06','N');
/*!40000 ALTER TABLE `product_category` ENABLE KEYS */;
UNLOCK TABLES;

--
-- Table structure for table `product_discount_rs`
--

DROP TABLE IF EXISTS `product_discount_rs`;
/*!40101 SET @saved_cs_client     = @@character_set_client */;
/*!40101 SET character_set_client = utf8 */;
CREATE TABLE `product_discount_rs` (
  `product_discount_rs_id` int(11) NOT NULL AUTO_INCREMENT,
  `discount_id` int(11) NOT NULL,
  `product_id` int(11) NOT NULL,
  `discount_amt` decimal(8,2) NOT NULL DEFAULT '0.00',
  `version` int(5) NOT NULL DEFAULT '1',
  `created_by` varchar(255) NOT NULL,
  `created_on` datetime NOT NULL DEFAULT CURRENT_TIMESTAMP,
  `updated_by` varchar(255) NOT NULL,
  `updated_on` datetime NOT NULL DEFAULT CURRENT_TIMESTAMP,
  `delete_ind` char(1) NOT NULL DEFAULT 'N',
  PRIMARY KEY (`product_discount_rs_id`)
) ENGINE=InnoDB DEFAULT CHARSET=latin1;
/*!40101 SET character_set_client = @saved_cs_client */;

--
-- Dumping data for table `product_discount_rs`
--

LOCK TABLES `product_discount_rs` WRITE;
/*!40000 ALTER TABLE `product_discount_rs` DISABLE KEYS */;
/*!40000 ALTER TABLE `product_discount_rs` ENABLE KEYS */;
UNLOCK TABLES;

--
-- Table structure for table `product_image`
--

DROP TABLE IF EXISTS `product_image`;
/*!40101 SET @saved_cs_client     = @@character_set_client */;
/*!40101 SET character_set_client = utf8 */;
CREATE TABLE `product_image` (
  `product_image_id` int(11) NOT NULL AUTO_INCREMENT,
  `product_id` int(11) NOT NULL,
  `image_name` varchar(255) NOT NULL,
  `image` mediumblob NOT NULL,
  `sequence` int(2) NOT NULL DEFAULT '1',
  `thumb_nail_image` mediumblob,
  `file_type` varchar(255) DEFAULT NULL,
  `display_ind` char(1) DEFAULT 'Y',
  `version` int(5) NOT NULL DEFAULT '1',
  `created_by` varchar(255) NOT NULL,
  `created_on` datetime NOT NULL DEFAULT CURRENT_TIMESTAMP,
  `updated_by` varchar(255) NOT NULL,
  `updated_on` datetime NOT NULL DEFAULT CURRENT_TIMESTAMP,
  `delete_ind` char(1) NOT NULL DEFAULT 'N',
  PRIMARY KEY (`product_image_id`)
) ENGINE=InnoDB AUTO_INCREMENT=8 DEFAULT CHARSET=latin1;
/*!40101 SET character_set_client = @saved_cs_client */;

--
-- Dumping data for table `product_image`
--

LOCK TABLES `product_image` WRITE;
/*!40000 ALTER TABLE `product_image` DISABLE KEYS */;
INSERT INTO `product_image` VALUES (3,17,'0.jpg','\\\0JFIF\0\0\0\0\0\0\\0C\0		\n\r\Z\Z $.\' \",#(7),01444\'9=82<.342\\0C			\r\r2!!22222222222222222222222222222222222222222222222222\05?\"\0\\0\0\0\0\0\0\0\0\0\0\0	\n\\0\0\0\0}\0!1AQa\"q2#BR\$3br	\n\Z%&\'()*456789:CDEFGHIJSTUVWXYZcdefghijstuvwxyz\\\\\\\\\\\\\\\\\\\\\\\\\\\\\\0\0\0\0\0\0\0\0	\n\\0\0\0w\0!1AQaq\"2B	#3Rbr\\n$4\%\Z&\'()*56789:CDEFGHIJSTUVWXYZcdefghijstuvwxyz\\\\\\\\\\\\\\\\\\\\\\\\\\\\\0\0\0?\0n3FW?zlU\.[\w1Jx8?J 4sSG\mi]G8j,7l\\W\;\=F)\=q\\jvy#$|\\^\]{@2\M$\SR{6z\S`	\v[p8D@\\>\iw!\i\z\\\z/k_nW\\$Lbt\=*Z\MJ\w\0J\9Q\k5;J7\\{yo{r[\\^|\-YI@\9Z\L\n\mu\I\f\\~54mx<\qn \T@ >%`j5\'${\L~<1\0;3\JBH\?^\\a=^iJ\\\H\\x\0\m >)r\i2ps\\\r\r^\d$#[<sNTE\\0\JW\\e\<b*}+\dAg\\>\\Dh9	\z*p~5@G!S r1S\.2I\1[Y9\Rg>5\6g9	8L[zqc9\\U\HO\\sRZ\0R\0\08x8h\q\N(\0BH#i\~T\cN\S\\4<<zN\0\\F!\\Z\t\\]&\n\\\\,Y}+#L)W\n}\\0q?:1$r\[\\/\\\\%XlA\0\Y*\dsW-A^\5\{q\zc6OuBPZ\\s,>{3f*:~tn;OO^iig\RN*E\0c\\01zx~:P3J>v}	TU\9\|\\\jLr\\=\\'n9\'>r\b>\qa\\kW\6: 1wg*bM.\\M!\Z{/Kq\Ve\ri]fe\V\jL#I\9R[\rj\7\f\[9\n\r\Y\r/&)]\W\51D\R\Q\\0_KW\eS\.(9PjP1\QE9\Z2`\\Z\\\u	+r\\>Kqoo;\^\z^t\\\\\\\/op2\q\qM\|7k!tT\^Z\\XWN\T}\=EA~h\\-WbE/\\Z\\[-Z#9\\'9h7FRDUk\#\\Z[e\\\C\i\s/Zt\\\ -yOZ4/Il\0f\08 GZ R\i\\\\G\HH\89G\u\msDaZ[G\"\}W^]\3\O\\k\t=~\TymwBye\\p\,\Q_=Q\`5}k\+j\\dU6J\\1\\\+\yb@\\#21V\\\0\A\fI9\\97V\\\\U3mnZG,=zx\0\w\\\1\	7m \y\4L\a\N\r\\x\}1qCdiA\h\r@\N9I\iiAc\\@`?U\.\\>H@\J:g\0\e\`2}^\BupK\\jzJ\\\\\Hg7\;\"K@m\In@\NM\0^CH95]=\P\<\0\<S`50zS\\'	\$\8\"y\M\G9dA\\0=\\\)\N6g\\\\\07BO=\!lz\rH\=_*NE\0Z\\~oOj.t\#-*\0JpD \0@\-\*\8\P\\'\\4\"\\_a;\\0gpAjwKy60,2E\"iOP\(e\9<)\Z`J\^pz\p\+ .,t+;p9\ny8Fs\\'/\/cy\ry=e\sV#1w\^\\"\,\\ob\p<	\	t\9\u;5u`r)2\\ZqF<U~E\ZVfIEI\o\\Zm\tD\rr2]\W4\,\h\?)~\\\n+\Z950/F\rXW\Pj\#=\\\0]\L@9\\".:\\U\'|!q1[\bNAr\r{\xhv8\zzV9rA Y\\nJ\\2qgl\W?sui/\\A\G\n\\\sZw7\Z.G/o\\\^\kY\\	we<w\2$W\\:4(\ko~[<\>S\Z\L7SYWVcnJ7#\Y\V|mO}n\\Z;\q=g+~wQ\\\27({\)?E9\O/\r*x\\\KR\G\[uitq\\r\#Wk\\zq\\\=\ef\\AvED\\\'WW<1]\REWFZ\..%k:{[\F\1kGINC\A38\6\0I}\\Z9/\Z\'\<l\Z\Z|<TWQ\\Za>\/\h\\rS\n=\\t\\\\\pA\V-cl\0RY9rps\OR$VKH1XGC\LM\OL\\>9Q$\0@v\y\)@\\5\"O8\Z\0p\\\n\E_Nzq@	\g8\\c0I\r\\^\'V\\j8=	*Ktdq\\8Vkw\y\ErCms\t\\\-W\1\Z\\\\OYwq\@A,9\"^WnA 5Q *ecg	jT7N:\"V q,Q\\ZN~cfw=irG}h@N	\N\^3jN#\0z\>29\UW\$\s@ Xr*\W#}j\4pP|\r\v^\L9\\\r1u\\>\@#<\b}>WSh`\n\\e0P\QSPm<p\'V#\P@uE(m\-n\\{\"Jv\\R*~\\0R:0m\\\|v\%t\a$zUkP\\#s@\+e6\rK+qqK+9\	5\e\BD \vgv$SQ\k\PjJQ9K\\\ =xR|`\\Z]\g\"\-!$5JBh\,\\9\CgD\>a!}\O\){n\\Z]Z+=]V2i\\\+2q\w*{\\\MFV=jf\\J\<J$q\\I\\\\\\aY\y?\\u\x\\e\qot~mX?\Zs\PA\zVUb\\Z]\E\\O\mmZ,	?CYY\&\w>,i>#x55\Zv\\0\)\*\0\\_n!N\^&l^$\F\"^1\Gq\5J\&\2\)\Zb{E;0;sWl\luM2=B\u\U\T\\r\:\1r\*y%j\\\rp\\0d\Vb]tF)nhQJ\\Er\zpG\U?\>l\go9\1\\T^B|\k9t)\\wI\"\X|fK\.StWxg\\	oq\\\+~\K\TQr)\Z:\\0(\\e=+U=\	\Dw e\\\nm6\\wR\\^\oLvi:\K\<7>\\^\-\M#Z\mJ7>yV\\r0s>ls\rt@Wj6K%[\g+\n&\dt0y\8\\Qe5\y<sRMl\~\\Q\#UY\'\\On\08\C	<T\ \:z\\"\sv@:T	Jy9 \\p	\ w\ns\=\~n\n+(4\\0\\\\0>wB ;\zRI\g{\0[\`g\\ZKi/gguxR\\Gi\,.}jtm\\VaA\Q\\	\\0^V\N\#	\\0YB\\)rjlP\{ps@{p\A&UP@\\c\\\e:Py\\X\jn	\\0?;\1eXgy9\kq:\j\\\(5\\\'T\1\\{vz\M\"r>^4;3\w)V\5i\J\0\#\0iy\\x\SU2	\\s@\RppONi\\ c8\*z\\70>*\\x=~*I\Nu#iv\\[[$LUvk\|%dT|?@I\^2zs\Oo<JCGj\0\\\wx\9k\\-.\\0zc<l>b)R)\J\4\G(\oqIYz\\&]\f@^\izh\8GZ5$J)`As^5s\sK\\0>K-v9[\1\l[\6z\2\v\Ior09\P\\\5\\M\\8\!G4\)^\vWSe8\"s_^\\0Z\\\\His\\'\\-\,%OAmCHi.Pns(\y\MW\wu\\o(\=t#\|i\Z\\$?\e?SO\Y\\a	^9QE;YX`\*>;\\\_[\E\c|\\\0k^\Ik\t4?\\411!\^\\ky\'\#\+U\\\\\\\r\\D\m^\BM\u7=\0\\\uy0\yjguys#,rxW9\bCe	rj/JG:\8k\nX{=\Dukc\Jd[T\nm/\4oi\\L329\O\\\\\a#?\F\0]H\\\`\\'y9\\\\iBD$A]4/\z\x\E\"iW\f&\)>\FFH\#)\\\\xEU\01\J\.l\dXxg =	%\^jl\qOj\T\GZ\;l0\d@8\A:p\6\9\NyDOB(\	gv\Gg\09h\N9\,\?\ H \Zp\F1B6\pyc2}\Hcs58\jP.m\"\5\\\\i;\.\9\*x\\<s\\\\\tb:T7\ZJx8\Q$zv\\0h<*c5Z6\\0\Z<P2\\	\(a[q\\|\$D;~lS\Olm\L\\2*E\\Z\0S\t\I=}h\lH\	s)r3\0:\\\:P	\)\\\\r	\8e9\0|7ozz*Pp:\0}\r\\\!\\\j\VR\Q\T\Rd<o\#\+\Q1sXWZtq\@\\=M=\y_x\0@\HNGs\j8O\grI\"KyDm^\\+\0HJR[JD\YOh\\\KD AZ?@\@ d\M\BH\Fx1\Z~9\2\\\cq=\-\r]}\\Ayc\r#4\#\\MI\\'O\ZcS\_:\Z5_X\	\^iZL\\\sM\n{\y\tCS\^p+D5\nCfVE\\0Avkg@$#|Z\u+Yf\\'|N\\\=\&Ns\d\\r\"\:PN\n^\#\Kws}\7\\\\|5OdMD;q\|vx\s\|\$lT`E&\z\QZw6LX\ZoX:40U0NkHy$\[\\oN\R>]:n9i\b&r\hm\#.3+#c>{UR6s~(u#\\\\"\"\\A\\j+<G\"Z\Z\*-\1nCHI\\T\\ZDB\5Im\k?) \u\8Ff \\7c9oZqg9@	C\#\\\-WY2I\|te\p\Z3<=H\"\Dn\n\G=\u	_\b)	\\ZO\9.F8\\1G1.\5M\z-|*2+=\"\Fkk8$s\\\\F@\"~a\oa\KFYc`>Wi\V\:\\X\1\\h(Wu\r\sRhg:Q\.\0kd\C]\Drc\0p3\z\Awd%,\+h\)p\\$\n@#Nr8T\y\0\ZJ\\=\BA*T9J#A@`q\c??w8nTly\8cq8+\T{~ 8A\i\z`zv{)s\"\mrvRZJ3(n\\r\]! ||o\&\@\Z\\[i2\'0Ien5*\U$2v\b~Q\\\x\I\E;$P\*BN\|q\ja$\0c*E\:E38\P\'S\)7=H\\\@@\;c=)\S\\$\bp	\0YS)\o\rJA\\0UI\1\0\;I\'\;)\X\q]u\0\=[:Q\Hg`29\\]em0fm\vY\r) e~}q\S\&X\D\I\Ojb,Er\\\F\0zW\K\\i|\\\nw\'\@\)vlHo\W\\k|\y4\#N&K\mU\F)\\OZx4^\+\vU^O\\nL[1\tc^\+\vE#4xf\\+\+.#5\\\\\\\K\t\\hg+\7\\"\\JAq\a\`\Ok\Q\0x\\DF%:rk\t\z\`\lr+6R>\Z\0u\j3\_J\\Yw\Gpc0}*N`;\u\'Rdj^\yU.TI\0b\0\W\B\\zr=\<)Sx\\'\\\'CF\r\-P(++\\Zv\Z\W7W4oh Mszvs\HZ\&{\,[W.:W7\\'5\"v\"8n-`qI<\'jF!\\V;a\\pOcSqT\^ZKi\r_\\4\KE9X\|\$\[FU6*\\gIaod\UX#4v2Ol\*L\\Z\B/3\u7X\n\$\SF\a[D\E@#))n\Z\\=\\|Ei}c;2rN3\0>C\SPbH\|\[\\\^\\Z7\34r\z\Z[&>\\tMj\\0\q^\?\n]z\T\'kc8|?\c.#\yqq]6A[S\*GdgrIt\c\0\\\\\r\od\5Um\nyV_M=Lm\\n41\;Z\0h\\";v\5pA2K\n\=jQ\@\aX\\\8\:\&A\';d4o\0^1\\})\0\(=NM\0*=L \q\\\1\\@S\0\r\*\M8 P}\sWVols]\"^X2 9D\0VCEwhL{S#rs\\s\)\0\\rJ\0:Pl(=*Eldu5W#\\",\\\\K$};\Z1\?T\G$\\0;\rs\4yqM\0\n\69&\wTL@<\0\\\\\\J$1LR\\9r84\0\\\=\\\"\S\\\0\g\dU\\a9\H\H\"i\+d\\6O0#g&!a/\qZ8#\F}\ri\\		*T[8\GQ\#Hr\H9\W-\\b4lg#\0j\<kn4)OJ\MF\A\J\r\Hv>\55ex\Em\"u4YY\\A\\\$z\))E+\\G{G\"^]\?\\D<W\\+H\v\Km\EuZT[\Z~iaL\NjB#T	\Z~x\\lo,0`\o\|g\Xinp-\%@_\?|QANk\<P,k p$\\P}v<Z\5-\jV\\F\Z\+\9-|+#C3B]\\"\>d>u;\\5-	\\]ZXoZCL\W0w#{=\S\\r  \r\\r\+\y%bXrIkM\0guQ\CqL\q\\\u2\v*\gk\3ex\\-n\\\^F+\Z\\nZ(q^\? \\\\F	]G\\\\O`ytmkVaq\\\.4\3\1\qW\!,d^\n]SY[e\\U$*\Gkk,xl\m)pq+y\i\\#}\z|1J,Ilq-\r\W87(\D]\6\0\\\fBj\)t4bP\*I7\2\0KV>j\5D\:b\ 3\\\=u9p\\\\"\2m~v9\\?l\\\QVdU}\}u%I\-\0?\\^Wey-R\TIm\\zO5YC:O\r\Pj\f+XZ#!$^{T~$U 8\W00>r;G}I\\%\Ym\\B,\\\*\\\\\s\9!\0u3OLn=r8S\@wS\9\\89\*]\\\"a\\i8\>\0\ny?LU`8\Z`\\N\r@\\#\0v\&MN\a@/l\A^~\]Z=9\S)^sYi:}Gc\\'\Q\Y\m1lg4\\\Lj\d|;\&\8A&\^}j$3*TlqLA \r=\ \s\\\\nJG\$\\\{\\0_cRI\\D|4\^8n3@q\#@\\\'V\'<P2q\4o<c\\9\q\@\8V\\PF\0\y\'4\0&>8\D\j2	i$\\\nii\a\b\{[t\W\\ \q\L4A\\Z,<LFFX8bb\559am#)\V(%\[\\5f1\s\\\5]\v|\[\\[<\\\_6o\\	o/M{Gm+\\P#v(\N\"\.c(\>\jz\\Z\f&d\\0S@\\?\\Rr=}i\uv\H]\Z\\K\T#;NU\=7\v:CRc\k\\5wJK7\i\\YXj\\8\2\sP\\B)(8\?J\K}*5X*\w@&\VI\X\\\rfR\|;\\pu\z\dW\^!I{\=\YoJF\\\Vw>J\\Syn^!WA\ieX\o{w@\r\\\mYIf]Yg\Z]\)\'\Z\5?\\6\'L&\z~U\Z\2f)\\rq:jR?4z\sZ\V\\n^]\\\ )\\E{d~&M?}\wye\RSzVL\@\\^\W5f\c8&Re\5&rw\\'fQoz!2\+Hl\]Z5#{j\y\u\\Z\#\\H\s!_AZw\,O@8\V8nnY\kc\~nuoO>5\K\p35\\M;F0\\\6tMn\0\y\'\\h\x\(\ p\?\I-mf)\'k\\\:`\xNK)\]6N\"\Vb<\;Xydy\e<$fe3L\N(qL&>\\/|#C\YNd\+\cV\x4U\\S\\w)\mX\2_Lr*\\l]@\\8\;;q\L\<\b8u=[OQ\o\\\fBO\$c*8?.81\R+l }(1q\\r@=\<\<\Z\0\J` vS$n\\A\If8\;\ig_\PF\c?I\]\(\Z,\n9\{fWurz\m\4\852\Iyf9\rHe\\#*r\>\UJ999d~\ZX\r*@\`8\@m\\08 \ylg\\\ c\ nPCv*O\0Zn\\\09\4)\n9>1*x\3v8S.A\\\0>by\q@\:\NV#\\)=2G`g\Z&\0$O\\9\\[\c!U:8\\B\`zROU|\K\VTNEzv\ @G\rExZ\T\\S\uEs8n=\:\\8d,c\gjZ=_\Z\Zl`\$sJ\sjv\\~\\NdWir\\,9\3^\E}\n\+a\A-X\U@|\ A>\0u9#&\\'4A\)1\\n\U\iV\0Z\\\\\=\'Ue\n\\\\,W\'\kg;I\uLR\\Zwjwx\Z1:3\\3\\7CW`z\\_\cZ0\?*.\<9|0B\\"\\#k\,.*@\\Z\b\\W=H\su7hf7st\\\@\Z\p\\\~\"o\gBZ\\EgsDrr*QjqQ\v\&3\\r\VknBR+k\Zz\'Q\`\m`itW7\\GPQXS\\\!s\#R$V\A~\\ru\P+gSjb\\4q\}kX\\R\u\+7M3]\\\;Y0>R\WC\?o\gvA?jN\I.!`e~h\/\EY8+\NiX\+uyH\}l}kG\k\ y4i\\?}\l=jY/\\p\)=\VoZ(y\":}9$\UJ\1\\+SFtqrF\re\"4\*+M\;v/z\0i\_E\Z1*>z6\}\n\9b:WZ\\0\\]/um5U]L\HqUo=In<\j\W\\P] |vpyEq1x[@JX3r1j\ZS\HQ\\f2?wGx\AbG\93R\\LFb\\?\n|~Zz\\'\0\nOJE$Z\3`d\!c\o8\'~H\\)P:\@U_JI+8	@*s&<UO\\*H\\r\9\=GOWcN\Kw,q\+#R\\UaRT\I=\m.{)>ON^Bv\e$\0U#p_F\28?7m \0j\1\08^\<R\* \3\\(3\zSA\ZQpf\Z[\r\;g\qTM\t\	J\SF\3\(\\c\\\CfNy\2rG\\\\8\\;\.\(	#\aCPy\\ZHrA\\+hI\\\.^Ioo7W-Y`\;S\hN:j7F\[V]r-\`~\0p+o\rZG\n\j\)p6m#$\KYkK\\\8<JIJm\\X^YN<@:\ p\Ham%\\K6\\]>\\G&6\\\}\\\\$\pp@\Ye2Ey\<\ctO!.\qcBa\OC|$\1\x3T\/{xd^\#G_\Z\t_.\_\\0\1\\\Z#\\\9\,g}\rQs\\C\'\P.\\x\\>\y^{h\\2\\\n{C\"\e\5U5\*d\)A\ }G\:\^B!M/Oz\\\\0Fj\>\\Iu}Eqz\j\m\V\jC|n\^\F\c\nq@s0^\\\Oq\<^\V<F@\\0XQl9\M\\\\|v[dG>\\s^Us<\54\\\O@hU&bN<\:\\\n\3^_,W2#5vnTuY\#\'wr\23/\<\r]\J_K{>\\VD\*\Vfl\=Dk]69*^k\9\'pAV\e\"0q\&&Im&\L\]m\.\0\u\~1\|\\"f\\\\\0:\Q\v\qu\\Z?g\:u?q~\Zq`=P\\0C\y\<R##!\ \\\rx\wKk\kI?\x#fx\\\({8\\'\Z\0?iXeR|Epi\\"w\)X+\,.i\0F9-\r6\\k\8\Y\0*\wKn\0\pMGsw0\\0	S\Q\nH0\\c.\}+\\Z\\\\j\\d2\\\u\	\\3\h7%,\@e\\\OK\wD \Y\\^\l|Y,\\v\NyW\d\}\$A*PBT\0	\zN(mN*D\\vhI#\{c(XGA\@<sS\8\8qB$W#H\]FZ hF(G(	}Eqvo#3\^;\W=\h\n\NzR]\?\v/-\\^\i\0w\\)$sR~UI$d[\\@B2;\\\\\UT\{\0{qH	\_Jpr6\)p\\*8\7\(\\?\n\0dsN\$~Uc \0I\3}(p9\X\0A\@}\t#\w\pI\'92\0\\B\}j\G\\\5r%\r\0\QRP\\\\\5j\\Ni\/t\\w\}\"Gp	\'`s\\irB=VT\\Z!z:RAV\\|\}\\\\\m&m\Zq=\\z\u{\\\Ig\\"\`WwWc\\Ti\\j\PQD.,\d~>\fXgOO!\r%{6a:\\I\\j\\$A%\\\n\2]L3\\X.\NQ<q\\\G_J4@ng8SH\?<mKO7[}Br\GfFVSW| \[\_J\j6\.w{\-DGF\\J7w\\\+{iQ2] C~\ 6@xE\\q7\"\\O]1]g.,a\Qn~+G$g<\\+<fM?d\6\\e\BY=s\M0Ws\)\\Z\l{wT6\d\Z\\wnE2hcx\\n\$rj\0&v\_0sY.\\\\\Zh\#\i*)\	\X\\y$\~NK6A\"\t/5\Efs\\\6V{y\0L\ro\0\\`yk\WSHu2H-l08\J\0\-w}g\\rK\\Mu!;Z\\bO^ks_lX c\Ld\-;#)\*pA\_\r2j:\\\k\U\0,\_x9\\6dC\4F4e~{O\\02\hLF\0/\tIx^U\E{0\\\K+\0\\~\i\:mng$\0E`LJ_yxc\\<Mn\\"\C\o~?i\U\\@\\9R98\Z\0\#f\{#j\Lpxs\0\6<\vnR\+	\\j\m\(h\\\Y_}<\`^6\\rs_2O?\>;\X\\\\LF=\AC\0T\-|G-\2=k\-6]:\E\r\=?\n!\A<Sg&\=0*}*^o\\0A ut\Q9	@(\zp$@)1F@-a\\t5\0\ZLR	\\0e\%P\\\5\rW[|0\-_I\o\4qeN@\\ky0\\\He\aI*\\=R\9icy\I\`\jX=)\{f,`8\8v\\n[\'	5 \y\0I\9\0\\I\\H#?\np#\Pmx<b2;3\@\P\`\?!<Zv\C\,0dk$-w\Z#\\Mq+YQd\H\\~d8z\\pdqxm	.?v\\>\T\N\F\rV\$\\I.\unvp?\dv\r1af&\d\\ZG\nRs\1ig#\J6:W\nTpi\r D\Z#K[Br\\+6\\\\H\'\1\"4e[%yD\-8\:\=(\\r&\0t\\v~d#\8f*\}\q\\lx[J}o\VV\0\L=J{an\\rgt9A\p*d\ZlP\"\\0t?o;z\'x\5K=B\\\HJ+}a\\\\[J\N\4\Z\5m6\B7\\Wx\\p\r%\\0v?\RRgx[a=[>KC6V&#\\\\\\fx\3V!]>\4\+\/w5\:G5	w\Fs\\\v\\\a\b\\\f\B\\\\+\\`E\\\\0tG0\\0\S\g{C;\0|\{/A\/\oNqw^.\n>P\	j\J\Zk9w\Z^X\\]B\l<\k\u\"\(.\\@\~e\Mox\*\:\Zy\m\[\^6\\\Jo?\M\#\^!%<1LFe\\\\W9W4#\pk]7F8r6XX\f\\Z%\\u3\'_L\:\ $\XM\zf% \r]\8V\;ePebq@>)kX\\\\\z|?\m<#\Yxu?$\\Vont\NUE\0{>\r\jFK\\'\\:\0\0x\\GD]o\+/G\n/#\\'Cf+_x9\0\s\MCta9\+\iJ2]i\?Qhn>\*<n\9\nQ.\-Z\Z\\yws\B\D2\\\\\4_?}\Zl\k#aX\0b\|1wjP*qV\g\\d\hXc\\Zb1\\\P;^\\\n\]\$\^)i\\\\3## \\r4\\LT\0\\j4\@;x9^d\c)\]\0R\t\xT\#\T77	$=i\X.G/\[1%xXZv^\\4V F~+\C\~\\R;Ye\&6\'\jnm\\{\bi~{\?J$\L\vH8\J_ZT$h\8\\Q9?Q\G7u\.\d\\\0!q\2x\iisJ\W\jO{\\6\!XUH8x\nS\0\0>\\0[\\~WmGSU\\\LGaRH?j\r\*\"B{*)\c\Z\c~5h<\\x\7RLMs(R?mTZe\z\A\\E62Z\\%i mtw\0pg5hO\}\\\D\0H3kq\pOuo\\\\\<\\B\!\zm\\,D\\\\5\\\f3^J[%q*\:\\5\+/%[;\:Xh\SY\jV#-\\_i\nOZ5\2.sv~=\r5|\\n\ZF\<G\h\?oS\\\\\\&\1\\\=A<3\\\rx\\7&+}\S\_	\2\hr\#\\Z\\\.F\=A_\fZT>X\0D\O\\\t\\[]y\cx W\\rQxV\rY~v\h\p}Tdq\n}Zlt8\nx-\0%,L;\u\}enl)b|pA?\\yZwW\\\^E0Y%fd\bI\f\\\Zx&@\.RxO\rW\?uxrF\i\\"\{\\\r|@)*\i!{S\O\|dm\$wxs}\PW1\I\+k\02CT\?\MCDkkgE\\Zw7A\8i;S\0XI\iu9S\Lyu]\\c-#NonA)13RH\1\>5\\ZeS\\u\\v~\\raV?{\\r4_Z4\\\0|\w/\\\s\\\~/k~uf\\	\\Lf_~\a4\r-\ \>I\sc/o\E\\\-\\H\\\|On\\]2\\^\\[\\hk\"*\\\d\'\\M\ch\\0<1\\\SA@-\ugaat\\\B9\\7J\\L\FDF4B78\5dZ\,\C(oZ\0\\k^\O\nO\/~j\D\(\\|O\|Tm+%?+\'\\0\\Gr>R\_\0\<d\fO?\c43\>\\i#^Q*6C.>a\_gYj:4\`+H\}\Pk\|gb;2\E?\#\ZOSG\\][x<ghFsLq]=cX]n8w==Cw!~\jnB\\\_;|?\U\J{{\k\}1\D-\q(>{\\t \T[\730Qv\KY\n:A\T79\$\5~{4\0\\\rOV\9\0DplrE)\`\nh\0\$F>\I\\S@Rs=_[z\\yM\9kES\\f^\{DCnS#\\fS\\hgcXW5^\gDrp9)yS$c ,1#5\*`\\'\.\+<\>f/ZZGgn\MWcdXf\\V{Q\V,eY\"Dp9cq@+\<\THR\\"\71F{{+a\n\$ePs-2#OQ^>\")+\Z\+p^YNZ\mP&\r\Q\\Q\\{/\0qV#\3\wa\G_X-O\\\<;\m DG_H4MV\\nc\aR>\0\u6\9\\u;=UH[-L=\\\e\\Mq^$`FM(Z\\\\\u:\\;x\nUq5CXc{I\\\>\r\\\\\\o\9\}J\1m2\=jmG\\+F\AVFSl\;_+M8i\v/COZ\G\<5\hm+fNC\+HP|0+g\2,Ql\\"\vt\	\\@\F-\V\\\\ZTo8\5\u\\`\\Z\b\\_;;\\\Z_\A,\qU\'\7&\\\\AQ[\\Mkp+G*\\\ {T]\\0\E\0{><Ml\i\*XUA/u[\\\&S\S.Rxs\0G9\^;\<y\\$DO\-\\7;}E\0t9EjWl\9 Z6VBC\E}u\i1\z\0:\\;]Y/4{\2@\\_Z\0/?\\(B\}87q\G{[\\>\\NL[Z\\\(\\*sg\'\^\\m-&l\j\WG6m\l^!\\*r#\9Wv\\Pp9\nt\RL\\\[{\3+\St#\"\>:\s0\J\\\\\\cE >#\\\ar\\G\>\\&_sHK\0~\q\\!\*mf	\e?#}=1\]\Zth\J=\z*\Xe\@\\\\^\o\Z<;3\\4\rKCho d `a]<T6nR\x\\T\EOC\\"C\2`<s\?\nXCz\\0V\VLnx^\\VH\0)e0LpO`h\Ah\\O_c\+\<\RX\<@\\.~\\U\N\S@^\z/,H7+2`\\\\0?\X9\\0I\+()E~kiO\\05<k\)(\e\aHg%\hWd\0L;\{q^kuc\k6\\\:H\#&\9Mh\W\{uP\d\\~;*\\\\|VS!\{\n.&x8#\z\p\!T>2@k\\\VF\N\!V\\v/9\BM0$_ySt@\ML\Ss)rJP\\\\D_z[\j\v\qU!80S\\\\uG\\Z@J;\Z\nmZ\\+\/\\6\3\5=;2})43\\}z\I<(\\G7CZv6dR\> i\n\\e*\'oaHb8$r@\U:g\*v\M\G%{pTB)g~+ /\":{\\\0BT\\V<M!Xc?61\\ut\\\?z}\^\cF>P<Z@U\b\\J\vM\U=E5\\S :\0\2C\J\\=6\d\C\UK\Z^k8NBs@~0e\VM\\F\!\0/\^g,Ra*#x:7oj\'}3\D\UX\1R/aLy.\q\>\8\B*1\0kM6\{@?zztqTA45\<%gg.\\[\Zm\"0pqTt\\5\\-ZMc{V\\/\\\4]AsW\\s=9?!\]lM\\mPp\7(\\Wx3\U\\[Jxs\\\C>Je!  \\kMQdAsv}\GBkkf p~x?\\09\j\0L^qI@\+ 7eu )\2j\O#_[t[xy\3^\\r/5\$0g6:?,\\ #\>O\Z\u\rP\\\qlzJ\\jNiOCob;\~;\uVz\\]~I>\0#R#\\kF\mA\Z`Y8\E\5\z=-\8\C_8x//\.\\v.4MA\\U\id<;\\J\[s\qQ:S\gls)ac\ \\S\0VOGp\k \GQ_V\\\7\Txn\|FrG\0_&4[\nj\]2\\r<@\0>_izj\G8Q\+ias\F\\p\G\"o\]\,\X\1\~\OIF\?OH[]NW?\P3\y\;U{q\g\GL\K\k^\\-\0\\\\Bv@\\/i0wN\Zf*km\Z$]\-\#xN\gc\Q\I\+\YtCm.F\?\$U\\\rBe\0F;\uE}!e\*\oe,\$\ty8T4bxQX 2\r\\+F36J\;W\\\>\Ak\\5\r+W\H\xg1]\>dV\Z\2\"\6n\X`*%`^\\n,c:x\\>b3{vcjXT\:\\hi\9=TF\Z>\\:z\\0n\0*9n9\0fjvzU\\8\\2E&9,1\ZG#=2)m}2i\ZP>#.K)<um\r\x\2\'70rOV\EH\\n#T\/\\'kBa\0`bPi2yjy\\rWQkL7\MV5M7\~*4zb\0:SB}\F\\cdv4&@\7F\\\-%ElYY[yvB\"j\0K-Gd\:\\Zc$\NKA=n<v:\Qzqw iD\MI\\bz\}\y*\\B\`\\\Z^mJ\r^\\AW1%\\L\|\Q\\SM\u>mipiW\n+D\`\rY(F8\n	55sywt[\nr?{1x~\\6_};\\\.\H\wO\Pvqws\j\xIbb4u\s\\g\\b\G\\\Oe\4_\rA\m\r\RVX\\P@\|-\=g\\s\\\(\\ZM\\GUz%\\\\\l0!W\~\\Xa\Md\\^i@Eu\\	\\'S\l\\Z=v\_\:p)A`KiH\0\\n]&\lt\U\y,<\\0=/J42y\\Ir\+u3\=\\;\\?2k\+y\#x#w\}C\^Mp7\#5\V\^\Zy\{n\B:n%2LH\\\|GxsPK\ut\"\T\+6Dd=L`t\0\n9\\x\"h\S1k\Z\5\	\\\0e>\<g\EmMi\r\\\\\\'nT+vh\@21\\cG#-w=kw\<\6\qe\\\f(\]Q\=*;\\\'hH\\u\~x}\T\}s~1\\\5\h\;\rO;\\Y*xx\\ry~+\4e2Qx\Z\r\72[\\\Gq^\0\_z}\\$;;\\0b\'>\0\?!\\[^8\T	|xG\Vd\7\Wx\\ZAMo\g.#\./nv$!R\UGrN1%YXs\^O\M]Gjv\O\8}\\\<=m\w\Ry&XXU[(FL\{/\\xS\n>\\'\+K9.G\\Z\{vP,\&\;LnL\:+jtQJq\\\\a\RxD0\R\\@\:\N;\xp+;*~k\++U\5I\M=\\@\\=EBi\{\O\r:\r\\,\2TY \r\*-=>\\)\"\z\-\NT\?Z\0vC\8\1\\	\z\nAvTQ\0bk-A\\E\\I\i3DX\PjX\\\\\(\^\)o\n\\Z`T4]54\\E\_5$&\gTUWSs!pZIr\@XX5\'n(B\0\4\i4v\\0!>\X&vF1\\t\#y=i\3MDSq9Td\^I7\gUm#OH\Z\(x\XtM*O\]{JY\@\0O&D\Tc di\\_/{`\\\\4\\YX)\5$x\Q\cN\\p{FLLV8#\\z_\\\q!\\S6~hRj^1:h\0\n\\q5\o<t^^\Eag-\\\2j\by\'e\0\"@\#\\\Z\]_0\pZs:a\0:q^\\0L\^ia-N\\h\Q\\0\0zHA\*I\"xdd\n2#S\0\X~\z\u\>9$\DvWSe89b\\u\pdc\\l;\<\NA\\\:w!hx\%^%NHZo)^\NV\' H\'\2\<%|.3\?~+\57\\<2)\^ \\+r\\L\\tXW\h5{(n9N\^U{\\\\\Pnr0\r 1O4VA$c\x\w\zV%\\|)\"\\OZ:\wLJ\k\\\58do1\C\y\'r\84s\_t\\\r\/q\*|u\\\\,c\Jm#X\4mB;\6\Kk\Cc\0\_@x#\M\\\(\\0?\\O\/Pn!D,\z\*\?0k3\\W\^3qbb\n[u\\rG*j\?*b3\a\3Jx618\u\)\I	|t\r-\\y\'(\\\ZisY\\fglw__j\0\<?Y;\\m!\z\_Axs\KwFa\\3\e{qcqI\\pA`=\-u2F\\0?t\\84OH\T0=\k;5sCiQ\K\IQyFd\0B\2uP\00)\U\rZXX\90#.\X:EK\'\5^fk\$>m>\G8\\dGZ\bE@:\n\\_5\'h\QE\n(1)n\b\0\yGt7V!yn##\k\2\\\]Tn\<xLlx\P(b\\\rkIl\\k)F\rh@\UT|\\\c&	=R9\u9\w`}i4\0^Wk\Zk\n+G\l~f\J@e~[\\\\Z6*0I\Z\EGhI\\\0T6RB3_j\\z\"\p/JC,s)BK\MR\\3HbFN\Fr{\qL3y43:UK\P\\\VfV_\/\ZC\m,\Z2\F\0\\kk\>$~Q1R#N\\\Zuj2\\1idnz(MiYi$/\>YI$PI+\\Ue\dWi\Q\k+^=I\\m\NEiC!\j\r\G\)6\}p+9\4axOk\rq^)qgM}yEx^*OJ~e[\F0F~U\G\E,\r\\'}V\!\ToP\u8g\.	\9\w\\x$\5\KK\wr=|]}j\FH\l3\|#\<I]\b#!sO\r^5\*\\m\v:{\4a\?\O~#\l/\.$}\"|cC\Ez\\\\CF3Zu\HWM!IU\\N3z\Hq\0\\Y\Lt8\K\o2Ka\>-.%\w^Y\~t\0J	\/i[<l1~C_=\Z\\V\n2@0\5$:\\\In\sob*@3\y\\vWM\\*2:\a\u0:\r$?\\\.\H\\\dcS\\\aLc\<M\\[\7\rx<\\0\\E!\(UaR \ t\Hm\Pm\zHU\=\\0	+\\r?\\\:;<\It?O_B\WJ\Nn,\\m\\\ \#\ob;2Aj\0Lho\"h\s\\x\n\8?\\Q^\	\~3\\wA\\y\ZC\i,\6!\^2axjB\D\\\k0*5yf\b,\<\\<\\\L}/\S\	F\v\}kSw\n1\w?\P!,Eq^\?\l\<\[?u?T\o\6\\	c@\\0:\BU\0\00\0\U\\\v3\H/jheF#\5\k\0a`\:Poo\C\\fIH*\T,\s].o\CP\J(\)\QLaEPEPH@`AZ\0\<I\a\yV5\{\ro\g(za4xD\X\\fM\\\\&\:k\\}\hA}\QMp:V\\\Z\<?$o#{Rm@\ld\Kjo\rxV\CDH\pi6l+;\n\9\\\0\Z31sI%$\Es:nX\\\\H\n_Nz\\Zi@\&}h\sH\qJ\\DI-\4h5sO{F\0\Iu(\]t.nUQs\sSkX4\:\_>|G\\\"kHm\HF/<Os\jI\s\+b4\;\:\+#\\\"hZD\S\5\>\\=+x%m-,\\\1F\$Un\"P~Q#yWI \xQMGr\\\R\\irB\\\2>UMB601\-3^spNi5\HobI \\0&kn\j9y~\i2(\Gj\\RG3{\pIrC&\\\\Uc]\Vs\$\:a\\\"\~\:}i\i\l{u\.\\\a\Gzy\g35KB>7\\r#\v\cK=\'~\#\"# |2\pG9\z~4\>1\k%t\9?\I\|E\=S(#\rC\<\^+d\\o_\W\\$zb4v\:G\RM\#,U)\\tFM6$Bq0\f\s3xU\`\\\y\O\\i0/\Ve\/d\<:R\Y37\\"5qlr\Z\}9c,X\qH#\4O6	!u\G\Ob;}\rx>\\m%{q\y\=[\wU\\"@9W:_D\.\qv\Z\0c=\\\L0\*Rpk\o|)\|Q\lovFC/FU\[\M$\?09j~@\\\*#\P\0\00\D\\#F\$[\\\03]!\^&\o:\S>\\W3 \1=i<u\Nd\F%\\W\\uX\\\0w9x\gi\L\*aCz\W_\6eO>a\^h:v\\)8\\r8\_[jz.\M1e&\\\\q\0\^\/\sjqif\<;\\-r\M\\*J\,m\-\$0G@A^kc`\.\\\r?\^\\SI\n	\'\0rM:I\\F^r$\\r\\?/{z\mE$s\\umwxd?uN\0\&\yG*H\QE\n(RP!\r.i(\\0-Rd\0U[\L6X\\wcU%9\hpG}G\M{AY2j\1<\Z.\j\Lg}\k6\`\_\O\\\\RU)	1&\0\1\\SYZ=\PP1ll\0[h\&YX(Q\=\a\Ek\QQr\k\{\u	\Z\E\\I\\jr\ii#,*z\\n.v\0\\'&7Dgc\zW<2F$t<\1$\OZ\B(S\"DT\01O&\r4i5HC\Oa#z\$&Ed\KFsR\\P\\r\\+k\nu\&\1<W\r\\\\~\=\rw\b)\z`2A?\w_Z\\4\is\oouC2U\RG\\"C\5\3\v]\*U\}x\0xnC.\qe\'AjVW\^\\oc#rZ$\\Wc\")\{TwZm\\\:0;\fU(\\T|\\]n&+\\\\(knTd\;b<YxVn\NU<\rsEKa\`\!%\0t\0JH`:\\A<sMow`dcvuO\r^c^\O\X\l\H\0^\5~ \dho-\^$N\il#R9\<7zb\\\B$\\)\x{Z0K\)=\fkt\"Zh\h&W\e\\Z\O\\-Q-\l\Rq\.\n\s\w%\0\G\\.Qx4\\|Ta\4\{c^iy\:/o$W\0GG.*T	]\z\;z>\nOc\\he@:x\\\r&\}/\\j$\L}cZ4a\e]8\r*w\P4\]]o	xV\\@ W)*zc4#1\\*(\]\ATv\h##$\0F\nc\'NkGq@\Z]m\ -\g\9>\'\"\6m_\z_/Mh\x|7\x]+\\0J\\`z5Yamj\\#F\Vc\r\(\\\Tdmv\\Xr\\0z-u^&\D\fVa\\B\7vO}ii4+\\m\+\ZMtD! \R(0(\0()\r)\yU{\!d5\=*	(\08\X\\w\n:UKtg\Ys\\3d\\d\<1\YsUVR9\'5aXT!%\'g\\q9\M[dHO5OSd,eR;\\o5N\b\^j\n=+X\\!\d\0%\J\}+\y\P*\3MO3LUv=yW<oq54cs\IruGaC\OJ\b\&G?[\.\\TtEi_@\O2g ZF7\\0\*\<RKx\0AX\nqW3\\V\D4sL\M!9i\1\\0\jNH*TU\0N\"\"X\F@lcm:O\?NiqGZ6\"u\?.8meV$=T\7Zv>?\Z\45rq\\\'asUouK=1X7O+$H4\y>\ZG6\\\\\\6t\xfC0AFG_<A\};\6\.\\0$\jM\#\~uhm\nl\'\\x&t\\nq\Z\p0r=\r!i\!Kf11\\\\V@TI!\")q[GHc\ L,p=+5	\-t\\B+7P\gI_}}e\\'[z4OO;?x\'\\\xI0l<^\\IO.\\HOST\\\\[`\\m\\\\\\_e\\xw\"\r$}\;;zrP\0\E[C\SR\\t5\f!8 5	9\r\i\&XaQUN\\^\\\i \\Z\S69SL\2C5o\8\\?\o\k\1\<\9\LG:\vd<<gx\-\"+\j~\\O\\_E\>yv\Z\K-@\V^J~\}V\\=\O\n\RMo#\cHn\\\Zto\r]\-\\N\r\lAm(\Yq[\4}1/4&-L\FD68\;~=+\;uV4\0Gk[\o\\Xv\\\}kv(K\-+*\B(&\\[5\\v\\j\\\V8f\\G37,kK1\\0\E\Z:e*j D\nTEPEP\ZBJE.Xgv*\5vU,Ls@\r}b\irdlJq#+x#K*J\Xw:|\\\RW\T\)K`pj \i\\d)yC\\U\AOz\0\\V^\F\\X\wj&YmzT=m2MP6@2OvFp\`g\-by\\y\0<Gg\o\T?w\\ZE\2k7\\r\'}@;^iwq`l`S\VHt\/[>\\'u\\ge&zF	}\\l	tm*]^dd>X<\n\rJ\\pU_\\>\/\ H\n01\fI?j\\@\8H \Kz:V\<j#\rI\Dd3\)BH\RZe5R2\"gK4L\\+v\\$\K\%\w95j\4\.Yb,\<\/\"X\9<\J\\S\\-Y	\0V\\AK\\Z\\Z\n\-\=#Jm{O\\\OdR>e%\"\\\^\4h\^\\t\0[]\~Y\$\%9\hEx\aA\\%k%\Vc\\0J\ZM\\i9n	\	\hCF\"q\r\E\'@\{\~\|G	\\A$\9n\e\[\\.\jRg\'\mnU|s\{\5\ra\wN\J9\\\{U\\0<uF 8\'9\+\tH\%gA\0\\\\5\\5i\kJ\\iL?<M\8>*h~5Y\\l\Xa?+\0OZ\'$g)@F^C>P\\E%g\\0u/\6+?.\\R\V*2F=\\O\0t7\c#>z@|\\$n+\l\r\"}\S\C,Hf\\.\\f\'\><|u\0H\\\\2c$U~R>}>X\0L\(\|W\e|Z\0K\<o!\C_CXj\Z\H\aF\<d,pC\WK,w\m>\w\^9+%\<c\1cs\r%qm\\e&:\?#\Z4w\JX\/\0\AFX\7[Go3\\I\#J\0\n00*zj\;y[\z\_Q\Jd\0\x\(xN8\\\\7&i\0N\G\ele|\0\01h`QE\0k\W-\#5\Z|Yuiaa\'\\=\@\oc\i\P\u?[)*}\#h\!aTx\nP7i\\S<,\\\0%#.\\l\Y\\\'#?AIw+\}+\ZkymkM]I\mA\&I<\;1v\!\j82H\lr\\-B\3[lvY%\0H\$MArFX\_hb$[\I\At\r\\\:{\=;\,^\Zm3Nu}JU\XH\/+\&(k\\9\,m\\W#2rc\\m 3\\s$\\\0\\sK4G\,*\\\rO\G5\>\v#+/\niG=Mz5kaG*!Gja<R\\5oj\n4\nO4f4_zPs\\"cAydUK\t&C)\r&yHZ\\\>L\\f7\~\p>\|Sh\,u\V\\spw\Z\\3^;:!n\	H%IW\~Fk!\0 \!*A\i\\\\x26\qTm\0GJ#\0\0U\\vZi\\0\WXj]YB\!\\\0t\5?\r\	-f>Y?<L~VJ\*\\Xa\A\\x\%EYH\z\(\%o,\4]:r\\'@\+G*\F?J6;Ne\|>K\0qR\I52[\\csS6<c\\\_\zn|O\2\0NQ&\0F\=H\)\4\'\\\i{\ \\a\rz\rqJVx\F\1X\76A\^8\z\'\nH\@~\\[Y6c\rVzsV#\\|L\qj-dh\\\=!\0\\'j\ZAwI&\a\~3\o*K!~\\9\\:oK:\=\4-\3D\\\rH\z\\rql@C\m\zb\\ws^\\qfXG\t\h@x\\R6:T\0\'#u;S#+\\'_9*qpF\*\\}\\\+[cdCG\0\?}9el<8/r\\~\a_\]@!jv,\L\<M9\\\:RvCF;\5O(5\\CF&\O.1Mtzu7d_C\(\0$\0I85SmqL;Pu\r^C>\g~\MvVm-(\8\3\\r\\v4\^\k:\!}\6\^!5GEem\LN&yR7J\Z^]\7\"\Mxf\'i\GzS)i*\O\N>\}}+\[\$S4p@)M\,sFD\\\!\\Zs\n\Af\yZ\g+yW^t&0\Gc(4tV=\cfHc7zHW73,M&IVdw>xVE?j\s5\\\\W	 0=\\!\\M0yd1S\j[\\_\\/f/.\P|\>\|si\\(e^E\0\!\o6\#\2.\0V=Mx6i.}>H\6f<\\v\\UK\0\\\u3b^i[/\\n\\uh,\e#j =}\h\"-SPk\\[\\J9\gxkBRY\^3Wi1\\j.oZ[ Zl\\\IEvl\iHNyuCzQ\ZL\H.s4=3FG\G\Z$C);Q\\!\0\IA9*,J\;C\\Xi^\\_\nIX\\'-\\\\\\^JX1\Ex\\D\\t\!|\\\px=3N`K\H;{UP\\r@\5 \nO=\Y&I\<kg\x\kJ\\'{f6f\EY\ { [kpL\pry\0\\sp{S\eYO\Zi\\j\\H \"^\r\qH\885\N\Ka-\\[;{g&\d\Z\|;\\\h-\-nytzfW\Zg\1\wIW^\[mF\OC^\Xk\\\"\0\8\'CA6F\\\q\\rKV*\xz[U<y\\\r\\\sefm`OQXc1\\hL))\"8te#G\\\C&\68\:&9CWq}x~e\\+\'\\\}+\\r\He\\\\.\S\\\0:{\:q#!\<=\$\fN\\I\9;m,0\\b\\\\r)=G\	-Mt\"\.G\_vz\4/\Z\FIs\x4\|i1 ;5k#\\?\?<eV\/\4;mG_z?z\l*2t;\_g\\{>j\0\0\0`\nBBbp\0\4;F\p\\o\v\W<C5\?1\\Z}%Q)\\&(\";u\ZeajS@QY1lR\\z{\cT\xNenv^YV4i$l\&%,YI\&k\\\\\0v\\\*ZmN\d(g5\'VV$}j[)K;p8iz^CD\Z\\\\\"N	\nx\RL	\~Uwq\"O1\\z~Ft6hn\Wr)@\'\\M,s\riB:\0\\t\khwvc\<;`i\{\brI5\J\h\n:PsHT2 +\j\*\";R`eOfco2A^e\\+E\[$\aR2\\pj\n]j1\#BNNq\\\kF\.Jvj\bWc+E\\M\\r@$+\kS\\\)i\\\n\.|#sw\Xoj\\_\\60\s\/G\]1d5b8-!*\vn\\\X\F6~\`8[LK\cP$\\YfbMz\08u\\r\\kxwE\bW\\ZAl\1P2\rCw)!8s\\SC Zp5\\H:U$&.i7 R%\\\.Gi\0\iO&\wMdD\ersH|\\\jd]\@A\\i\Z{#U\G##*A*v]7&3\1)\/#ON\\'\\`N3@?\\0\\{\H<b-[_4lRJeeNGb\\OY!\*{\Z\0\\s\{L\.\C)\e\\$\\>G\0{(\j\\A/5\\2TC\\\\'\|*Ad\sclc\'\}T2\Vk[\h\=\j=[\\EYPG/\v\Zb<k\\\w\i%q\=\q\\\St _GW\r7e\$0Ch\(\\+:\0u\\%$\"Z\\mo4\OF~7\n\5(ga49} \z3\8I\\<f5l\z\Z\[r\1\\\'QT#\t\sZ^\K2\]\s%\0\ZN=\\0\\\D<P\\Z\}<\,u\\\+{M\\\DIY\vJ+\\aw,\\\\\}P0\f>bsQ^w^\J~\\Ri\5\\\?L\k\\i\\Z]m?5\'d/F8\@)QV!a\\5\\p\\t\tX\F\\\2|Ua\\\Dmgl\0<9-rO\\\3\,\$\\41cdH\8Zfw{P\\5tfmGx\dI1[#-FmV\rHL\N\)X-\Y[\I\k\\\\\\sz\2D\r@\k\|/?\t;4c[YmR\3om\g{Kq\8\#vZ\\1$4\?<\l=\Q0)\5ZC*\5%%\Z\a\zyue%\\1x\}(t0\\\|?\\\\\YY\/<I0\"\xW\\4	<\M%ve)kcW\>K(\q\v*\RG\Zp;P~Sm\iXcs\.\\I\)\'\hZV>\fSS\qj\^ChxGqRkKR2)?J\\qZ$CN=)8\!\G\\\"~w\H}py\W/\'\R%^%\!IT\=\r%s\~PA\)\\LA%pw\xGa\\i\\J\|\WdcQ%\'\\z\|?\gA^\\niGE1N\<U\i\1\\/\\\\#0 #\8\1\}S0W\\\\h\&\i\C8\.\t=hp!zm;f?F*1 \r\\z:\\X\O%c;<\\'\\\4xPV\\v\q\m?\\n\EmomcW\$`\\3B#\\,}yEx>)\\i\;-d\\0r\\"\P\\\\t\>>\5\\%f\\\\r~Yr\\\\E\n:V )5q\$ dj\lpYO\X\/{.NjO\\\}+\.m\&T8da*v\j3ydZv#8\0_\]F\a\|\C\6#3gg\^_\\0\;U\\\%\zZ\(.\\\nsU&u%\ekIg-u \*\5?+$w9\x\"\0.\.\T;\FB\\T;\|\W(Yz\i\K\z)(?\\RImqs:W-\OW\\Z:vqw:4$\\_0O\wdH\\\)Mc+\Y)>\\\'p\Z\\04.\w)N*<\\(#C\"cbOZ\o\#fY*\jy\JcV\/\kW\^\&c+GS\\\\\\r\h:@|#w?h1z\=FJa\N\'\Z\0a8\\S\0@8H\e\4< \>\j\,\;T\>\H)8c|\'\YW [)t4|\fvI$\\]\\\"9\\Ztv6\\\$g=\+\+\ro\S	s24\2p\Iti, \nA\\N\q\n\Z!\9\<zv\&8\\rkCc\0.}i<ZK2zQ\fU {Rt\'zc\\'^z\!Ps\V5YNN*\\\\\Z@H?)\]\\\\\PvM\'\B1\r^\X\-\wC%W\7\\N]\y\JcK\+aL\nlWCW\\^%/	\\\g\pz7cRMO\j\0f\Pm\WYxpni\	W=WiSFS:w\nA\Oc<T|\\\\J(|\\\0:6`\r\T\nZ\0Y~V\s\\VQ\#I\h`g\0\\0<[xn\e\0&=\s\KHol\J\0_9\<O\nn \\c\\k9Xdx\NAWx7\c^\\\\M1X\\I\-;=<0>a\\A\"\)\\"#\OR\\\7GmK\\\e~{\rJ\P$Eu022:\Zp?\z@`F\8\WG\+7|\\OU93\j&\r\"\jcd\'5\\\tZ2pu\WOc\0\z\$2\\0QIEPP\I\\\hn\\	\D\y7>\n\jK%\$<2?5\P\J\)aO(\\\)\[\\\9C_=UZ\Zd{r\2c\0WL\\Y!\0\F\\0\=+{#\f\+u\VY3\F\_S\\mkV\\\i8\;WNAcnR5\:\1o\^$q3\\zx\B65{S\L&\a\Zs)\:v=\{#\\\\\GXuY[?\\c\\\\e&Q*EH^i\\z}O\\Z\0xRk\:+G&\g\\SZB7\M\Z\0\7@.zNhT mY\G\8\\\0\*O\TbT\Y\\W3\xk\\E\\^(a\x\0@$\?z\Nj`~QBsf&\\1\'*$\5qB$\;\"!\Eh\"\\R~j\-I\\s\ZQ\!\&3Uz\\r\\U\L\LFN\,\\j]o\v\\r5\rGi\z\\N\\_<;\\r6wUUdz9\\px`:WMmv\7pk7wL]Ah\LAk\z$yE$/~\:\`J\0tr\rVF\o\f\0,[\d#Jv5%\c\J6\h\.\t\|%q4I \~\7t2:)1\\&\>F\00\n8\;cv$}z\\0i\-9>2\GA\G\0\"g\T\0L>c\'\Z61\0k0c\xn#4dsT-\\\8*\\{P[\\^P9\\\\zWxw\:gmS0?2\0+^s\L6rSO1X8e8=\\\d\k\']d\\\s(,7pH\.-T\\\\*\.\\?\Zxr\\\n\n\-]5Y\\Yj8\0\n36\L;8\+K8\'\0~h\34\\\\3FhM\SN\\i=\\\V\V\r\Z5\Q6q\Z\F\\)\r+\\;7l2P=xsM}gS\ p\.\\\\Ts7\?tLG!{\TuJ\\pD\0TPJ4\\FO\0\zSL9nv8xddVVX<(\kRiVW?*#V[8^+~QWbd\_@M\G\n\1\q>\fG JmsO\[\o*p:\O5\\\\'\\S*3\bY\f\\chq9<fVR#\5\S\\!\ztQ6q\\l\9=#e&\,8PsMl\S\\q>Pci=9\GH9\i\D\C\M\O\FiMZs&~b@z\\Jm(8\\'\LC*tsS\4\7&\\\4\2AW\\\I#k\^d^ps\W\CN+\Q\\}i}=;{][jpnF5\\\M\\5\";~*S)\|Su\u)\\\s\i)IF\mg\v\^}Q>6N7qQ\r8q\\QL\nLrLN\rK\r\w5\0B\j\fx~I<s\2\tf\\s\\q@\kp^]9\\n\$WE$sAY\rg(3qu$g#s\\kJN\\!G\0rr?\Z\0:V]\\M\\3@qS\`N3Q7x\183/\w\\\\\Uu%\u\J+@\\-^\\\!\p\;W\\Z}:V\nyo&ra\\\\P\<\RmH!@5?wqhv\\A]BsJOaL4Rh\74gC3L\.Eh\&h\\0;9`40zUF(\"\+ab8Y;\\\\\ug1p\\0]\\j\\t2#\ppGvpar\E\w\z,\W0oQ5\"\\n\B\L\n>\?\dMJa9i)3I\06Y^g8T\\@5\l]7\c7I\5e\\\\\|C\^\fF\\\`\\\9#O*5P\2\:8\9\z\n)Y\\\0\r\\TV6\S#`gR2\I9\m\UU\}N*\Nx\*~QV`\\*\b0x\b\C,5A\p3\jyN\K\Sw|\+#6\gKMj\r i8\n\\F1@8\T	\N4\\9\@?\J\\?\nb{\ZEJ\Q\\\D7kZ9Cpk\\oZW;\\!;&\\z+A\-z,\\\\"U\/t\r\d\N@85\MM\-ZDa\t(\\\k_H\fuIN\\"\#\\\rRRd\u54\H\\\Ai@\Q\\&b\\\Ol\'v6\Z8#X{\ZW\\\-\w\\\r\\8 \F\\>\\cN*\T`\eJX\e\*:\0.\\9UaAW\\RRUk2O3l\"A\4Uq&UV`\M\\0]~\M\STxlU&\"*riG\	\}jFr\Ao\\%O	hr\V>F}\0OkV{\o\r#\\U@.9B4\jTvvX\\?*\H@\Jjd\O\\\\\\4\\\Bi\g\\f3\6(4\i<\nb\\/\Hc\n\\0\$\9\*\\\%\\l\\%t\v&\0W\0\9?Z\\Bv\jdRe\\0SYi(\H\dd\ZBq8{QH\rJ\g-<A=\f\Q/:\$]\I9\G\}\\>]\yN/\"\\0KzaHZ\\}+cw\rC\\\!Z/Q\8VE\22\\0*j[N1w\0,)%~U$a`I@y>]s\L?x;b]j\<\\~Np(\s\L.j\(\0J#t\\\K\r)? \d\4;\y\'QoKj\qFFx\IB~5Cp43_Lw\4\b/_\0\L\rS8\\4IW\jOo%\_4w4\r[G[k\\z\\W@\b\\.Pj\(SK|\T&\n`85\\h\l^\+\!<.(\@G\\"C\VT8*Q\^\O\QDW\\Ik[\n\XhgG\\n6\\Mb5)\rO\\l\c\iq5mVO\nH<{\G2ln5\SAc\K\+3s\\F\12ecU<o6\\NoIovW\5>\F\\0\\\\dA\]De\^\Mn%m\)q\i\\\8\S.\#t6RTJ\\YN\rze\\m	=Eq:$N^\0\GUL\\\\3lI1\0dvzW\YCP;Wx	d\l<PO\0N\\\lf\0\b\3np\^DF={e\w ,\\`wM\HNMM74f$Ni\0\u^I5q+9\\z\\A\X}4c\Oz`]\r\GU_sNJv,\O\\"o\ntd;;ujl-\E.3V:\D\l\i)L\\Nr\ZZwN9\{\H5wZY\#9P\g-\CM\'KC\\I\@8`S8\F:OR:KZ`\\'fl.\|\\\O\_jZ\0g\	\?\7\\kp803\\V\"\\0\\\0X\[\]=OPW3YS\l\\n#9P;n:\`\Cc)y\bF6\HXQnHr9c\T\\7o@\\\\e\\\R8\Nd\<Pa\O\0u4G/w)i\r\,C *\)N>v\\V\\m8$WU8Y\W\<\\\U7j\=*SM)l4\F2j.\SAiO\Man\)sQv\q\*\)JzSNM$R*G?lT@e=sLJXd\Zht\*5L`\\\<RI\|J\\S\# 2Z\\Oc\\[\V\\n\d/46A\\"Sv&jEja0=\t\uao}\t\\O\9^\\2v<\\\f/5<H\\nL^Zc\dWF \\~\\I\\z}+9B\\ZFw\\\on,evz\Z\\5K}N\5\\*\YqR0jtH$A\n74\0\Z\\\\H#AC\5\00\u\j\YzS$Nzp(\U\m;,WUaaE{\\'=i7Y\5\"1A9UfH\\lrY?\BN\0\\fyT??p++\Z\[\\\q\;4\n\PBXyaGCW(\&qM\.A\@l.zUII\\R<7\'h@\\SBtm\L \qR.\\j;x.\\\"4gP#F\km\6\\NMr:\Z	bp*(0#%\&7FpXnyY\"RUzokw\\\ICq\c<0B\ZN[8\Z\Y\0~U\ZE-\$I0RH\(q\RsG9\@\\7\S<\8C\\jF\n@9\W\'#]:/\b\\P\\,\d\I4\\]\Pf\4\\\j@\Sv\[XEwArA\\\+\Z\ \TnmPx\r=*&ths\\m8\=*	 XV2jd*\\da:MZ{}\})\CTscgD[b`unnP\\j\\r\#M29@\rr)\s7:fx;G_7vcV #8\):;i\ Sy\\{S\<F(\2M4\Z/\Ty\&	\0\N\\w\4\\9zSA\1`\0\Ia\4\RS+U5n2|\T7:\pj[\4\`[RF.~5=6@\\ 3,#\`>V\P\l\\\\W0$\a\`6,nB\q\W\P\\\\\FKY~\x5\hZz8\2KV\OZ\\\\b\s9;\(8\W$\\Z\v\Z\ X}\M)F[s\B\n\\umX$}\)`?VR3\YK&ve\}H\\x^}:Rx:UK\l\\J\+}F.Pb\rU\4yz9\`\n.G+]n\<\EsQ[\%	\\Hq\q]^hgH\q5km#^I\0WuahVkXrA*\7y\Tdzi66>}NG\"Mc\z-\k\M9\q)\+N].hI\*\\H5`\\x\C\H <49Z\0qRD\x.U\k* is\LDR@\qVcu.~SUF\Ufr{S\6\\wqC7`iydOqbLr\\S\)\]i	?\_\U\0\TX\@x\Z?\n=\^I\\\L\\z\Z>-\ZW G,\W\\7\\\<G4j\\0W\0bxm`..\y\0Z\r6{  rkjQ\"L\\I9<WBjs+#h\\D;cM?\\L?1k\1	\\01|T\0\MEG0*d\n8j&\Ux@\0^_\ycH\\\U(ufSD4/cRc](\:Rq#!@\<b\r7 z\~>^\\\nijJQ\5=1\N\H\\Zi\(JP9\0\q\Z;wq\\\\s\Sx?0%N\K!>Y\?u\njbN\i{\\\UTl5YSS+Ue\:T\2M<\\2*\ZI;];:`\qf%\ \YG7\PMgO\xCR\H\nf\\ \>\\0\fMI0E2\PNa\fJ:x/`hg^6\\Z\04{8m\J{\V<\0RhgIF:7pj\E\##\\^\W#W\ZOpqSLee01W#\cA`9\\0@\VKH\\Z\\\\TT\\\H\\@$\h\ \n>2h\-\nd^(4I!>kXy\5o\Zk\\rBT\E\]\$\\(+z\-sL\\\a\Z?wTbLrj\nP\SB\'Qp\"Q\j2O4viw\Q\\Ll %\K0m\\k\2\pd\yt/+\=)6\q@y=\H\\:C\R\0\?\Z	\9\F\\x\z\ *I\xjb\\n\'\y?\\ry\CGbLT\\ZYV_x\\\E]\'-#rk\|!,Qe\\]\\"r}j>aa\`UsM\*6:\ww-++\n\<i3)3\\3:\\\i\y8+|\\b\nI\THp\q$\w0\Xf`WE*w\]	HG\NLb7=\\'B\40\r#sc\\n{sL\'Z\I\Jny\LC\\\bN\\.1\LC\'r\F\x\\\\;\\r9G\})L\c\Sd}pj,CLF\oGu\4Q_&zd\{\\0D\/{\0E0\_=N\\\0`;\\0x\0Sg\0QE05J4\0Z$\\1Q\\0EA\?\0A=s!l\0E.x$\KWOZ5 \\0\QEh\q\\?\0ZwW%nA\n\*gw3\~/Sp?s\W9a5 O=\0\o\np\j(\rD\"\(7\?\0Z+\{\?[\\1\Ez\0V?:\\\0,\\E\0\6O\\\BZ(2\?:/74`4QLIp\U=(:\\-%;CMayx\0g\r\:\\R\Q@\nxq\(\0V;\"\\]\ml\BUQZSlan4{\W\\\"\\4Q]\\~W)\<t\\~QLLb\}?Ztr\NFyB|oZc\\~\\E\g\i\gZ(\"\7=N\*#\y\~\shCs\\I\0\EHLg\\MUU\0h^\\'\~h%sb%K\i\i\\{\0\\]Eq|\\"p~QLdwX\\ZO\\0E\\',1,NULL,NULL,'1',1,'ck1232','2016-11-23 22:02:06','ck1232','2016-11-23 22:02:06','N'),(4,17,'0.jpg','\\\0JFIF\0\0\0\0\0\0\\0C\0		\n\r\Z\Z $.\' \",#(7),01444\'9=82<.342\\0C			\r\r2!!22222222222222222222222222222222222222222222222222\05?\"\0\\0\0\0\0\0\0\0\0\0\0\0	\n\\0\0\0\0}\0!1AQa\"q2#BR\$3br	\n\Z%&\'()*456789:CDEFGHIJSTUVWXYZcdefghijstuvwxyz\\\\\\\\\\\\\\\\\\\\\\\\\\\\\\0\0\0\0\0\0\0\0	\n\\0\0\0w\0!1AQaq\"2B	#3Rbr\\n$4\%\Z&\'()*56789:CDEFGHIJSTUVWXYZcdefghijstuvwxyz\\\\\\\\\\\\\\\\\\\\\\\\\\\\\0\0\0?\0~_=ES\\^IbW;J\\^d\]:\:^o1\\k\pjzl\X?[I\Ie+\'NQ\Wgpv?80\SJC5\\9\%![\\cL\Xe\4\m\\Xj\\\rz\Ia\cszN\H\\X]s\\z(4x\<Kuf%S\/\7sM.|\=\+\&Be#\\/\6H\9^\u0;6\_y\+C\h\0\\\C\>\Mixm\&	\\Gi\f\\\w\\Hb\I\00Q$\79#nH{zSnzq#99\08-8\r}`\0c\0?\'a\q@\\ \}\r.\0#=\\\>d\0:P3\E\\Z\0U~zqV\J?R*\c}(pG_QH\n@/zUx\V\\Won\@#\^L}\\ILsV~h`\\TH{u\\p\r=1Ns\fV\\0\r,\*\16I9\\0pQ\P:qNmp\Je\0v\\s\\0njUG^F#\\\")-\q\BN:UP\_\x\\k\r\\#\%?(tJ\"\\'\3T\zTA(\Z\w,g\?,\\H\\~5j\vclQF\\0Ic3l\[Hk\cYjWW\'2\\s\\\\<\\\\$u,NI\s\\QT\0\=E<3\@\ZN\1V+\\\I6\I\0u6:\VF\\w\\GD&D\^C<bCy2N;RQ\3h\~t\}+\+\rNX$\{<U5S\.z\0UY\vt\p\+*\;1\Pc \WvS\TYj`H5 \\\W!\:\2Z\0\n\r06sK\7fE3\\\\V\L&aSGrA\P\\Z6b4|>Ee+Vchz$\z\\Ev>E`\\Rj\\\Vw\\-W2$Z\\`\0Q)m\E\G\\\\6=R\c}+[\\Om\gZ2h	C\\n;t\HGi\[\\r>\Iox\l>yW\rw~\d7\ZT,\xPV\\t-K\59vWIx+Hn[l\Ia\\Ta?)8\E3SEWa\z\\Ur7\\\E\0b\c`\Wi+\(tnG3\F\i\-o\\q\Z[\K\~u(#/\+h;H\J\I\2;\\\\>=Z>\\*GZ\02\O-prsUsGz`J	\\sZ\rjn:8A\s\OSH\nO\\An@=	4\0\<G9\\@Q\bR\\5AaB9	3sCz[qT\\A(G=\";w\keh1\]\X#\\Z!0	sq\z\Z?Z\]qB\\.#\oONheo##Ut`	6A8\P;^hV=3Iixl\0\0<x#b9giPp)\"\	\=GJ?QU\=S\\pzt\@y\\\S!B\L\9\u#jK\;zTFp+o*\JX!\0\z*\"[8VZ)!b\*23\\(\\B\\JF10zs@o\0pqI8#\U\\ny#\\0\\rY\\\\\r\_IT\0RV+3t\\_NB_5>n:zg\0}w\f-F\pN*X;\6\\fRWF#h\4\f\"P\\ZF)W\"I@\r\"?1\ \\ }\ \ZhvF$aM?)]~90x/cd0\L\Z_ U\<\Z\nF(E<gX	6*\n]\0^W)\M8g-\qnI+\/?\|]j!\c_3_\55\w\[\KWCw55&\}wl4N\n\W44\\Z_iJw\\\\G4Z\,:wY`\-\1\\0tWM$7RNCPEqJ.:3MhVo8(s\VdpwB[\)	\dC\>\\#hvG\P]iW\\\mO+*+	c\M\ZN}Ev+Gp/m\n0\T\\/J.4V\D6\0(r1\\j	4\c\k^{m\6/S 0i\zqi?GPC\0J`u\udywly=kj\\;\Z)T20\yF0~9\k^\^\tj\\\\T\\qi/\$}\w5@b\(!R;\\q\kA\'I\\\w\r\T\0]P\$*VLb\\\nXB\	m\\lecS`pCs\V6q\\\&Q\c\1\')\\O#JAnC^ZUI\5x< \	\~1@9A2(@I\Z7\@\\\0F\\z\zTE\\\\0]\0m9\	<sM.1\9b\Z\\\Y~c\\\\\]W,\\\KLK/\\@\ 9X\9S\;\9\*> \\0c:.;\n5:3h]\\jP0\v\#}*X\zP\:\0\L^\\;b>v\0H8\\F;\\\npz\nr:\'y!\zP+OC\s@eY|)V\}jbb\@\`B\a\\\-arH\FiO\\:TE9MGE*Y\54,0}@\rSN\w\#\Ohch\<\J\0zT\\P8\\J8`	e\\S=[ksV$rH\4`) |7WK\=0\F%\\'\L\J9\JB>\&;\sI+\~B\n}d)c^EI\G\\R4@/E5W*U\f\@4\j^\ZdbJ\\t\\@\\\ao2\n!X\s\,HQz\o54Y\0x\\\8GHK\X}\jpvz\m[\\q@ Q5\r\V\@\)\0\pA\\(~\~\HM<O\q_Xx[\yn-w$7>k9z7\r6+i\\\;m\yc>F?N\Hi=\]g>!kR\:\\obk\Z.]m$/\8op{\o~Ri5fZml}A\?\\I-E\\r\\p}@D+C\.GhU\Ixw\\\\9-J\\'M:\ N\#\Z\Fg\yo^i-\K%I`:j\W$\\tt&/YGu5\b(\pI?N\5Ll\m2N\#\{B\\r\\H2Gzyj \[&	\\?\0\Z\|?\c>s;CgZQ\;$\K\<;\-\j\"\ b3\\k	\z\SOg\\U\WV<SD\"\\J\x\v\\\d8}yNgq\m\e\Z?QWx;\zG\`\~\|a%\0[,iT\p9;J7\s\\0\f\Pf9\\8.rz]\p6gz\\~&t\`WbROc\'.p;T0{I\\Iqj\	\njNFqTImF>\}*E?\'N@\>^3\:<s\0UX1\?!GODosR\\'XG?J@\\T)\9n\\0.\^^)F\;)A\"d\\3\:\v>\0\\goJ	y	m5\\m%\=q]lS\\\zew6=zRIy\YWV\3\Aug-8y\\\0I\\Kfiiddi2=;U|\oJ L	T\A\y\cM@.qj\07|m\\r&3\	cpXry\R	\\w\\z[\0\s9X/\"pOLzSP\\0[tq\j\>)\,\n\\\\\\]i\\+Y\w#@`u\r%&,HH03\A\Uge\?\H=1G\:g\R>Q\Hd\\G\\\\\[#\U\\\iu%<LU\\\\,o\$\0	?z+\nm;\\$qi(25Z>\^$OZ\.\" \+M\ ls\\r&*9\|dg\yqITmSJ\`\0\CuO^zWWkVZA\\ROl<\43%Ap\<gkd\Z\bRG5\\\G\>\j]\k|k[\0xvki\e\\q]\0\=j:\{\q\i%\`9N\nz\@4|c$n\\C+)\\\\\H}h>Qt\\k\8\\	\i\>\\?t?>7`H>uOEg\\:O_\A.\\n\\@~`9WW\\nc\V=:\\S\O\>\Z\#xh\VFSV ):W3Sq{\ee}E|\k^q{n\n>\\}(\Zg_\\2\\t\\}\;NI\\\\\=	DSX\\\r\[H78Xn8\\_J\\6\[[R>W\"	j$55C\\02Y/0oZ\\fF\IBW9\s\c8zZv6pzqN\0\0	\I4\\2#z\O]>S\\0F1T9]p\z>5yl\\nDc\\Z4sk_\4\\\IL\nh\0J\\<Tn:\;\3\[GmL,w0Bd\5Z\lW\0y|f\w\!\>2d@\2\C\Mx\\x-X\6eOZ\\rm\{#\XO|\\]\\KR\[=j#<\]Y%\w\\n6{\nKJ\dzFI\WF{sR\J\0pzgM}\GR\?+R\\_zR:\0H.1\#\0zS\\8aF\{\\*GU\\\0Cwg\\'N\\KI~\x8\2\wHGbR1*N9\V\Z\A.iM\v\|{xTsS!\r1@\0J\e=NsO\0J8`9=9rI\qMS!c}?\n`3\@O~\00h@\9\\\\'\\P\g)q\\0\$rz	!s\SC|R{g\0z\A*\LpA\m\\0=\\\\/4\"\'\0\&[w$1t9{A\mu\;\3\\Z6^V\\9\vW2+J\0T\0zSx\nN\M\\e=*[\0)j\T\6H\P\Ye\r\^\\0\\texp2O5\\q\u6*\\a>WI\})k\B*W\\\pI\Q\NVjC(^X\yF\}muO^}\y\z9\l:E2\)a3\_ltX$^\\\F6v|W\jm\!j\|7\\\43<Ds\N=P\{\*\!d\z[G/%kGeBY#IW);\\H\'hc\\Z\*0En\^\/\k*\\Zw%$\0Nq\q\0\L\9P\^iyR\G\AC\\:W\Z|/LtH\g\-\'\0J\\{\}\s\\'IX,\W39\(>\\n\\9n\\\\v2n1cy+Q{\	ww\a\0\]_H\5]\\5*s39id-HS#Z\.\\\bjS$YW\Vgk\+F2t=qE\7qe\";Iw\\>P>{R2UX;)#w_\\^&\4DH=k]Di,H\\\\A=7ksg^\\;Kn\\g\" i?0$v\qZ\K	Zm8 LG\\eVfnH`5S7/	\\k\|\V4}E\#w\0dZ_\6%\C)MR`\r\wP\n\\"\[f\\7=p|O~W-[$r*YW>zx\zVB\>lrj_xv\\Dg\Il\[\'r\ZQ!H9\3O@;}f&\sG.JLf\'\\\ncP1\r;\qrH\1W\\O.s@\r1\x&\\@*\"sP\0;qx3O\x\4\0\=*W\\~\\[\8\\?/8Z\\KYO\q]d7N\rC}d1d\0M 98\1\\0s\S<\\1t\.\n\\j_+U@\0-L\'P29?*Dl5bSrO\\;SA,\wE<\\np\'@\,[\QcG9\=*Uaq=j1\`i[\Q\~\\\NrA\0(\0;@\R	h\1bs\\"\\\@YpzSeIc%@<t<\ZtR[\lP\	/s\mb\\Y\oG=\zep\Z[dh\E\y\\\6F{\Sq\H\\a\5qf\OM	=h\\\h6~RCnB;t	\{gY\". ^\,\OZTQu\\\\m\\\@Z\j0\\6J\'x\'<z\t\]HH\1j\uX5\pr)\\iS\nz\ +j:d\Z\2cbm\\I\\n\\V\}ERv\4Z\N<R2\\z|w\r\,7l&\\>IfT&y^6SI}+\\`\}*+8W5\\"L\^\v*\\8\T5a\0\'4s\|c\Y\*DVY$Hqk\P}\=\Q\\:fcR}+\/.`p?d_\\F?\5\\rm\|Dg)\\^\\y\c\\-9Q\Bj\\Zxk\6%?{\H\\\yf\k+}7^k\;bE\Zc5\0\t=\K.\7M(np1w6\ ,\\\rQ\"	!Oc[f\ \rRo\E{[H=pyh7RE\}?\";\3\_[k\Y!L\Z\i:\zm\,?\Z\]\~\N\\\\\\\\0GU	\\N\\'\F$+\S4\s\rlc)nX\h\nG=*B\\0\nX>`(Adaj\O\u\n\\pA\{\\+M7TuUEwA75\0$l\0\%aw5\O!\\0n\W_f\\D\\Wk\\pZ\w\\\O\3\(tk\FzSI\-\YH\+4\X<\n\E*}i/t-\;\E.\Hm\nNpHc\\\\0^M=\Z\\$KY\\\%\'k\\ep+\"hZ\n7$~\&F \J0n\?Z\\(NM<q\T\t\F1M\gdn\\0*78##T7t\?:0s\6)2\Os\\Q\\r\0f\Z-\D\f{gv\3Vj@\"?\'<Vcsv.\\B;=z\bS_\0\\URA~(o ,\5*\\UdzR#v&Gm\x95\Z:z\yCG$AQ\\9\RrFA2*@APA\h#\'5YU\'\Zr:?\\nv\pd\\&p8\H\r\\Z@<wj\'!B\\W\'$)\0*x\h<\!\nNqX7tqNm+\4\r\=h\^(\G?h\\+)\pOzAlPSzUx\F\'dq\0Jmm5\Qe\(%\95v2E<zV\nh\{oJ\gv0{b\}-\jV\Fz\\WMr\\\:\\&j	\"P3SP\\\m\r9\W\R\W\\O\^\80\[r Ji\BX*ym1\Q\Li#Ra\'6VqT/	|P\<o\\\\V\\\n\0N\\\d\q\,c\s\=}\|S\Z?|g\4X\&}?\=\A6<\W\u\j6\\z\\}k\)3C3A$p\9e\:^\k1Z\G\0:\!\\f=\e@\v>\\\[\6\\\4&7;u]y\0!w\Sf\\\Z~\\ \d\Z]\"@\\n\t,	(\\'{G\]>%k+F\nWgAkj}\1Lt\U#\e	q!E\\\n\\Z\\\Ih^&q\\rcOjkzt`Gak\n!\rREt=,\enbT;n,p\\\kGV-g`gT\>\1Ly\\(,j\dJ]9VmP\n\`\\e\\]?{8,d&\f?\\p\S4\Q&pr:~f\a0rw^1E\b-\ND?\\iQW7\\[wn>\\U\r>\MGPe\ \\[\c[L{=MA/ \\\+[`\a\g\\:|vZ[\\U\\_a\@?ZV+P\I\^u\O\\\\\3C#J\XC\\KmjVH\\)1z\uBh\\d2u6Vh]+\\n[j<s c s\v1p\'QWc,0AaU\Zx|Ie#\Pg\k\E>rs5h\q\$\TasOW\0\-\0J\\o\J\?_ZD 7cR\4\0\`c\\\#$Im#a\\S\U\U\\\\\'\0Nw\O($)pN3@\12*\.\\\\Z\\nS\\Y\Q\)4\#aV.5\K\\M\\\#.\sS+{f,q\"\'gNn\SU%ON\\\1 q\\\'i~&[c4s\0{\n@ppH\0~t\`1\{zP1\pFz\u$\Zk8\\r<qJ	\ISc\'\zTjy\Lv8zbI \N\=cYx\sHKS<\p}\0cD$n\c/ gP/\2\\\*F,%L\U\\Ze)z}\\x\F\  Q<\{y\xg\Z\)fhI\gs}\\rD\'un\}A@Lhl\_9xo\W\Z4\\L\\\!\mH\#k\GSK\\[GwE\Z\\d/f2z\n\i\'$]2)v>\:\z\z#A\\T#WA\E/-\^O=t#\^\0\\0gcM3\\Xu\\:V\\aNx\c\\^=R\D6gv\\\MCP5~9\J\\\^(r# \JA\ZjO\"\>>\\\08\}8+F_k\VOgW]\\0V,X\\\\ZS\bQ+*\n z]H\5\hW\h|\Vn3\r\	W%G\0\i\j^\K\;p<H\,j0:N!\Z\"6C^i\\ZeDG\\\\n%0V1z\]Q2{1\05C\\^{\gIr&\Yp\zYyw#\#\^\\{1\y\op!\DcsjPdgg^\z\\I	IcA\M\)lg)=-B \\T%\vl\W\'g\Mv\\\\"]\\\\J`\\oQmI\\\5fk0Tu>\%\\c]\uv\\\\i\a\jz\>*2_p?\n\\-/\1\_\?5[!\f\E\g\K\\\0\;\\alnA\d\\"O.U\0\nKA\ub^\v0:nF*\\\y/\rqO\0]`$g\'\;m[]TQ\0]	uX\\\	c Hs\\0:Z^\ZxdAG*\\\tQ\dU\\rF\|`\=\#NC\\\-&1!v\z-cN\\k\o\RxE`\F\rL\T;:`S\\0F;\\r\0i\\N\:\\"&\9\=j,y<c{q\3HV^{\\'\R)\\\'\LHs1K\\'D\\S94B\9;sVk!3YW\K( &:9# e[9r\rF`m=?RG\S|+=]b78\0X@A\n\\\R\@ t\(O^O5\\1\4\&=1r9\tGb{S=}(\0\MLg\\rhP	\~9%\:S2v:\I\0zq\\\2\@\n	#9fcS\\0\Zh\0\<C\nr\cO* O|RG\@\0y\\=\Dk\g43\3\c\Y\,\5X\\\J\Z\\ CVc,6u(/V\\'\n~\7 ^ca\FTEf\xgN\AX<\\ToR9++u6`\I[6\I,/\FjiEU\r\;\U{|Gn6$]\"zWiW\N!Zb\0iqI y\\M\#l|2_z\nF*\\'ol\\0Y,8#N2+jV\nOrzP3\UnHU\l|a\UV\\-\S E.\\n~\\q\\[4\-S\Y3P\0z\\>\s8\q-\@\\\vw\'eA\"\\?\\M\n\ z@z\'uGET\'\\ zC\\F&?#2Q`\w8?Q\\#gs-jz\rp&\]n\=\k\mFk\^H\C<\d?Py\^\\\)\/\\1y,\sDK3)p\n@\es\\!ZfR\0\U\\\S[[\|\U<40\\i7%w+X\2B\q\\\;\\\\n\\+kXN wZ\\\@\\\+\\Oxb\\y#J:+c\S{\r\VJp\\~x\\(VQ\_A\y+H-\\\T\\kg\rOv<xX77C\c\-\g\y\0{\l=ri(]\}\n\Z\\x\Ob}\{\\\>r?Ve\qT0s4KgqXK*\p+x!~Q~\0Jq\\^\V=B$*rH\3^#a\\LKFt\\\'#\\\t?\c\\\*\\h\<y*./W\p0$c\"<O6|]Zb&\$\\{\\1l^46\\"\\XnA\qqcr\\x\@v\\L[h8\~Y4\\b\	R\*\\\;P\\\0W\Bt\(\;Tl\\J\"=E\0&2}I\8\Ep\\n\\9#d\"JLp\\\^M\0R\,]\o\\Y\m!\\\W|qGOYzRhgj\6FsQ\Z5\0+\n5 ^\v\Zpq\!\\\\\\q\0H\j7LC,/-;`c\0!gx\\P1J\6\\\E;vH\\0 b\0\\q\DGR1\(PR;imc\\n|zlt\0[\\JI8;F{\\0SONGS@	\\\qH\\\O\z$\O \2HO$47\jb\\\1r\]i\\iW+Y5\Oq\K=\q[\FpZ\\D\\F2\i]\\\ mk+?\\_\\~\\Z\\c#E2\2#\5\\Z}i#\'\*y\{\--\,\#\Op{(0\e)q/\[l\Y#Y\\\\>>x|#\M\Im>m8h\\@&H&b8oS]QuS}+\]f m!\\\~&\0^\c\X\\\0\y1W\:m\xC2U\P\\\\\\n%\0!\\0A\\][47\>Yc\\r\\.\}FE\\\qmY,1P\2T{\e!\c=\&4\r)\?\\x\\o &\0\\5uoQ\0\Z\U{$W\\0P2\aj\\vo\\\BaaPGA\+=\#\-\\OA\\XZc1yrs)\\	TmO+P\0prkL36	,{\0Ura8\<\qQ[7[UUkQL	S^7=\Pw\\{\'d\6\q\\H\\3\\'\\"\pvR*c^0\Zu|\~}5_\N\sjODYaC}Fq)59\\2r}*3JdP!\&\\f \\\p9\A\*I\*\0\Z3\j\\u+tP/\p=,9\*1P\0k0\"\F7~q\{M\Z+\\&&6\\=\$\9Q\{r?Z\/x\N2\Eef\\\Z_:(\\zW\mk\m2\8\o\sL\ro\Z \<?3\aOl~\\\'{?Z)vWVGS0A|K@+grcag9Y?\\'\Y7;x7O&\i3\{9x^\\7vHZ#?x\j\Gn)HAw+Gj\\P\\=d}a\0\R-t%4A\\KL\\Z+\n>T\\\m\=\\\\)q\=\xo%	@j9$\ M6\\`E$\iBN7\#;@s;f@Gj-O!\\^\\u[\xo_!~t\OqM1-\E$x+\1T\0~\wIa\\=n-]YO;\4.9T\A#j%nyi8(?\zz|\\#<\0F\\F9n8*bHEGh\0\c0\*r\5.08\1@w<\\vz;\(\\ZH\nHS\fJ\4dsz#KC9e\W;{\7Voo)%~^)$v\S9E$\dI\	{\n\ZXpF}1U	\R0ph.GE?=A\'?J\\sS+t@\\i0zf|!$GaL# jp\x\D\$sN$\0IO\0\!\H\Jf\\\3\@lH]\\9?A\rjs+\1Hhz/\t\o\3\}E]0}\0H\=\0kZ\OjgjgU\dt,-\g)X\\\S9\"g\,\Z G+\\[Kq)\Mf\fLU\^\Oo(\8=\j\[8\\j)\0}Go84\\\p1\\\\\<\9\5Jz4yo\i1DuLZ\\0{t\+\Z\\ug6y\HN@lb]^vVLw\0[l\04rpxQxs\(\Z\:M9\=dEJx\2s\\lw\\Zu\o$9I/B+)h\9\\}K\a]3XX5\'|\?\1\}\Y7!c\of\\\\^\o\.8=rEF\"I\/\0?-h\0	i4\D@I \u^!BB\Y\\\\'$_M6[\PQY6\0\9P\Ue#X.xE\0\\\Z<`t\\0\C.y\'\\V\mqmj\0,TOJ\.7+Gx\Nrvx\\\\D[wTPe\H<k(\f&:\ojo\"eY\^([(e\G\JC5tI\"^\\0T{\g\N9\\\\r\(\O>\\^U<Fzp+22z9O!H\H\".,%I\$t\"\\&C\\c\27\H1;\\8\ZH\dQ@\'\osHmE\\\`sSh\cmKyz_\0U2\\y.r\F}\{77_c\xP=G\@\r\\ej\\B\Z\_c\nW\1E\9=\\\n\%+aG\ku\Z2&\"9|zs*\0cs\\.Rk{ 4V\`=kTP\HX2\q^\\\i2:y=\\\\_Y[/!\7o\\`\#\b\\f\\\\"UPO\0\\ZP\n\h\d?{\{~2i\k\mo\A>R\nq-\\\r:\}\;/s\}k\O\0i&/\Zn\!\\Oe\U\VB!USN2H\_d:\Ls!\Em6m\84\\1\\$\\"iq6~p\\Ht\0&\\l~u<\\S\YHKFGfM\|\u?R%j\	\F<\\?5\g1=8\>\\\Zi\M8^Z2X7?QH \\T\"n\Tdc5\\\L{T_Z\0x\CQIIa\'\0psU\LR*s\z\~i\) P\#\ZV\^8\{\z\42R@Z\\T\"\\\e \oz\8\\5m \\\Z\?YY2\nsh/y921\\He[$cQ\SON2\Kg*P\n:\N\\\J`N\0,FOSR\0\\P\0I8W\C2s\@\r\2\'N\}\\\\Hhz@3N	_;Vt?jOAZ\0>\IU\3Rkv[e\n@\\[\\2OAKsEf)$?6\8\_j\\\\4EtToC\_\ut\.U$9(~x\;OtT_4Of\\<\\N8Tgk\-kH%\#<U\Z9mY\\iJK[\>&p\r\ZJ(\\u\}Fym\".$\Ozf)1\"5v)EGbH\ER\\i|\bJFi3\wH\}+O8\~9>qq7q\\Gm;6?1\\\.\\-\\G\\\_\r\a5}B\-\\T&pW<u\]NPe5C@\t-:1 \\\?<O/m\Mk,H1ta\Ccmi\Dwn\0:s^Si\kq<\n_}i\\6{	h \w+\H.\>ghzR*\\\DE\aqZ\\0<.\sX:>wW(#\0Z\\o\H\\\zV\v, @OcL\2Yry\\\8\rN*8\V:ya\n*\\I\'\5m)QdAb0wmF\l\AK\[.v\\\x\h*\8\s\\f\"\\r=\H\\jW\\m7l\\0\bkmnaI\Z\\kZEy\z4\\g\hG\\G\f9.}j\uKk\Zm\\7Adu\\\Z\V\L\p\yU?tRC\P\\0\n#\|Km\\@\k\m\z\bNS^\4M\\q#\\0OSYt`\\Zhuu$rYQ\\3\i`\kNk\N\\nt\42a\\i_65\'/V\0X[tl\o\cE:%ZY1\\*>\X\@\q ^\f\;pND\mlB?tA=*@u>r\*K\'b^\S\M{_\\0Y}<2p\\zG\_)Xlp\\j\7SYB\(\in\\AI\\U\\\\\[p}\~_\\Z\T*\:\0?k\.\\I17P\0b;?J\0d5\rr\rz~_\%<\~3\\{}\^ME2OI#h\\V\")4iOt2\0W^\ZX\A\cr\eFp\4?\\\m|\<d\Oq\^jiY2<\7Q=\r:\n\[C=WOs\<I\0\)_\\s)t\r_ \m~\d\\<H=G\l$D*\OQT\\T\1R`\_in<g?\0LW\\R\7\SAP~  x\\9RG9+6{\tTp*\0\'\\\\c>\y\\<.\nE\0`\z#FH+=+ki\m{q?Z\\Z<S\\\G Q\0s\=i8\\R=9jON6\Y\\T\n7\Uu?(\?Zx\bv\Zcdpj9_\\h\i\zf=\q\\\R]\\\+\bF\K\Z @\[&8\0\{5E\Zk\\nc\4L\r\\<U{\!D]0dV\yc]_$|x\\(:SR.)\\?s\F}P\<s\8Q\\:laue\~#k\"g\9[/O\1=\\\'7Sg%9{\'lNkk\,\G!#<5\~\8\\\\OI\~\<\Z8mB\]Z/K\#\?)_XC\\\Cv\B\\Y\.i7j\\"$\U\\I\6\d\0O\\\? \zhus-$sv\\mi\.H\&\X\\\\%RB3\\qv;V4-\n,\\\'/S\\\H\<S\V\\,\}~YB\r\\\\"xk\\\Lh!qo!\C=~k\Y-ZK\oVy\w+?C^O\\x\+>M[8\\+kvhgF@pQGgxY1%\\q# ~@\C\\\\:bM\~\\w\\\Ln\b}k\mb\\~Rf?L\:\B{y&5\\2\0>\\F0\0}G_\\^V\,\	\5\Z$I `\JeT\i2dI\n\_;\0\\ai\$H\;/r.t\y\7L-\a\?|wu[#\k\\0o !1\Q\Zhmk[<2)\\\QGj`/lW]k2\nT$\0}\U\\0P2O\;n?O5.c\\\\'?\j-V\\RN~\D\\>D6\\\}J\O\\w?!g>0Xj\g ebr\\v\?o4\ak\F3\\?4]e\\'\0Z^x>UeV[\OU?\\2\>\Z[pI\+\'\"e\\|5N0\\g\\I=H\|h\\h\\\ReamxydR\@3\\\\i\bOQ]7q4\Zq\\\\.m\\ntKqks0OL/APYOWc\*\rQ\UpY\0\:T\;t\f\g\$IRp;\58;aFE\0L9\Z\okio\Z\C\8A\\\p%W >\\7\\\Z\\0O#2\\n\t\W\t\\j^\6ia\0F\\<Qa\Z5?\njSMy	(d`9\\5\\\\	#h\~$;}G\51\e~I\QQ\ZM-\\ns\\0\&\\Z3=\\C#\~|Q\1\\\\fc	?\\0*\Rr\\\*\\vtz\_83x\r!-g\\\0MD\e`C\Z|tE@?_X\i3#0jj\ZQo-cL|\GS\\VVB4\\n1^M=9\=T4pS\0qH2s*\nq\uPDmb\s\Ijx>(D d\&o\\ `{Sgi+#ZJ_63V:\Jo\'\C9oE0|\q\\m\\rm/J\"Q(W,G\"{B{f*\uhg\\{yI?w5ru\\R\o\rj?jd;{\I\$t\R\^TT2Oz\t\8\P\\\^\\\0\sUn51\\W\1*\nD	#,O^$/2_:\\7ak\2<Qw7|\\\noMgT<\\\\d\r~D)j46\?\"\\]m;Q\'T\cp:TJ\uc\KTO`U]\\9dN!|d}g \Ulvc\0yOT\{E u\\Zvj\]Nc<2imlu%f\\~Gqqd\\\Vo/\Fb,\\\0\\\#\r\\q^&\o\yu=5I!Ix;)+H\I\\%{\\eHx15\0R\\'\Um\5\h\\O\]5lo\\\W\RP\E)ny\Z;D\e9N5\~\0\yyZwK\Yps\X\\\Z\'qJ\0\s\Z}mx?\\04\\dB\q	5\\Qiu#EZ\\]b\O*Y\\cF9#G_$\0I\(\GO\6\Z\Q\r;eg?#\\lpE\%\	\Z\Bx\SX7n;s~j\Dua?P(\Z<>UQ\F09\X$\&JFr8 \~ui\[\,\a\]\nCc\0\|wa\4OF\\\feY\\\_\kw\~/\|\'&\?\3\H=z\Z\0\|sVqe\Y\TeF \\r}]M?S\j2y27\\?\1\\y>;1\\%{\\\>\0\\\;\\a\"\\\N:\}2@\\[	\\+\|\\qloGL~z\\QUS\\\q2\]S\w\\'[d\nG\'\H~VW~\v\0ky\./_-4nh\k5	\\(\\SO+\bNj&B9*iXkY\d9Y\}A)M\\oA?Q_4{\>PrEl]\3A`\v\\P#\\g\.!heYr\\Br\\\fj\7\\Q\\\u1O\"#\?1G_\L;\\| u\{\\\rU\:a\"sP18 \|\\-`=nG!W\0:=cB\t9\YN\\\{)1.PO(|EI\N*\<\"/\Jz\\\Ol\ZlLMF2Gzz<\X\\\ZYodHF@\*\oS\(\\\\c\0\\r\X\\V\\H.\YE{O5C8\\j#/#\tE(r85h^0\\"C<s.\<2~}\\<[S\5{2x\\\<k>\)t\r\1|\\?\<mn*\AqHg\'\\\RP-F3{gWi\yPu|\P;\\ .m\'+f91\G?t4\0\P\UA\^}\/	\p^{UQ&7\4/,\'/\qr\M\|\\n\0{W:\i[_aVP\0\\^[wjL\z\\"5nT	\\\0_uQ\\q\Ll$:\sM\w384\0\\\j`S\\h\%ZR8\V\Z*\C(h\;\\'h-k!G\\\\\m@P1\v\1c\\&ns\5-\a\05~@Nj7\^)\O<V\2\r=*\8\O!;\cy1\4\r\\\zqKL\X\xY(\I\\\0gj1c\\e\'\=OW?\-\\\0z!\0U\0\00\0\Nb\0\U+<i\A`I\+\\>)\h\\G\@\\\nb\08)\\R\j(\\\#SGnys\I\BH\\>\r6\\;\\r\\Iq$5D[X\0\#_0<oI\t5VL&V`\\\W\`*|8$$I\\\MC\W~3`1\U~*xQr\,\:\Ic\"\{\Z\x+D\+\\JA\\FG\\0lg&W8\ \]V\h\Z[_]1\0B9=0\c	\ZQ\\01\M)[q\i{jdR\?\4\\Pk\|\'\-3\[\vy\\\{\\4=\(e;|\^\\'a]3XD\m\\r[?\+.wq\HAZ\\%nH,@?\zX\u\rwOF\R)\\&q=\\nqbyV\9\zW|4i6X\f\=\^;z^dRz.<4NIox\\\FY5\\>\\\P\%D{w%2A>\A}wjI\\\u?\\Gpz.\-`\m1|\\0T\0\\\B<\\\^\C\\h;\\5yP\}\W\\\UW\^,~\[V|)2n\>bDcr~e \b}\P	\(\l7\U\s$>S\(\F(\\w5u;i\,MzkY7\c\\\#\|{Q\\VZ\\\1\\\\Z1k\ya\\=CW84\Zui\RA&{z+_$\Y\z\u\7\H\+\O|_\5\\\\]\n$oR|\z\G-Hae\e\~\0|\{c&[2g8\]\'<xY\\\W=\o\\\b$	\@H\L\\U-H<\n.>tgg\r0\c\7\@`7~8\g[\BO\Mh\\\0wdM}\\\\\}:\\Q?# m\I|U2\6\\5\d~\,\Oa*LZd[iE,$|\\<~?\nEV\\KO8=!$\05l\}\\\}CPk\	J]ZKLE5\n|v4{1(\\0sSp6!qW\H\\JF?Z\b2V]\-\2	\,|\sjJ\\rDsHy#^y5\7<2a\+D\!b!Jf)=GcX\RLsLRCjB\\\@	\'9:\\\\n\A<Tx8\(e[o0;\(\\\R\0rDsVl\2#ms\	\#H\\\<]#g!W\'\\Td\G~7.DKjF|]KPO!}\z(U\0\\nDD5HUQ*)ebE\"\8j\umI&kh[\\$pz\0=g[\]\6\e\B@4\\0Gjk5q\B\N\'4\@I\U*8\N\0p\\6\ZvVe)i$s\0\@\e\\}\Rxg.MnIR?C\E\mu\8^Y6\I\\j*cq}Z\n<\\y\J28Uo\D#Iv\mya0\N{\\r\\'|\\#\\?g	//u\\\DOsW{\\0Wm&H\)\I\WU\o\rYSF\Zu\O\'1Zm\vlM*\\\\nXu\\\\\\\^O\\0\Z_fTlK?<\\^0\_e-\\5\\0d{\n9SA\sC\`z>5j\53~/!\:\?t/@\\F\\\5\\'xVM\*9WQE\<sToug,4d(\H 9Et)kI\.u1\\\\:3a\\8\\\0\0F3\\5\\rj{}F\\`H\r-5\\ZYV4f8\Z\MF\\\\j\gH>czt\n\>`w3I-p\-\\GO/\:\u\&9#E\8R:4\\8\$e\\:R\\\80H\02oJ]7W\$wo\!q\"\b=?1_\\\\\3``p*\h\\\X]Imq\\`v\:%q`\_\CC\x\s<<R!G\\_Cxx-E\\~>\x\OB\9<\0 8Le_w>+\(\p\*o\YH\\17Kn\:z\\,<|`o \#d\\zU\\\\3pj\^G1\\'\0\l`{f\Q\(R\i\r`A\\,d-\w^)aJ2\z{P\\/<3I?e&!yo \,G\FEy~\rGkzu]!Lo#{q\\\^+g]i6i\\Q\l0?{~3\k5\gP>?\9+J\\ED9\}a7B\\\j\xUc\M_/=$2_\\0y\\Uf\O5sZ6\\v\&u\abYs1\\\rB(\xq\q5\\@-\3\\\\Ukt\E\\W\IL\0f<_v\?]|u\"\0yA^e#\\-ngm\\!k\zx\"k7JX\]\'\\^Z~\\"\0((Y-\Rq^]\_*;Ot8\^Y\,\\&e`Aj\\nkfmax^& J\\V \T\@r(pc&\(MA\\\\9#0\x\n\/\\chT\0cM(*\GpNz(\\`\\\d<U*\wU\3k:B\'8gg\N.\\Hrk\ ;hV(\Q+;@\4\\@pIX\[37#\Y\5U\D?\z\.y\\h\0=I$I\Rv1TuE3&M\<\dp)V\y:sO\0Kiy>l(,{W|O\\h[\Jl;\\0etxp?tyv\\s!\6v]=x\*\\\z+inx\d\\\\\\ \\l\\\0\\74\y\B\\E9w>p^\8\}\0*:\xH&\1;\WNT~u+|/\e\w\\y\pB\'}^?xw\&Nd\"X\\+\>{~\HX\?\[Uc\08\o\wu\\r}am{\\ZY|1I\"\uU\=5}K-\Z\w\Gh\x$74&H\1N\n#j\@\^O t\8W++\Ua\tp7\\"\0uQ\k\\b0>\\\_	\c<g5\;3\/%ui\h\?y\=Sw\U\\\G}\?gtv8\\\n\03\'\u;\:}\r\+~\\m\'\YGmM\ZJe\\Z\M\\[^D\($GZdxWk{\|J\Zc\\kO\l@\!\+$\Zhd\Qt\\S\\G\wQHn\r6W\z\082i7r\r>\3Lhcd3\\\	Q\+\<wH}&\"8\0\/xu\\s\\N2HS\^\\_lvi+\\\[\\?5\R\nt+Q0]Na\E*1|?\1n\1wEq\~5\0~k^[a\\g|J.+j\qSyx\:`\|,Tq\Zb3\0ss$L@sI^s\\j(|\e\\\\0ih$u\0S\T:k25q\4\,\IP<hO\\rg\\\r\\~1\\\\Z\o~{9\\\_5M0^\\+fW\=\u>bA\\\O\<.4\r?wd\'\p3Y\ncjUjQ\M\\\gzWA{qq\68\\0\n-A@s\55\\{:\ID=\\0s^\'\KPs@\0i]+Hyd3H2\sU\&\\-r\\\M\8\2_r5+!JZ\Z4\0QE1Q@Z\\t\'\3\0aum{FKKC\M;	\\\*H\0u;a]\`Skr1\Kox	<\"\\r*\r\\\&z`c5c\8\G+7\@<GQKpq\\ZFH\'\nP36KkVCkJ\q+\>7Kp\p	\rj\"p\Z\P\0\r!A\$\Tu\'\\X\.\\o\\\\I{9OGjF2I$\SZon)\\\E\0\\n;v:U\3O{+\0\Zb%Y\\Y\<k\\TSu\[~)%<Ra\lg=M|\Z>})\g\\RB$\!gf9,ORk\<f\\d[~P{W\)g\nk+R^\Sc;\\\\\d\\Qs\_OC]Z\P\'O\\\+v3|[. eA)^%,/\TCu\k\{Y\a`Ax\KkmIC|\Gv\0\V4=\\\"{\z~8#q\\\\XuFDK5\?\w\><\\0Ku:aO*?\0[&;7.qj\\o4lRF\ /\0zW\E3a\#\0;q\Y7UN\D4(\n4\=;]\$d\0z\\/xa\-\W8\|	WZd\\dncW\zv\O\Z3s3\;z60og\G\rqi\\Q\0\nIx]Dde\KM\qJ` <s\\[1F5ps\\:9\Z\'Ye<bExO\\Z\Bo,Qy\)\'z2y7\/e#F}\|\V\\f:q I=|:u)cGH\Z^:=\-\9)\}?\\A$N\*2:0`A|\SaGiyE\?u/\?\Z(\<WnnxW)\"r\L\qikOo\<W\\#\|L\\\Z\SQ1\~Nw\~\T8\0h\xO\\-\\0c\+\	B\o&\o\\\0\HpJc2\H_tRu\\@@x\\\7^e\>F\0\n\.\K\yG\"\J_|q4\*\?~Z}O@\tFO\#\F\"\\\\GvP8=\rz7\\5\'??S[-\"\@\\,\\rq3\!\1\5sbo2\XrjN0?Z\0~Ls+F\$xb\ZI%`\*)c\\\#K\F6\d\0)(Hb/k\##u?Au6Gko\"\neZ\\_\\Z#\n\0\\\\IT\(#\?t\"\\r\\\/\^zW\\\\Z\0\jd\7\nY\I\,*Ty\	WG[qy>fU [DT`}P0(\0)#\"\HG1\Oa;H+\u=5ghM;} 2+ZWA\Td\Y\{|?\mI7]\\\5b\"c$QIp\\[0x+_/\\nu\v2,f:\P\/\+#$\93\+-\U\"\#k[M\-48\"U\n1\*z+!\U.\'Xff@$\\0\ \\~_V\1\)\7[Qk2!S_s\U:S9Pf\$PJ\0c\Lf\_rp*\L\0RA<Z\0v`Rzz\Muuc\k\\!w;H&fU\\n\_%5s\F\\H/\\Vb<F\4\TYOh\L\B\\\k\7Gen`VdhhRX\/\\OJ\\1|#.~E\\\O\mF*+E\1u+]rc\r^.\\\I,x?\~\";	\\\\\B[VG\0k\\:jk~\\B\x5K\+Bd ?zyf_YW\z{]E2\O{bNv1\17FV\\K\Xv5]\0QU\r5 qa\\*}j\'\\\\\Z+\>\Kk\U\84_i3Za<Q\\Y\\\r\X4\m ~\OV\>)\i!#r!=|:\Z_[\|!,v1A#r\\r$\{\-\08Y\0Zy\_c\\^7\\)_\D\D}\x~\\\K\5su\\K-\X`LZ`X\\f\\\/Qz\ZX\!\\\Q\}+\=\ud\[Hp\\\CcRz\[x>EA\vt\@wn7)9cY\\\"^G\\) >\\nL\[\x\q,I\"\[9\P>y)\/tk\\-C3?{9\\Q%\E\\\@;\g5\r!\+P\k\o|1\|]jnmV8\r\r\|U\M_/4@()\)\\U9c;s\'#\0\fl\.\rJf\hfL\9>31.\\?&\$\z\9p`V\*1)Pc^\\\Kqjm.b[[\a\[\e\\\r\i_ \;	;m\Z(-]\X`\o.\Y\}c\X\\\\=xw\l|5\0c\?\\\y0\~\>3Uhl\n\~Q(?Swbxt\r\n\rz\E\c\\;\\\+\nxL\ob\\ra\0-\los1\\?\0\PQaT`\n	\n	$\09$\\M$\\#w~t\xUk\'B~\\G\r9<k>7\a\0U\n+q~\\W(\\*\0\V(\0(\0J(M(\0QI:\0\\kSd10(\$\*(q^\;m\'>\ZJ{<\p9\V\tO\H9o\Z\0}v\!#\\d\0:\L@\\\xQ\\0qQ\Zy9\N{(\&\\\\\0)#+]N\\E#\\\\iv\=\\\D!gw8\Zn5y\,\Uzy\=O\{!\\\\\Gc^=s\3jQ?Jhv\9\^}Mz?1\H\\<\"D\O\r(\NEwS\0dPQ\0\ny8\T\Rpi\=\?\'\&8\5*~3VV\7v\\XLF\\Z9\UY\0u}mp	\LM?p?:sIs\Ve\'\A~\hC;p\\5\\G\mu\0o?w2$\\9Qdz\r2]Z?\\|\{\imwo$\\V \Sd2\%\i*\?\\\n\<2\U\\<N;*Zg\'yV\Z&\~\_\)>L\\B\z\r\:(\\o_.Q]G\"\bx%1\\uA\2:\um\1\\6\0\0?J\5-\"{\7y?Zbhvj\Zwm~WC{\k\S\|e/\\M9kdu\LG\~7Kx\\]\\xoO|\\_\\0_[2\d\\k\\c\O\5`s \0`t\JEQK`>6\i#x\\\^\\n-3#!\D!\\b\<3y\r6\\\\\A,k2\\r\ry%[r]W}IXy\\zM\>\1G\cX\\nn#eaJ\l\\S\c`uxFTHn\~{Y[S\\ZD\'$\-L\\Km&\\:8X;[;&+ $\ \a\SZ/!>OAzn\\<R)1^\?kK\+;}zWg\\\Z\~\2\9\9\r#\0\@$vG {We\$[Y\\"Uc	\6u\!O\*\\T\bw\r{&,6\ Ab\\+H\-i\$1vE\2UW\\\"K]BAz9O|z}\_9Itu=\\|$c\|9h-ztv\0\HUA\>u\ZHT5\0P\0\0\6[Z\3H\&O\^\5HI\"EH\I\+\BK~D(\v\0>\x$B\[\0\:\6k(\G\4iiVB(\c&m6\y*~[@UU\0tvx^\0Z2z(Q@RPIJj7C\HMU{\z.\\\b/<G\=\\\\\gs\2\!A\MUIy\\ #ORi\A=6\nNi$ Z\\0*Z)bUy\0?4^m\\\ZN\\\fh\\ZdlzX\'5\Za<hc\NH^i \s6\S\]EZrK\rh\O0\0\'\0n4m6\\m\\\/8<\\U$&A\\/\\'CBG?&\z[,\e;t\}B\\\[\F 4\\nr!y\'&xoBS3!Mh\Z>7cGJ;TF&\zY[\ncN+FC\O4x\0\\v\\0\\&iipH\R%\VF\c\\*tl5Q,I *:\h\Jd\\n\14Go\0\<D};  \	!\nI\0d5Y:\n\0OX\\DO\\\\\\\")I\|}G\\gIA<[e+D8]^\C]\\\3SFsC\"M\H\t4\Q\+\.:=Oy-\\\@N0k\S$\LL\P9_ck?_\[Mqw:}\{j\&xtvH\\\X\F-\\"=`n*\u\0\njn,A=\k:\G5#<\P\ctyI\\\\"`pA\^\}[j`e]x?z\\"\\"\G0g:u\Z:6\Zwmxd?\G\\Z{e\Q\\\}1\_vLgz\ \J}\0J\\\]\'\5\X/\n\Yz?U\Mz_>/j1Y\F?\=(C\~\|5x\\n\\\\f\\\~A$W(W#>+\{fFy/t\\vR\}lSu;\\GF5\i\dVT\\c\0]JFQA\\Z\Wh\u$ayW\|\#u\\+	1\kG\\kp\<qR/\\\0}\\0xg\>cK`HOQ\+\{U\I}rx\Go\^#a\\\]Y\$3e$ \syZwvGh\\X\\\kuH8*\N\<\'}o\oh~2[<+.\O\"{o\r\\\\\Ec}`-e~2RPq;\no\]\\/3[\~5>Y\iv\\0?\,42o&;}\\\\'?V%,G\aRd\2jZ\Ki\\\0^v\.1\&m\\Vj\"Geu\\2\+$j95Fo\8>L1j\\n}0\n(Q@	H[\\@\)m<\\]UJ\Z\0gZ\\-GP+[jC8\n\R)\WMwAu\+\n\MAe DiI\DE.sR\\[EL\Cq`E\\f \\ WarN+_3y\cAU\X_&\\e\F\>;\0UZI(\\GXO2@\_Eh\\N\@{\0!L\%-{\'\q4\\\!I\\\\J\\+a@F\\KjI\vV#y1+{vQ\{Sxt\\=\Nvyc\\j2j\\0L@\wJ\B\z|\\\\/{GclPU_xz=>\\'9\+\0(\^\\r #\0S3\s\+qLG_\KSD\FzQ1\ZKQRBN\(N}P]\m?^j\}_*j\\\@`Xk?:]1\\fo-,D\\r\,eQ\0,\<\_I\' v\!\\\\wxbbb\h\/n\*~m\sM#r>\*a!\\\\C>4\	,\\8=\{\\KB@\T#\?\\+\\:\.m&xf\]N5\^\rm~\kl\t[X\0\\'&\6Xa\A\\wy\Zd\v?\kV<O5\\Gp\\Q\\F\iO\\}:P\\|[y\53S\RuFx\{G\'\\G\$\>a\z\O\\\/6\T}r\+Ii\\ {W}\8anO|.T*m6?\\>\'`<efGRps}]+?yN2\rr7\e&wG\@85i\V&\u\K\\ir[CB;+\h\<C\Zi\ 1YH\JSWx\SO>\^&]e\\0\^&\>\;\[vT\'HG\0_-\\\\\[\\0d\0C^\r$h\+\$\T\mq4\\\$\o\i\COg^*hPQqw,cJ`\~u+e1\\\|\Y\9\8\\\uv)\<+\\\\\\\S?O\q_H{yj\a\M\\zq_0\Z\\\-QgHfGT)\^<*Gp9c\0<W\?\n\j/\$H3qSW\\VQ\z<rh\\rVTO8>E+\l\\$P\\*\*zn\8\y\z\\z\__p\%Hk.Vj\\\0Y!\g&4jY@ \x\iW\a\\}+>\\cB8\QE(\0J3Y\k\yrs#dnW\f)wB\0,\\\?Qoc\h\b\>(\G}>\|QFEm\++Ld\$`A\nrFxXg@\r:a\G5\\0\T\'6o#AH\R_/{YmqW\nd\@=5F[9Fov9u4\8Mkfyt\=d5\33\~|\!^[r=\i3T\\09<bC\\\O0\\	X3Mu:\KuQ%/?S@M@u9Hu\*>\a[\ruk\og*&\\5\T4\$\"w7\\GV?zu\\\LH\{\\,\v@DC;%K\0\Z\xU-`IdQ+\'~%.Iu5\pB\\0\0\n\\BZv \0t\\Y\\x\'L\TJ;A:sG~i\\F3I\Sdu\H\'j!>%\\YG\\r\:OuflnM\0:|~Z\X\0\\n_l\Zk{\m\\\1\0i?\r\#\\C\(p=\?y,\<in\\0V\p88=\d !F\;\V\(@x!)9B\`=\Z\qQ@#j>e&\\<\\0tt\<Ax\\\\ $$@m\Lz_hwsc;\*U\\V>\\\X\56^7\rl&dG\\uz0\GZy>,z	%yfc\0\0N\+J\JpU\\\0x?Me\_&\?\*Z)3\d\Da\rCC\X\\=MO\w]E\'	:UHg\n{R\@\\n\BU8 E{\rea\r7V\\\1\C\O3(Z1p=\j\^\"\9G}\<u<\GqT,\'`nC\\CUr@\\>2\~%D\@P\\S\\c\Z\(oi^iEb\\\JH\#z>2jhuB\\W@~x\'\\\hC<COj[_@\H;\\nm\	Z	8 \W\\<;\K\q/<d|.\mc3)\"Gxi\5f{v\+WSU27*\\"i(y\X[29\4\<\6gmO1\\\\\\R-W\\p>W\r\\0\r\c\0NF\n\*$\b$b\\\x_Z?\PzI\p[Qg,}Mo\\;YE \>w\,m\~\k\"<w7tQTEj3i|v=Y_&\B\\zmMI\"ubK*AI#E,N\0<\u5{!\"\3)\\ird#3s.R\\xE\0\\^\y\'v3\1Rt%b2Z6<3Fr\KOFJ[\QWI\\\YU\\\)\}+gym[%\\\ WNxj\\\ZM\ \'/rz>$i\\"x\\\\MRC\C\e(4vVN\5@\Z\X\\~\]*oCe\;W73<\\,\$\\k\\4\\\\\]X\ZhA\D\\\\Vles\KU`I@ !y8Ob;\O>Q8*\\0k:\a*\"O\Wl_\f|\O5\'ec\m*%\myc\\+x\"YS\|[M.\\\[\7SM\=\Q4Dd\{\$w\'\@k_\Z\\k(	0n%\)\vGdW!V\r\"N\=X\'5\/]z\\\t\\@{\lze*\I\\Wz\\;Hh1>1H\)ojEYf>n\\\"X\x\h1\i:t\h,q)\\H89\z;zR\\M\=*\%\"nN\s@sb6sTe\xn#\\k\]V\5\\\'\k\>)x+2\\IA\\<s^+o~	=\\Gb,!# sRf8\z+\g\0=TO%\%=G@$2qzG\@\Z\n7=\HT\$\V ,2CZV\\CQ\\p+r\n\~\n\SuN\r8\\9R\ni\T\i0\\+\\|NeX&\0Ix\{fo\<\|J4\\0\_\LqM28\\0\\Z|8\\D\4<=G\^A\z\0{{\j\L\%!Q\r\rM2[\\a]Or+\|K\+L[_u \C&\G@6? WbCU\\+\\\\<\^)T5xz\P&\\t9\\0`y$\dF_8\]\nm+m\68oeCpf\'Oj\_h7.\'\l#_~#i\b\UXm\\c_)\i-\\\0\WQ\\S\\"vc\)0=\\?l5Jd\\<5\7\FH\>l\rwb;\=E\\\l1~F&#\Td\>xYM\#sek\</\o\\.H\\\YH\\\PSxF\>\}f=\W&[8;JLqS\0duKijpp\\z\:I/\5S,c\'-F=h\\\n\Z)\Z6\G\m  GYu\'\\_\[ \n(SRK8\L\q}cT6ga\\0\0\KC\;H\Y\\z\\dj\\V\I\\}tj3[wg\?\XJ@\9:\"HeEl7Td\ch~\h\\5P%\\\i8~sQ_JN@\X\\\)\fry\\rQmBk\r+\\\#\q\\8\\\\xgD7\![vzQ`{\rj\L^\\\\}HUQv\0vg&\r\\s\Sj3Rb2\l\H\\Lv=\MU[h\\\:\\)e89aA,0P\c\d\\\d\>^/\\Z\Jg|WxADZfm\~c\G\<3@\=GSw\\K\X\\"@bv#\~\Q/]-P0at3s\Q=2LZ\O4Q\\)r\\c08\{ci=,RO\Wt\0w\\\jhg\\rsz\^\o\#\_S[\)+fH\Tb~8\[dU\0\(\4G$)AWm1Ex\0 QW=)\EjA\!1\\ 4H/8#nsH2h\I\&!	\@\I\"X9\cq`wnqT\qp\\\\Yb_W]\\Ncr\M\H\nJS;L}Ia\Kctcx>a\'=)\\8\NH\)\\(m\<\@;\\*%\\tq-\\<Y>x\\+N)E\X2Fy>\\\W\\S[\\\m\"\e9V\k7\q\[1t\vZ\.\}\z\M4.2 \\\0<5\W\.&f?<r)\V>\Q5^\0O\Z\\\{{\\O|_x\5\'\\\>w!\w?Zb<\\0\t{\+u\1x\\%\=Q\_F+d\#\r\\\\\m^q)3\na\a1]F\[\\Ye\r5fQ/\cg{^5E*#\Jb\\\0\n+\4}~Z%m]m\c9\n\(S\\s`\\u\un\\\\\N\:8\7ckte=A\*[\rcR\.)?\W\WZ]9\Q] \*n7\aOI\}u^q3\\!\\r\^\\.]OX\+\\I})oo	E\\KY:\1\8\\kQ\cFv8U&\\ZS>d\\0z-) E[5\\\Z\b>cTtUH\\\\E[p8Z\_A\n\\\SQEXZ\n\[q]~\=v\\z\\FHF\\\\\\0`\\\ \\ef$\[e\I%\\i#\F<p<\\q\0\v>v. \n\V0=TSUTY%h#0Q\g\\'z8\0i\0\0GZ\\)\gj\H\5\\0s8\nH#\\^\\\^[\LUy\'\lq,M{0)2*>j\OlSZ\"<SI\<S	s\T\\ +:h\mcZ3PM$\\J\"wH\\\it5\.bc o.;\\'`=\^C]^\\\\\'4\t\'\\Ux\=\B\\O\\xU$ ,q\+;+)H\gk$<5\(T\0\02tQ@\0T;V\Z u\BIJ\$\0r\0\*v\Go\\\@U!\T\0HQ,p\SvtH.^)\:\n>D~\\~tR%Q\\"G\'\'jd^j\r[\\Z<La$*zH\\\IT\JFzvIjK\$=J}=k;NgW%$v?J\Yo&\<T\+T +U\\\\;85II\<\n+:\\Vh\EF~Z`A$w\ #\'\4\VC\vi\g\hQrsHd\A\\\.\0J\\\n\\!d%U%p\\\:\nVs\{V$2I-\j[\-\p4l>\gNU\{*Cv#\^p\r\`{p;Pq>\\+C\I>\_>xG\\\H%csbH\\rG\\\i\xdd\.Y{\T?u\Yu9A\\\\\0\nYH\FCL?\0\k\x/\\^\\\@\[Gz}:}+\n\\hCG9\g#\\$gx[\j#A\'\n \\W`c3\X\<|Mg{$CO\d_,@\0`OG8\"HbPU\0D-+\$\[?JgFw.z-\\l\0>iF\AXI$T^tF\"QzY]\30\:hAEU\0V~\\z{\^+8 V\>%\D$%|d<du&k72.KKYn$\H\02H|xM\\\mg4d\n1L\\'#Xh6=)\\\<\\T\L\\\e4)\}84t\0\\HZ\\xQ\k\01\Z\\ow\\/\\_stA3n\xpxo\QG\"\\\w=\+c\RHrj\L\MjRi\	\\\\Zi)zM\PR&f\?\\?i\.\0t\\0@l~\\|`a/\\]?u}3\{}k^\Q4\v\<\0S\"L\\q4sJ\\v(T=),m\\d+i>Iu\Z\\=i\sS\\0^aTs>\$u\?8\$\*\	\'\S\'\\yv>C*\\=p8\)OJpQ-=H8kTl	\GQUKb\#:PO<\RsF{\$!\9AU\\U\o\n.c<r*\N	\]^\\n7u1p\\x\`\xiiWb.^\0\o	*\dxS\0\&D6LFW\@\\\Gu#(d=T\\N\\\\\)\]KL	N\\P?N\$\\I\\ZXeH5\\^\ZK\\<t&Iy\\RN\i\\'\"+\j\\\)\\H\c\jARr	\ps/zRH`A*\\'=5\"cH\rmCY8_\RgZ\+\\s-6\]H\ok\z=Ge\p*y\*V^(\e\\-o\HPHaYzY)#\\|F\F)e\\'\{z)\V=\L\g\0>\i\\"\u~\t2\0ncY-\<;v\"c\\,\\'\0t\:S\$6\r~K)>C}:\0\\G+\]{-j,O:*P\0P0\0\+F7\\\}+z\l\^c\(5\%wJ\jg.6n\|=tV\iUN\TUU\0\\\L;|\Y(\-\PQIFhh\-\01\d\20\.9j[%\d9_Ni\uoxz)\`~\\i^0\\`1\\4\-Ro\\3zW|SSoirk\Z*\$J\Lc\7R?\i\=c<(\h\0j\\0e\\\\P?tdwBx<\u\\Bdg\nubN1\\>^`;a\\?\\\{bhe\G\\bIKfuB6\\d\\\HLjyi\ M0\\035\\\{\p\:\\O\\A]y#\I$`X@$=\0C\Vu\.dmo\\\&\f{\F\O8s\0NFs\_\m-t;x\K\}=sY>kec=:K*`k\\0\\\LUzkb\\rn\rE/\\g1\C\0*W\'1\\!aqLD3E\Z?.*\A\i\"p8\n\\f!\GqGS\\"[xt=(&\l\Z;x9?;!O\NSy\iIYB7q\X\\H\\"\s\\Z\\r=x~qa(!NM|\s\q\MKI\nJyXt#\I\NKzL7z~g\\\`G~\\	\\\g\\ rZnPe(xA\j\>e\BO#\H/L\'dZ2=\kS\\Z\Ee<pY\V\\:7\nX/\Z9O\M1{iWz4d2[vomIhJ[h\X7PGc\\A#O\L_\M1\+!\'79y\\d\N	\=\T!9\)+R\{\Z\01i\	\0RD%[|nT8{#ra[}k<\\AP@\&7Ix9\\n\!,[ \QxrOc;/E{> \\'!f[k\\<7W\;\Z\l\\":\~\`wFG(\\M+0$QF\C\U\J]a-1\M;\[\\0\P!rx-\\fVYf\n%v!=+\Z}PwNl@m\'\ui;\n\t\\0Ri\0~h\74fN\\\r\0?4\_\\X\\\]\:1\\\(\\\z\\0%\0\\zm\W<k]\u\ym`:\UB\tjn\[.\p\0\Hm\cG\_&\\\;|\0\\?:gU`wNc\"5\\udsQ\i\Py=E!\H\Zq\M\'T;\t.`<5x\|\\\\2pz/EO\'\V*\xTNt}=\\\\=vQ^\\?<.yr]3Lw?\\x_\\0Y\1j)\c\o$YMuYje{{o.$V,\\,{\?\*}9\SBfyi\\:ghF\sT!\\n\s@\Z1\\np\\Mq\\\-FK1\RXc\q%94\c\n~q9\p9\\*i2I5DO(\R1<[f\\)z*\-<z\`j(FBiGNM!i\\/Zz\\\O\F\0BP	\}Jz}+IRPJ0\WG(q\\gs-,p\;z\\JB3\ytR\i(x+\<E\.@\`J\\IkJ{8el\OBqL\|A\\\\b\p\\\Zm\F\AT\i\b\[z\H6\>2/#m\>X\\\6X\\\&\Ui-\~W\Md&oZD^m<\f\\'uaj\\\\8\42TU\\\=L\01\{\I{8\~\\\EqM\\F@\\\k\!e!#}CI#Ji\\\<*px\'9OC\di\"\\k<\Rz0=*@8\04:l?\\@\'\\\u0\\{{8\ph|t\\:&\r\=E1_\zTx,\j\0d3HBJ~|\o9\x\-&u=#\?ug\&I4eI\\}j6X)lF[T;\\zt_\L\\I4\\\\\\Knh\\0;w4qJ\Z=)\sJKs\\u\\=@;!8\}$_>\X7B\	LD\\F\!?4\xD]ipF(\n\?\?\\\r=~P\PoF:e\jZ\X?NEZf \@^\\\\"i\\\?\l\RWv@\[4\\zFANi\\\\0\\\pnn\"-\0v5sq\"}w\'iq,\*\\n\%x\\8YrC\\08?\if8$y\O\0\\0*\&\G\0\0\0h\|TE1\\%vLUdn| \aG\jd`H\\f2\drj\>\S\@Nr\y(\R\L\\\\X\\\rx\yYPp>Q\@\wzpAJO^y\sn\KM$n\]1D6O\G?5\M.qZf\\h\\7\J\"Gw\A\0*\\E/\'9\\\bN\rLO\B\jAJb:\r_s\\\/Mo\6x5\i{\\z2+\Oi\d\z2\\c\tK\rz\\_Dz=\5\\^|l%\\k\aCOCS\WP4SFD\2\0x9TnNsO\n4\zfM\;1\0DV\|\k\Q\\\SGr8n\\\k;\o,u\3\rQ\\g|>Z\\\\r3Mg8x\Iw( \00Ct5Iy\\BJ21\U\"~\\\\r\Z\Me<\CdYO*E$\UocI\r\)?u\\RGr\R:d\"=T\wQ\k>ev\\\~.\Z{\\\\y%0N=I\\#<D|\;\r\dq7v:\\\\\>\VF\\rTE/E\1@n\@5wOQB\\\Z/5K\"{\\7\)b\\\\\hZT>\mtp1\n\<DvJ\Iy\\\r\0H\0\+unJ\}c a<\O\\\d\4\@\P\r6Ss\8x\5\rz\nEc\0\0R@-QT#;Y\\I+#{\\l\\6BZ\Gq\8\\W0\1LYR\Z\0\\z7z\q8\\Zi\N{\\b\0;=k\Zi\3$\\1s\&Gy\_3MvQ6V\+\0%fW`\;\\:pg\\"\8J\\R\\(Pp\0#Zov\N	\{	.X\\\\\095<}Q\"\T\02{\eYz\Z>\;\0\\\\}\!N9>\\\=\0\\F@Ea@\\L_Z\\Q`-\b\w><_zt*q\U\rX\\\Nw:\\'\H`i	sM\r\sV#\<{\G\\5iRG\\3JPq`p<f3\OPiA\1T!sN9@\n)~EBi\~J`l\vGNO\<2\2+A\2y\"+Ym\g,	2\Z\\h\	1\\<\\em\5\j\a[}C%z\\5[d\\!\\\sv=j\M\\\\=-\pU\\4g\\\Z\<Ck\\&\W\\\*C\b\\n\\\([\j\Qh\2L\\|C%,7+\\[\\&#\w\e0}\OH9%=\r	cU4HAz\po:\-r\U?\>\QTI@b=e!%<g\\\\\\>\qVtL3\@\_vH8(\EAi0\\p\zn!K!+ IW\ViGr2}\S\M{im4cc5$I\^sf<\0r\Zf1\\&.\jl\"\0Su(4]\"\La(=\\'W\Zlj\\\\\\0z\+R\B\(p\\e\\\\W\vv\jo=M[|\2y\j\\nG\IBx1sIJkU\\@g\n2\][ +:\R9YiCtQ\4\Au+\'\\;P\"\\pS\Fv}2{I~{>q	\On\T\Z]1\*\z\\,\gRQE09l.]\8?\0\bGtyh\U9+\Z\[\h\9\}i23\bvyd\\T@\rs\r$) W\)\\LPm\\$X|D\WC\\3\^\OX\pS{\[lk\2q\	5\\\Zb&^X`U;{/\9\Y\E!\\GOJ\0yU;\#\0\sc]\\L\"hcn@0\*U\;u40d_jr\VU\oZb>6=}h@X\\*\\6J\0@\0\\\\i\\Wf2\\\r\Zh\8V\\"\_Z\0\(\K\$!\0\z	<S3U.{)\4\I$j\0\\\\G<p\'v&N3R\L\8?0T\\09\\\\SGl0\fK~\*5*\r|\\*pH\T0 KYF\=}k)x*Le\\[1U\\"t\qk|<\Z!\0\#\\]Z\j6muM2\rq6Z\\r\\ \\\\'IC\ikm\?]\L\zgsZ.e\2+\Uq&wNw<=_5cH8e\\\\HI\\\D7\0<a\Z\VgI\\\&\3\5.\0\Pi3\|%\r5\~;prCq\J8\Wmx\G;e}}+gP\\<AjX*\sd\0_2FAm\JStaTb $SM0$thW,/\^es\DC\\\"kg\\E0%!Px\uKxFOOj\q\Z3B}\%}6\zNX{v!WJ|\/Kf&q\\Z\&x4\sNE.	?V\v\p8QQ\@\Tm\qh\`FE9y\&\\"\e:\Zsh\Z\m\*\\\HE]1H\x\Z\<\\/J\\s\L}Z\[\}\\n\\\IQ\.=>\\U|*\$\\Y:+`R\[;\#;\\4\\(Z<fy&9zp9\\jh\q8\0\nFp{\?u\\\v\Q\\=\\G#_:\6\0E\j:q\\] -\~i>c\\m\w6\WxSO[	\\Ir\\\Z\Z\\"tZxVD l\D\t\s\[#@\Sq/\\\+Xp*\8\\:{\&+F2M\>QEJF\\\W\\U%R3\\n%| \\TC\YLa>@L;NA5b$\n:|\iGy\GJ\\r\\i0\\C\5\iEZB&\g*0x\;=\ZvN@\)\K\85B\Z\\)	9\>\\; /\\\np?F=:)sI}i\\0Q\Pi>jard8\JyN\@\<G\;sS\5c[=\"4\a\>5J@\Im\'\\g\k\0A\\JzR>{T<0\Z1Ec=?\n\D$L`-ih\lx\\ryf\\\\y\ri{\\<\a\(%\\\Z)\\M\"U~\\\=/\\5(ec\\^\\\0NGc\M\l\\\Q\+6$C\^r\R\\\Jw\\xR\N\\\\2F\\(e?g5\\W1\ \\\t^t\Ky\\H\\]>$\<s\5W\rXd2B\O`3Ew\\\Zae\\m9H\ h`w\nW<]hWq\2\Y\'h<\]\\~c\\\\zT\C4F\0j++r*\I\VSVP0A$s\\\/i/_;bW\MFd=r:\\j\G\UO^\\n\0-3N2rjK\\\X\9	*ea=* isb5\%\\n\=\W+\>z	M\mS\v\eY\'5{X7\" Nq\0\\UQ\G	8\5oQIv\}\z\T{/nzP:\i\0\>\\'\08:z*,sR/\@\P3\\OHm!$\Y,(\{\zu\\]^\	\T\~\\\\^]\\7\=~8&u\\>`q\\-\1\\\\%cT%F\\<+5wNE3<c`hw!n1\*#g>\\K`\n\0sScZ%y]B\5b(3=I\\N\]`\u=i\Z1\5Dy\)@\\8zU:@Q\I\!oj\i;P[\\n\\s\v\5{QLWNM \sRZ^\\\\1\\\9\y \\c(<b\\n@=[L\xT\#\:ST\{\dn*+\.zjZ.zTM\0X\rR)x76+&^ zz\~[k\rm+`S\'\y\HIm\a\\rf\hJ2:0\[RA$\{R`d\k\\{\Y\\5\p\`\zk\\.PsY\M\\z}+H-a\"@*F5d3\\JO\>\+\!dOU\+E%9\T\bM\wC:4s!\\\[\0G\+\|G\+=}<\\\0\\>\I\u5+U	;nO\\ZnZ\\0n3\\c1\\\\\\0{PP\0=Cc2\Faz\0^Ot*\Mi\\	rzVV\uw{-2\\/ \|\\\n\\O\Z\u%m\/\\0]KlL!d{\#O\\\Kh-m\"[GaW\HT\}U\n<\n]\\0)\Vn\\\T\$U%y4\"N\r.iVA\"\\>OPc3\1	qo\:\\\Ee\HU.\r=\W)\}o\G462>_>j!$fqRd\n\0y\i=)j]\0p\'<T\)f\0sq\PZw\ASLx$<.\.\v.pX\\-bnp8\VM\_^K3yr\f\'\zO41c$hG[3CE`Zd\\Zp:be9sIc;\.3 SO.\0$\qX2C\LcNq\+>2j&`F	S\H\A\6/ozTJ\\\n*\Oj/3\0I\ZyanA\0\)@ J;I}\\"\\\'Z\\?\V!>7q\)SL#\T\(=\$c(#\i9*Hq[6As&\<OFcb>\dzf\4\\0\RXn9\\\>qV\\+\\_=O\\\0`8_\?zj ?\0Z)\0\\\n\?*(`uJ#\f\\+Vv\0\QE \"\\0\0Z*\d\0@c^_5\\J6y5\i\\0\r\\0\4c\\\\\0\]a$A%:o\6I\nurw1WU2?\0\0M	0\0\\jH\'\0\0\QE0:5ZG\Z\\\ArO\0[/\\0}\zG\(\0\*N|T\0T?:(B~\\J&\\`K\0<\\SExO\P`\\\ \\E\g\2ECaf/J(cB\\!QP1{\rZ(\0:\S\0\\5I\0\4\!`#\o4QW\r\8\rK.3\~*9\\\\EwCL\\q0\I\Q\\\r\w\/\\Ei%1>	wHU!l|p>K9\\4\"Fy\\\'\QZ\"D7<\&?\Z\Z\h	Y8?ZSr@oZ(B]}\\_7\EZ\q?Z\</\EDU\0W\z\\E\G?ZO\vh	\\i\0j#Z(\Z		\E0(E/\y$\55_Q\(\',2,NULL,NULL,'1',1,'ck1232','2016-11-23 22:02:06','ck1232','2016-11-23 22:02:06','N'),(5,18,'0.jpg','\\\0JFIF\0\0\0\0\0\0\\0C\0		\n\r\Z\Z $.\' \",#(7),01444\'9=82<.342\\0C			\r\r2!!22222222222222222222222222222222222222222222222222\05?\"\0\\0\0\0\0\0\0\0\0\0\0\0	\n\\0\0\0\0}\0!1AQa\"q2#BR\$3br	\n\Z%&\'()*456789:CDEFGHIJSTUVWXYZcdefghijstuvwxyz\\\\\\\\\\\\\\\\\\\\\\\\\\\\\\0\0\0\0\0\0\0\0	\n\\0\0\0w\0!1AQaq\"2B	#3Rbr\\n$4\%\Z&\'()*56789:CDEFGHIJSTUVWXYZcdefghijstuvwxyz\\\\\\\\\\\\\\\\\\\\\\\\\\\\\0\0\0?\0\=^\ROes\G\OX7	R\\\t\I9W+\xG\\5\0HO\\Tn=?\	3R\2zDY20*yVS\V&w\\c<Ga\JT\v\1\-7q_`\0j\k\r.WH)|1FH\Ncgo7#z`Y~(]-He\\\w*\Xe-PzWq\\W\rG\\'J\;3ZE\\$^M\\JbrXq]`+\0F\Ky\Z@Et7\\\n\SV6\'zR\0GK{F0q\\@wC M=\Z	_\Sci\\v\b%\\0\(<q\MF,I\1\*A \\\1g`\0	\rNy\0\Nz)<\	9\nW#?\\\!Tz{z\\\\0=@\	\Q\oj\061\0W8*U;b}H\\)Q}s@SLh%2F	\e;\1\b1\-\V\Z\F>Wr\8\R!\{qTU\ t18\\8\@\\*\TjN9F}\(eg^)\>\A@\*T\'nA?jpQ\\N;SB\\\Z\0\n\)\9\\A\<r`q@+\Lc\\sU	\\rGL\;\6+G^H\+\\\S+\Wz@qQ~jqC\0\'5<e.v-C\da\Vu\up\\Yh\H\i\4Sx\YB%\&\'\ufM\\\s4\\zs]\s=84R\1Tap}qR<\\pHwv4sd\jB;M/\\\{+Cp\s\<Wxw\|_xdSF[Z\*y\\h4\~\TZ9P\t\iQ@t\\\L\^\\\jV\\ZgdNj{2XY\c\\hd^<\Z\1\PM&0)YT\\T\\Dq\#&E{P\u$G\1bz\Z_5f\rAr+\Q;)\\EH4%<\b;)\G?l\\\p\)(\0CQpdT^U qg/!<j\kZ6\KH\-w&b@[2iq\\2\\\34\\Kn9>h9f#>SS\5\V3;)S\W{\bR	_n*O\n\\U]9Q\I\p\0ub\R.@@\\\C~V\\@`|\01tH\D,r\>>\_G\(\sq\\UA6rX\C\&0C_XJdN\y\[\#X\\\m#d0+ZoS)+P.\rs\\I`M_LK\\\FH+\O\0\\0\)n`h\\\PA\b)L\\R@Q\"\diCw\\\3J\Npi3OzP\}\\0\\"z\\'l\!t2q1Xq@\\\,t\\Er%;psI\\E\0S\4\V%q}+\1YZC4\)\'\\5:OYK<8\\0]R0Jp3UQ\{Ts\P`3\F;q\j\nx=\y\AL8\r\\\7\0\6=M\0`:\0z>h9\##=:\\|\\\<sPs\\R\L2U\T\x\||\Zp$~\(\\\Z\0|`\{T\n\ <0\\s$ntQ\\0{T%@\'9`!282>{S\r\8	$*A s\\\\\$s8\\R\\>`Ai\r\<\9\'|)5\\\{kdt8#\>\cYs^Y\\\"B95\:x4dHZHiCqN\m\0BnU[kT\\\'qY\	h\=+-Z\\])Z\\##2V]\r\w(\ \#D\\"]\\0pB*\sgU:P\A\\A\X\1C>\0I8?\\\>\plQ}?\\Zu+\0[\\\h\r&$sWou4ay\\'gH\Hr\0\q\:\\0njk\v\\\U98jv+%@\\2\:\X:\<\X`\%zq\i-\d\pje\'B2<z\^y\\\\VI\>\n\Z\Q\\#\n\'\0^\KL\-^\q_8XH\}\#^\\\u\o[-!?2Fnty7~\\h\pv\0BI\0\\yIoIL%\mf2GYF\~\cnW\#@TAR:V#F;FXVmHG\y\\"VjZi02\5EA9I(8\<@\\F\{4\"\a\L\*e$;\0hS0\/\\?FX\\$\\nB)}\>xQ\'^eRt#w\03\8ecP\Zv\\!kpGQ]W\\\9:$U\0\\;\	d#\\`yT\3\0z=\ulOI}e\\R\[U=\##\Vw3@o~t\\<\hr2O;,r1\M\\\0\);^\:{r=R\O\0S\\;	*\?YID*\\ \\\x9}CEdi\"OsZ\n\g9\Nq\Z{Hob\\0\0\\:T,z\\\)#\0\T\+s\OJtT\S=W\0\0r?Hjjxl\0I9\\H).*e#9<vA \p\r?Q\\%r+\?8T[i\\\\J\8]#XKI\vRt\H,}sk9\sb;I\27/\"zRA\\f\0\T/&\nrP}]Yh3P[\@F+\%1|kE3\T\8[\F\Z@\ApGjv\#\#Z]\Mdkb\UV\\6q^+U\V\\ P4-\0x\\zEn\Fc\7sV\#\\9eFz`e\mVVFi\1:\]\0\3RH1\tSi\Q\T7W@2:s\(T{\d\@ )\rp9\\%nl\sWB\\X(\H4\\I\XIcU8\rPPN\"/\7y5\KP2:s^O\n/<U\^\#\>CXlz \\\}\$\\R	=T\-mt\\Mp\e=Gj#Q2\\\Dj\\\gBK*\\0Z/QMB &\J\G9\"\9:s]P\8\\|\\\I9\5Y\\\ruz\0\_?\\"I\?t\cxG]|\\@Fj\'9\S)\\&q@]T\F8<\\UYG5&\q\x\5/\@\\0Zb^9\\\0\i<T8\s\>(\b\0\?\R# H\\sS`\\0\\0V!Ipd[p=qQr\\q}hSIu\8\"F#\!ET\r1Hv9qN>n:U9c{w(\c\\0#@Jr2\rI\\0ZN\w\Z9}jU\g\0K\ \=\9\\\\2{R9\SH@R#+ JEV{I8\Z\0s\\\p\{Sx \\Q\@EHp9\\%%R\\0	\LYb\nyxV\\\o#\r\4NTP;\'x\<:RK0\30\<z\;\'zP2\j\#v6r1VL\J>Q\\\\or\_Dx7\#\ap{\t}V\KxX<j\0\@\' \[x;>3YDw`\\]PW+\4r\cyZJ\0L\\\Z k\](Z&\KiA\\\H\HGe\\i0\~^\J\-\a<NH\F7<\\\\L:qR[\8\^w[&\rS\/q\VrZ!8\0\Z;FMrh^\BR+J@\\\\Z\K+yzsZq\he\U]\7=#\0\'\\\N\'<u\Zw#9U8\'\\0\\S\U*1U\\29/&n*-\!S\\k\\\\\ByQn9>\<I$	\\\\H*\\0rkA\\\4=jmi\\\c\\@\]D/\\CJ\05\\\\\\nF{\gBVF%t\\(\\rtf ;^A\H6N03P2$<$\0]\'\ks\"\\/)\\\jz`:U+]\\ \Hm,de\\\ag\=\r\6\,.O\\\W*\\\WG+N//yb|d\Ry#X\rqbC\{\s9\\\S|Y6f7\a>x@\f\\'=\2Kjr0*PzUp\j1\2	2\([})\0$\@\ny\#o\R\\\A\!V\oz\8\\P/<T6V o\T7\Z\0\t@e\ W/$rB\r+V+x5\-\es\0I	8\\V\\\9\\"E>9/\ .c\J\Uepz\\\t\@9	R{\@X\\@\-\0;r3\Nxg\\m8\\\.\9<`\\;v	Q\?\{z\\Lt\$\0yo3\z{P2\\\\r\0N\u\VE\EA\\R+`\q@x\\F0{\Z\\'\ \&\\' K-W(C.N:y\sWOwm$\b\\\4\F\oa\=h2s=)\\'!b`NA9p19Et\\\VVL\@:>q^%\u}\\\vH \r|dsV\\\7=#(\VPFGJor\Z\#\J\2i*6]\\Z4\(X\b\m\Z\N\HAqI\^\\'m\'\*\\vdC2E\\r|Zu%^Ao\<3\{\\\\W\w:\R5q]V\n\\	>\\+*\i)X\Z\v8$Sj}O\eX\J\m\}\Zw$+*\k\q1d$qUA9)#\\"FrBG\lJ\\\+6\0\kD&\M/8\=*\A\Of\\U[\r\>\d6s$\B\{V-{1\I|\Z+o\/\=*;&\cAsW\\-\n\n1X\Z\n\\\s\WF~s\YN]8\0\c\R\\r@\y_\sP\8A\+3Cn\PqZ\fc\\\\sw3\T\_^\\\&[SEm\\p\Z\'\e\\\=+b+h@pi\\\4eSq^\\"*pl`\{\:\B\0\0jj	VHd\OU\vfu!o\r\S\\\^1_z\#\6I\\"\uXuk\\7?r>7uk\vj\"{\]\qJ:\\x@\P\i\\xRY\\\WOkwG\"[H\V\MR\CS)?zc7\b\0S\<SmX\_j6$$c$8Xv\*$O\\"f9\7ySc\B9\h\i8?Q\\\Rn\0\9\vE \\\\X\1\0\p\Gj\\\r0\Wp\C-1f\2(ILs)  \\jX\}!Qs\\0	\\'{ }\L\\'OS\{P\	@#ojbMZK9v%~\1\;\\0\@\n\\.v\C\\\_#O(\A\qH:\\Nz\;v\sW\N\ {s\8\#\08Z\9(9>9\MQ\\n\QYoDp\A!_${\\\[%\'i\co}@\wA&G\\\Z\!!\@1\N\:\0?O\*\0\\5*\;iJ}\\UH.X$\rx\"O\\inh\\\4\&@\r/^?pR \\]G<a\\i>1OQMS\\c9\:q\4Rx>\X>\"\\Z|x{\WL\>*P\\,\MxnO\\RqO\@>\=\rSW%Hp\Tn\n\3\\/r\H.\#k\m!<N>(m1p*d.n\mfR\=pJd\&W~~uLZ\\'>kZU\Sy \\0ji\\r`g!HF\Z>|0d\_~\\\\N:P4\\G\\0\)%#\\O\,JGRH\ IYIgO7\Nj\[^@^:\c5lKc\W\\T\Qc$z,\<\^]C$\\\U\'D\p\Dz\\EQz\6N\\U%C\Q*\*\\-O\\~K\\\[\vj=XVxH\\\UN\zwZF>|.-${0!.S*\\>,ujm+KQ\\t\__Bhj%q3\MQuWIC]1\\qs\\e@\-SD\\0a\V\\'Yci-\\'x\$Z9N?\Z\4Fm5qJe\1ZsE\\"<H\.F0}j-\=\L\H\W\\R\01@v\5!!1H\s\@C\<u!\*EP	\rj@\n8\G<\Mvp;R+s9Sy8NrH\r1\}p\1Y%B\6F\jtpF3\Hm!GSR\2\\}}{T=*=	QYV\\0$p*6\$P$1\[\4\\x~4\6y<}84\ ;\\=C$f:b|`g4*\\x=\0\cA\0	8\gD\\\>\\"\	n\\0\)2mom\N\r\nHNz\Q\Z\om&V\\'\:\H/h\E\JIzuRV\s &3jlo#I\jP\0\\\'H(=$d)\;W#\2o\@I\\\1\<D2[\+g!\\\;U\W\	\\5\W\\6c.bR\nZ\0\\=oPo\>t\>\VNAdUE\\"$U\\ob\X7:L\e\I\\Za\T	\\umM\-\\\T+3\5_SUB\y]\ys\u\zY\\v&`c5FmrH\n`[\\\&E.\2~f\r1\)|(\<s\t$YQ\z\5jG\z{\UJZlTw5\z\!X\S\\\1\M?!6%<=t\.$\P\>N1\I\2\\q\Z\\n9\\Z\B9z!6\]\*\J\JC%\M#\Z{)\'\<N$RZ>\( dun\[VIs9-\\\G~a\;\<M8\:JT0\\J\rJ}\"\.me(\#5\Z&oi\\@|a\< \=;S\P[&\\\CWc:\^g\V	sj\QIn\\y\\\5\\Z.o\I$g?\ZLMjkt<_JOwi0^0@\\N\Mq\zX\r892pb\aQi\nr\hy|0\E=[q\LWK\$M4k2}\h\m5\=sK\sdv5\"0\	02}\\NFs{u?J@1N0(\\x\8\Rm=L\X1\US c\\\0X~4[#NZ\}GMY `\fKy\0l\\x\sdj:j\\r 9\za$%p\\\\d\U8\'N5Q[H\;R\rm\/jI*FF*M\^H\\/J`b2GOJz+^\09\r\R^N	8\Hz\<r\{\BO\'8\5S\'\RFI	-\b9b2O\zz\&8dz_GZ\0]>\\s\\8\199	cue95^\\;-Stm8=zP;]p\ZRB]4/k\n*|V` \\N#D/\R\LF\GNJh\\!c3*qW3\)`\\),K[2&9yW\\=j?c}\7PiO\]\y\06\V\xo|t\t\ot\\\'\0^\[8liP\rKHP(\\\4\4nS\qP^\\r:i4\+EM\y}bM\x$\\c\U\\r\\lf\y\\~\\\9K=\\)Q\\kc3#n5<y\U\O\.\/z\'\@`\`e\\OS[\\k9x\FAx\0\j!RCqZ-\^\\\mF7`\h\N{Y\<Dwx\\\r*@\" +s.MuO\T5A4d>I\\v\G\-\}\\\"M1\0J\[\J]<Jo\0U\\kT9bkS6M\\\[dU7\\TN\'^sog\\Xe^Wj5rVV .^\I\fg\0c\U\? \@\'\+eiN\v\YR\n\/N.-\\21\y\\\\\j\ c.T\\\\0Vq\Wwv\u$-\F\5,]~\\|T}\x\#%Lr@8?Z\\<w,Q\mC\V?\\r^\/\\0\jJ.kA\Z\J\"9r\\'zT3yt\/k[;z0*{jH^\-\r]FWR\0\Z\[\w#*+\Y\<6\p7\8S(8\]\r\P\)[3\n-J2\\_\\\e>~\{\<&J0#\\0\Z\\G}*E;q}D\\)T\_zqS\+?4:\F8Q=h\0FlgNda\x\\"\-#|s\!r2\\<60&2u=\'5sSE%`q\]\\"nA5\\a\huXq\$m\g\"6ss\Jz\He\\q\530j>:U\\\z\0`z7pN8\ri=h\~z8\\nxC\\0\7=3)\	)0H\@\n`3COj\\\8<7O-+dA8\\0i\}\T\n\\FJA\\P[\n0H&\\8\0&\1\SGq\;\Z3\0\nS\.\)A*y[xEd,\M\t5\G)]b.\Hf\rO\\'U\\D,~\5\N\"p\xc=\sHilTXaL\*\=kgt)3\d\cd|\ik\I\h*\=L\\\m\HGi*d\W@\&\%S\zA[++\r\R%\Zb\N\#E1,nD\rk&L\"?\\}Ki\\rK\\n\I6>zH8\\1n$\`IlVl\i:\,z\k*Rt#\Vw\2\\0\\\n\\rEec{wx\+]\\<=)FQ\\\V*]\!SFdQY3Dt\\[GOZ\*ep1Oz\\,\-[kh\0>\i\Z[\T\\01\\\[P\Qef5\=*FF@Ui/`\\F\"y\9DH#SRE\\r$\*\\\]h]#y\L#?VW\\Zq$S\aT-#Iq \\\n;q\Vuz\JE\\1\\\`;]\D\\h\dV\\LHe#j/\Z\Fu/\U\Z \\tE\\0\CON]:\KK\%B\+Lj\%\\N!\0\Z\F;x\^k~\4c<\(2$NGJ\%f}Z&E\Isq,\(\s\9\\t	\\	(h.>\b(Y\/#kw\-lB\\'+[8\\;\\p\k`AXcUbNH\\\-M\(\.,v\8.\Ff\=j%Vz\\q\\J;J\>\-Nl[\4\\\9{\>%\\,c6W*\08P\W1xr\zU\^\FB#ET\\\T\b\!U7\s\\mdE#	5+8>\\R\0@G\\0T\9\\:TdzDQ=\)9ig9\0t\0\\\3#}*0\\[\@*rJ\I#\&eu\\7z\0\ \'o?\\\V\\+\\(;z\?\&=)ZC\n,MONx<\sZpzqj\G_\0p	*N\Ocg\Th\\x\(\0\#i8=\\*N{vn\\1\?J>c\\\8<\nTqry\&h\\95\GAS\)C3@\r\W\zSy\'s\0P9$M!\+\f;H\'41c\|\/;OJ$u=3N3J\$l\N\1e\\rV\EYe~\\c8KB+\\<Tw\ZN28_3%H\\\v-\\Z-\\5D\09p\\a\;\m6a4}\b+K\@r\ZDjj}\EC~\i[\\\F+\I\V\0)Wb8\^\\\\A\"\\u3\A{\_\w\`\y]\j\\\\\\2iKFf<FQ>w?nGf)<ql:\*Yf\'-Q\k\gf\3yK\\*g\q\\i+0hQ=TW]x,\R\:\!1(=8&\\U\\n\R\omr	N\+\0>\x\jQ`\\Q\09$!X\q\\\Tm\[]\p,q;\r6d[v%\8ETU\nO\ncXdEsp=,Ykz%q\I	u#}\;\\'v\r\Z\\\OO7S\0\\\ypdX\n5<nA\\\Z\l\L\x5a\n={U+\b\[F,dte\p\H\'8\SQ\\G I6A\k&)&p\lJ}j\.\r;\tm,\,x\\\\"r3/5\'\>\p8\[\~\\#\rO\\\"l1\tu)YYg\hk\".026l>2F>\:\\s,XXUr\'J$i)5h\J\0\5\x\\\\_OTo% t\5%\o/\\g\\MjI#m\\\n>cEI_N6=};ba.TN+N\\\r:\8cRI?\I]jaxY\>\8)\0\H=\\?\H\\LH\\I9>\S\\Z\5\Br#AMk\\\\Q]\\\~\*\\\ \\\S7\\\d\//<w\w>\n\\7o\'\mgBUe/\>\r\sQ:\j\I3U&\"Y-*\\0\\\$N\X5\\rR\n\\0y\[LU/n\" 9\;2E1O)9\A>03\R\g\"\4Nx\9#\Z2y\'LS[zP\p9k$1\\0L0y\=\\,g8\O0\OWPr@\rcHT,0s\ZKy>`sY!{zW!\\+\#\qV\<*Im+`S\|s\|\u_:@=>M	5:I\0\t\KQ_\'=*T<\@oR03xab\: zh\u\\ZV;9\44H\<S\\\\hL#\HFOL\O\\0ZG\n\)|&]8<\ZCC\!f\Z3n>8KnKf<\n\0vFZI\\t,T8\8\+)J\\B\\.|7\%swkz\eE\nRO>7\IC\EUp\\\WQauiwphWGJ\_]\"\0\3[\\%<\UO\rA[2<*G :IlM\\m_Ob^\t\"\\\nKF=\Wbn\_NBT,\\\"\~\C\&\u\0\)\%=Gi\=~\*@Ii\G;r4ltU\;T\\\.h\:\k\#\\\jV2,L\\x=sR[\5>\)[c\|EnB_\]\;=kF\\k$XWh\0dWG],\0\\G\[\\\\0\kYW\\Eq;0\Fhi8\f\HV\'y5I\\\8H`Xz\6\\*dJo\z\kk8N=\r\'\H\ZPzTUp+4\\x\\h\C+8`\O\U\Zi%R\8\\\'Y*\7ANg\4C}1\\\=qNb\\}\rh\\c8\OsI\v\Z<\e\<Vm\($\zY7^\,#9P\qj\)CD3\L\8E$\#\V\dXU\n\4A!c\\\\\~\oT\lV1--\+SH\&81\$X7\t6DLX!23`\	6\0u\~,[\fT_O&>\X\0!\V\Rn)?\Z\[9ic}+BMKka\\\~\:oF\=/F\0\\1>\6$9PqJ\\U,K\'D}i\"\\"\9@0G\\T\\yeOjV@\rPk9siu`z<~tgK\rJOg!cE\=holK\$(\G|\u7>_\\i-fC\I\\c\M1\Z5]pG	 g^\_\n%&\0\e\=}\y\JUi1	=\\0Ru\A\zPs\\Q\+\LD\'\'JwSv\\0\~t,2G\0jdWcu=Z0\\nJC9moC1;)LuRX\\\ \<\n\\@\\kK7)4\c|\F?R6Bzq%\\\\\SSF\N\;*M\\\v2A\\zz7<T*;\c0\pb8\\\@1\is\-\(=9l@\rf\w~oOjnPP1\E\V\`rz1eW~JH`\nk\"\1EKqn?AY+6\"Fo]/SH3[5\K\5\r;qo-\Er\02!\'\gyCa\"o	`\K=^<fb\\VqgQ}.&I\'9\_0\nH&BzaB-^k-\?+\<<-6P\\r\\Z\\>\\'`<<7H\&q\wx\Z\.I9;v67+\'L*L>:\gE{\'T#Z\t\H3UqUQJ\$|\)ejp\\k)g;t13Y\\\\n\I\qM$(b%I=\$V\\c\5$\=+\$\\fs\\lv5X\\^CtTD;I\_z`qN!\\Or\\\"n#OHw\R\[CZpmR3[\"-\'}\J$\\~)\\^}\m\{\ZRp\0=h\E\nc\\\ZPDZ$;\}\~L\030\\\]c\\{U3UEY\\\	l\"(\\UX]Z!)\Xg\\/\0RGby:\\\vv$c]GD\q}$\06\$\yi\P\xH\Go\Tt\+!6;Md\\ZGqico oi4%m\\:\G#\\P\\W\"\@J\|w\j\2\\\ZJ\\	\I<1%\yc\p2O{8U9o\"e\yc\mER$RH_\\f\O_\\\|\g8wC\.U\Nx\\\\yuD\\]\Z\X\*W=\?Z_R\4h\c8s\Op\+1\Q\\Tc\'9?wA=\r{7@\\c/\\0C]y\Y@<,0\\W\\:N\{)ki)T\:j\"\s|>\i\"s}\]\\X\\\\?\:\?`]Y\5\`tXx\6,s,),d}\\<8\U/\\Z ]\\U\\\K,\	\{\!\U3\ZZ\\~L-s\\Z\n5-m\\\\\\ \Yq,78?\5\xm%_W@=\|Q{\\S-V~l3?IGO#{i\n:A\ ]\y\Jwp}\i\`N\rM`<\@2gs@0\8\\67\'4\@Qr8\N<Mtt\OZ4P}\;%\Msc9\\s\Vh$\@\qH?Y\\&ed\v>\Ie\5\7j0\=\p\\W\\u$pGaV#9o&\2?>)1~#4QH\'=p0T\\T8\\0\\9QH\jr\>q8\\0\\A$\0\l(\\\?6E\<\:>,\5\$\nn&RC!\ \b\nF*[FW<\n\Z\xX\MIeO\pOjH \Y.`-p\-~J{Y\ \0\rK<b\r\\u+,\E&w\0\\]\\\YE7bFT\0jcA]}s+\6A}\\]\\0\4\-*Sw,\\\T[5\\LKnNz\\\A{\\\l)V\\\g\6Da\Zut?QJT\\S93%KFc=9Nf;g\0A\$[sku\/\o\jQ+\\>\0bxOWl\\tSJS\J.\O\~\rCA\"L\Wo\\8oT%eq\VfR\\ODz\6,pOA5Jp\\N%D\s\\:\\s\{\5\ffI\\6#4\3\Nj\Mp\S#5-l\\r\xa3dWe\FI\\&eHl\[0pkx+\"%\'Jb9!\n~\/\[\\K}aR\A\3\j\r\0>ax?6;\j|\\tJ\\Z{\E!Ia\V\ug\<K\A\3YU\	q\k\V9N>c\#n6w\r)q5W\8Y:Ws3P\|=lrU8\AB+fw\"ir\\\{&\R;fi\"WeB=\5{\I\[\\Z\rN74tV>#R\\\ZI\h\_}0MX_\Y\\\  \WZuF\Ee\3\CN\``zTJOh\V\"N\0J\E\-5EL\\\)yw31*9\Z\Uf\O9e\s\.5kE$v.\V8\6h@3\=\T$A8\ng5,ms l\s)s5CGCi\\3\\rs\\Ni7aOZK,.v<}~R\cw-4sE\+Cc\\Y\.\0V}\k9-MOAc\Zm?\5\*\Ce->bb@BzQy<FhM&\\rix3\zg?rv>\AJbY\\0iO>$x\;{\kiU\\'w\?-<gh\?y\\,~Q#fpAR\mSHOBB3\q7^BN+k\\<k\3>!i&H\#F\^;\obKqZ\;\0yTy\pOQS\3\#e9v\"SopX`;<P\_\'C[Gk*\(\\a\\u\_?\0^\M!Muf9+\o\n\\Z\\\G	\\\\}\\)\\k!FZ {\\>\\\ZG\@:\f9!\\zR\qqS)\4qBp@\h\1V8\u`	\0O<\\n\}h0\\\"ea64\7NDsN_ir+\U\\8o\\:cZ\\Xd\}(2\\\sl08\\t:\q\5\\\\0\}j\Z\,GzH\z{U9!kw!v#n8\GZC/+dq\RzRG\X\;PY5\\\'%A\Aonn<\Z\-!L\r6\06\\o*\@\R]w#j.Z(\&;>\\}:C\Z\pFKaU#\T\\WxK\&F\ZAR?\*\~\\\k%\	\\\0[\Z\\oZ\\X:$puc\zTJ4^SQ\L\\\F\1\:\\z.\s\O:\+\'	nrwVBL+\E\<q\[\0\)+N]0\D\\Br-TZs\W\\\'\^\\c\,Z>o kwd\5\:4`=A=C\Z!\\Z?\+UQ=\yQ\\{=F\[(\d\'<W%h:.\Fc-oIke-\7+@z\0:\u(LwPX\A\Sz}K_ItZQ\L{T\+M5\0\0=+JG\\?J\\/|V]\aEJ\I~[Jyn%v\r\;\\'\U\^ tc\.Y\.t\;h!eOn%\ZGuyk\:(\'cgm.\ZA\)\\}\oezbx1\\y\\\-\+Z\KFI\"<j\v\4_Qs.-qCu+at9/\\	u\"\'X\]6\ZH&D$ r~sukBhgH\}\\\{\n\PGdM\"\#7	5\rx\>\\Pj\\Nn\Eg`\Z_nG<\)#wcB	C\mbz\\}j\"Mf,C\e\g9X\\n9%+>HeI\V~@ u>}x#\?j\dI\c;\^\Z\L\\	{x\'s&HglA\~5q\\vIg\:~i\\K;6xo#exI-n3\a|y\]}sM\	Vs+}[LY\\?iS\\N3\\\c430z\mk\u<\\m=&\<\Hl\M\Z_:4~3\Fq\W\\r\5\yxVk$\\\"=\Kwnm\?.=~{X\0B8iio\0\01OTF\\\D(v,LC?N?Cf7ky3[+\\h\"h\;C*\+\S\"R8=\Bx5R\\"iAv\T*\ rh.-\95F!\\FsTKxs\{H{i	I\r\#]\\\N\u<\w\~\cYxGirp\\_<i\^/3\q\\),g\?B:*/=\-9I\XA$Qx?\V\9(769e?/\0	Ww\\yc\q\R\1BD\{pC\yG\SJ\!L.\5x:\I\\\$?unz\?u\P\{\ZDE+\Z(\\z}\X\\;sn\Ui\pq\{\Z/`<2hLRF\0x\uj)\+\%\r#\\<\Zi\qUSH\$~\'q\}{SFn\\0v9UB)\\89\"$\QFTfV\\iv\\\\CKV>S\Y\FIVwnz\O\\\\\x\0\\K[\w`\-Qxa\\eQR\\0\"\'\+B%\\h\94\2nji\HD\J\\|vjOL\n$\E\;8@&\u/#q\5sQ)fc^\\_&_\F\Z\QO\X\?\cP\Q^z\YcYo`{P:,\\\0Iyq\\p??(}F\\lT{zaTS\B\Lf\\"\d\Z!dS\o\,c&&z\q\U$<@+\r;d|a\xoe\Sx\0t\}{\w;)bw\0!\\/@\{\\677\\\'rj2_O;\\\Zt\}I5-j\0]7z\\#t\pz\Xu|)u(@39c\n0W?Jo\:v\y\i\kfwOZ{\'b\]g{W\'\!\ 7J@$U*\F\\]sIkUf\_J\\</oqj\<\*\*\\\\\v(.#u?J\\ZZ\o\\\\Ycs96\Y	<GqbLUz\raC\*^W]\T\Xl\Y\\\[Go\-va\r\'\0`M\"Oqc?+\g\4\FW\M8 \:K<7\Q\\\Z\VKCJ\ZKtnu(UH]=[5lK%m\0GI\5{>\r4\S\3X\Z\ZH~y`\ahl,\\M\Q\\Ps\A}\0Ugb$D{\\0{}jh)j[\\J\9c\c\M?_\[%\0zbO\\Gu\ZWV?\v\'w\Irvy\\y<\}y\\G3,FM\\\`\a\[-r\A7\/\=C-\I\r\f\us\U7<\?1\8\1\=O\"\(\~!\k\ewqf\8.\u$-4v=\5\t\m:2$s\0\\#V\\&[P@\c\nn\\m16\+V%A\Z\Z{!\s\\Qo\H q8\0x\{\3\V\\HfG$F}\_<\!\S&\Mh~x\\X\\-C$q4su\\\\\z\W\#\\\1\\\'k3\_	mhJ\\B_\E\dT\\T\Q`2\=OF,\m\o)]\\\n$)Dm\ep7<5x\rw<U\\p\rw=\gO\J`*05aq\T\\\\<W\:4\0#\2G\Zw!UTrI\\\\N\i0(k\Gy\+\\y >U	4a\\+\<!bnfUx\0\'\\\\ZE]\K\+?W\Z}F=X\?\=IZwM\}\\0Kw\\;jz\\\,\!?\\t\e1T%\!?\H;gv1\0r+\,\AOO[fC\&;7IFNx\B\xU\x\1V>\\'\ #Uje\'nNs@\N\0ZH\)9\\\0\\\1=\=\'\\|=\U\B6\d;	\9\\\A,Gp\\\{\Z\\-?95z}*)\\x\(`sA\@U\\'	n<\Vc\we\R$Q\ne=\#\\qOxm#~!|\h\t\e^H(\0qPO8zHc.V(\#8\q7\UO}~>5\mf0p\\{o\UQ/\0P!B\\n	\^\0@\rcD)\>\\1\0A&@+y.G\AV\-<Txl<9PbLR\Y\0(\\0\EG8\'*xH9RT?-\#x\h\\\\r?[y@\r)ysc~5~7\\P^Ih\\fF{\\\")@7\\N=\r_.i t6`+\\\\XT\=	W\~\Iyy\(S#z\Ql\l%\wSMg,~s\geY\R\\q\\	5\^*|.\oN\"U\VgC\Ym!2/ \h\\\\FHQV[<&{V\\\0\B9tFn\\\\=p \+u \l\\;g${Ew\q\Vk%~\\0Zl\?,H\\\l\\J2H1JA4[_km,\ZT\\\\j+ky>\\r\fY[g\w7\A\\dap{g\eB\\Z)0/3\*=f&kISz\\h\\\P$<CZ\I7Qh%`{\R\\Aq\#*<\*{K\t.\^{\K,\\;\noi\	[\\Z\%+<y#4\\\\\\\\\y3GAWWD0\[\\\hOYF\N;Cjm.i$\r\\I!$\Rl=\u)In\\\~\[\\w\.\'\n=\0\9\mW\\D\Z\\?\Z\ziR YWvK\o\T{t>z6\\%\\r)\\/\\E\\r\xx-\)V#\\\EnwdB6jd9\y-hOnE:\"&NqP1_+\r\D\U{\\oT\\\MG\A`_i3~$\Z\ }+w=j\y$#V\\0}c\nxO\^\[S\pH3\\y7^^\{\\\\+\IEyjzN5*+Fz{3i\0cx\E\_O\@$rE#	WF9s\\,Yx\\zv\n\YO\\0C^\_\\Zh\\\ ?\\Ju1\\	WO5a\\\^i\F;qUM	\^3q,\"@a&+\\G\\\M0;\\'\iV:5<\\yf?\n;X\"b8\*\2\\\\)\?z\\R+&P\w?\]6Vc8c=O\+_sGsI/hvl\fq\\\\\Xq@\o\mS+u<\n.F4\n:Nc21on~\\#+:&=1^\X\{)a4|*ym\\\x\]<m\LY9b3\n3EQ\rEJ\{Ss\0\.\Py7\\08a\5\\0<\0\@@#jF\0.O\9l\ph\X\1P99\fr3\\]O<9&\Z3\)*\\\P\T*\\naipF0I)&\ E\85\kZ<k\\\\0zkV0\\\\\sErO$\ZPJ  P\mSY}hI\\M\\0D\/\oi\ZX)\0Ol\-)/dX\KL\^\\\\x[\EN88\5W\\\\r\r\\\g#>\tuT\'q\\\\n\#f&KV0\U:x\aq[%ww\~4\\\0c\$\\Wa{\\$2)GV\1A\\NV\8=\n\^\^ ~\0\\\\\|Q+	S<\\\W\+\rIp\]Ku\'\~\"h\s\}\K8\TPIF\&wo3[YQ%\\=;W\'\:z\\K\Oz\\7.ja@ \0vU\r\'	#2S\\2\CIg\3XZbFZ!@e\' \[O)GEt\ic72\0(m|\\bOj\7*j1\W\\gyT@;w\\.\Pyu\W3p*][\U\*Lc/$\(w+\<\\\0\7\rM!*)sEG\;QL`UuI9v8+\<{h\\y\iz\S\WP\xv\\x3#\\Ta)	\(][[H^]E\n[u5\+s\\Ng?F\Mq5Y\y$n\I?C\]\2\\1f$\$5\[\wj:Z\\.\h\\\xS\f6Ep\q\"2\"{:\\Z/|)\\K1KD\\\jZ>\w%\}$q\}Gs\3^4\G\|v\\\OK\t\8e#\Z\\0\\/ec\t_0c>\\\Wv|$\0\(Uve\\\\u~B^\P-&\\\\x\3uce\d^\\X\\\\D,@\0PFV.?\AX7kkR\\"+8\\0>\u\"	Q@&k^O\u\\\^\\\i\\X\q_$Y9IpEk\\\\\]\sk3\4m$z>Kl_\^,\\^\X\9c\+EbOV,;\~x\T\/yDyQ\(\@8,{\KKne%\W|>\?\R\EaT`AN$p)k\bY	\g-\h\T~\\\i%U\\nI5~\\8Dqj^cAUl`\\G\\\0)P@#(e\0\=+\\\\S^:Wz\Z\|IibQ\QM;	/\\tV\H\WQ<T\nc\=*~0GJ$\g4#08\D\$\d\^[zi\J\&XF1@\{=\"[X?A\cB\#,q\o\\6hI\\8U\\0li\I\'umTZ#p{:%EQO	${v\1gvF,\rX4	8\I\R\)\0\H\-SI\Z\0v\\B\{t-3r\0N\6q?~4\\z<e\\J\!\h\e*u)y\\|\$\\\\\\$1ff9f$5I!{R,\\	\\D5\\3\*e\\$t[[h\QzuU~D?\0\fY93U_9\L\rj1\r>J\4q4awdnQ\_\W 79;awe,[rH\\+\\6Zvr:YN}d\j\Y\\rq\\c~8]\\\ty5,\n}\e-k@\\0W<\M#7-\w_w\\\x\\(Do\"Q\\kD\\u*\b6H*H%Opj\\TaRsk=o\3O4Vl\3\`\6I:\/O\\\\z \\\O0Mw1Ot>s\:dN\\?a]kw\J#\\\W)\\xoc\h3[\\\U&D\\q\M\-U\'/-\&xliIiY\\\S=\0.\[\$uA[\D\\+`m\_Ep}F`s\g5:\\\S\{\L7n\\m\+\Z?E<5\_d[	\\OJ};TMV]u2\5?Jxxz25iF\'<\Lo>\w\7\C(\(\bA)h~4i-\5\\0\wV\WY/tq\HQqEjA>OzxQ\/\Z\q\{YX8\0\Z3\?  E\0H9\n$8e5j|w\00W:\0|P\*V~k9\0z{W\73\v\\Z$q\2+\^=j]\\%\\\H\B=S\\k5	y\0^yq\od\e\'\/R=7\H\E\\\\c\\0|5\<]dn-q\\"\$\\0S\T]\~)U\Zj1P[.u~)\\\%\\\\W0.\`>w\wbr7?JD%\A\{\u0\0\t>\.5b\Nw5y	\WZhrx\2\\f;`c~\'0=:\FN]\\\0@\0\08\0v1\\\~N~#C\4grTI\+\I`Hy\\:z\|Q~#ld>\\\\Uf\G\\2`j\>\\jc\:`WTm\\0\Ck\y5\",QE\QE\0QE\0\Eu*\ #\3x\\^cwcVWR*k\FUu*\ \-6\TR\d\\I\V<FKB\0*Sh\=K\Z0	\\rs>\m\\FheU\A4}j\ pv?\]~$.j\\n>ZM_W\"G\Z;L\\t/Zhi(\=*oa\n\jp*\HurVN*\\pD\H\E\R\t\\\5dB\^\\\W\\\'.xQP\\M\'\01c>F;S\0\\K\=*Iw2\\hM+M{A#K\x~K\\\rdJ}}c\*K8\R\OS\\/n$Kua<F\!u\\\ZIebO\\n\^\n%N3t\hjw(JH{fe@lq[\[V&]\\\\Ts\h+\nAtU\\?TeFp	\0u;\Z\aK~=;/\FpOZ\ioQr\z\\:\\-A`Ai?uxY5\\0y\z}\\C\F\\O`9?_<l5g\\s\kS?Kjw9k\%d8\\C!A>QEr~$\~O\7\\k\ef\\\"BH_V\F.\3\$\o$Q\\R\He\\?zSf=\\9\idvb	#k3\\Tkm4w5RxRG0C\n\\\|Bh\\mA\\\0$<\k\rU=T}._\'\~}k.!Kt#9\\\x_XX$\r\~\\?\jn	+\"v\\'CC\5\x 	b_\\2\\z3(\}\J\0\N\\4P\8:a\\??J\\\ZH\\\/\U/B+\|_\<c\c\\~\S\\\#\VV\\r}9vZ\Iy\G\\0:\\\7\\\4\\\S?#7\\Sg\0kci,\\\OQP\0{Qyr`XO\\w\\05H|L\\%$\~\OYa@;\\E\\*\r\-\'t>\Wx\\S]\\I6i\\`\%N\^\<\\G\:G\H\rkk^)S0y\x\OPE\]\\\r\>\|3;!i-Ep1+\O\+=2q+~\0?\_VY\Ak\ra-m\\"<7\o\Mn\1s{\@V!\'+\abd\\\0&\\\\\4YK\\u\0V\/\n\9mb[\\\'\\r?\\i\VB(\\sY:l-ur\.:{WYmY[y>UuQ%AITEPEPEPEPEPJ+u\0E3\*\($AH\"(?\nkN:\TOZ\43j[+>\H\u8`H^Twu\0\\0s__]k3\=\4\r\0n\&cfX\K\\01\\\!#qcJN*788v\=\z\\\g\0)+@u\i\\4\1\`?\\a\\"[\\V(\\z\3\>0\/d\*g?\n{tH\n<o?\$m#Q\r:6.p4\ni#8\\\\Z\\8b\O\\[(uj\0Zb\"\0R\*XR\\}I\Zh	oP\<M\Ti\t\NZP,l9~\Qu\\2\G\V\@j+H\\0\P\t|\y6n\pF\\r\\0c\{\\_?\Z\>vzEz\jMpaT1\T:\\\Ze[|\5HFM@\9\C\ZkUFFGaLx<(\\0uQ\E$I`\R$P\&G?r\Q$2\H4\5\rT\0;\n\gjG<6r{\ZSE\n\FG=G{kXc\\\\<c\\\X55\F]zK\+\|sU=mscC\Ey\+)\A\hz\\\\06\<$H\y\\\e9Wqj	Z	G\_CI\o\\b\\g01Wqhv\H+h\F\	\0|j\<9\\j\\r4p	o\\=\\d\[\\n\0.\C\\\\Z\T\U\\F#\\K@,\' /\^grD`P}k\c\Wiz\\e8	?O\\?^\4\"# />RGbkw[\d\pVws\0%X|;T1	\t@\nZ\G\\U\Zd\\=G5G8_@\\\\n7Zm\\'\\8{`m1\L\i7?\0]\l\##\/\B\|\\\E&q\:U\(.V\Qo\kzX\-QO+K*\\rI4WK;Y.\\\z\\]yDV\!\Qo\\?=[?s\MJ\\\\05\Q8Q\I\\0\f\mD\G\Z\QE0\n(\n(\n(<M\0>@\j\\O+_vI@\c\\S&@w:I=k.[glRlR\\K!\+)\\XGV#\OSM$!<\@\I\k;Z\0vt\tW=_&\V]\'E-Q\0J[%SA4\0ZZIy2W<v//%Hc7I#zR\\\h\/ut\\\ \\xh\-yp\\\96\pof\s\=\R@E\/]kq\`\I\m[GO8\{s\)E\sI\cwu$W-\S\Qz*+\>\uL8\Z~\rHsrK\n\!HbTAei\0}j\{5m\[\4CB\aICGH*\*\_zx\"\\%\\nr}z=\)-\-\0\!\kDvc3\)\\E~I	-\\0\J\N\\|\\\\\1\F8\x7Q.j\'$\$e\\0<T\\9#H\\0R:VRaCX\WsL$\\o\'5Iq=Kn\9W?>w\\\jOnQWgJ\ZKV-\r+\\$%%`y\\\nQ\~\d;k7,\\5\\Z\\\KdT\\v\\G\\\\o\u\'Fc9\GA\]\ukYO\\'{:\?\DQ\r\2c\Zng@9VSA\{7>9]\~V\Rv\k\9\\Z]\\uT\Zu\;\v\4\r|C\V\6\)G\q8>sU\41$Q(%\*\\0\5iznLo\\\\\0MuDyj@\&,x^5W8\]^3\0x\eL\\H\k\<V\c\4\\k7\\"\,\;\q\\0}\\tC5]\\$0\?\+\|wwP\ZK5Z\\O\^w\\j~\K{y#|K\Z.\\M\\}hRB\*2\1:7^S{to|\j~h\-To\\\\'\=T\WsA\[\|`u\@\\0\\(\\6-\vO\ \nc\0\0\\~\|3Y\OU\5w\}\\0t,\b9(=\q&\U9HURn\g=x\{|n$n\\\\Cen#A\V^f@%\9&kK6UAGZ\u\\9nJH\0\0\00-PQ@Q@!8\\[\0E1b\nIruGZ@6ui	On!I@\FpZ?\\kWq\R\4KqK\*n2UsSdT@{)\\./\\{\&A\I\m i#wP\5wH\\Z\\BRfx$o3Aj:yj>\\\zlZu1\nUw\M,Jdg%\\bld8Oq\;\T\\\-BML0hV=\\g\0<\\yrG\\-\'Z\OM7\Np\f\|\:W\\\/\#S\)i]>_	\B}\\+\6;+e@l\*G\F6\0@\\\GJ\m a)\{Tdi	\xHL:\ c\'V\=MjR\zZEw,\\\.\\\\\^_B]gl\J79c\\\m\\0\\\\z\p=\l61P\Hp*Oygu+\-+ma\YwKNx5%\hKd\\\'AE04\kJ|rdW3qj\]F\H\j\6-RgAv\\+119\r@\GoakK/qs21#J\:w\9\,r\3Z^&\r\	x\oe*\ZkC\\\9\"n\\c\(\{$\"9H\jz#<\r10<\GFK$\\_N\Z9\e\2z\\\q]2)1\=\3@	m8\Z\xs{:\\=/z)\U\*pA<yV\Q_hccjc\g:v\q\nX}\\{\e\WZsGx}\nC#\0x~;\\-/-]\1\\\>\0!<{\9x\\\IK\R\'5/\r\L\TpkKX\\Hg$Xuh\\4.	%J\Z8\1U{g\UE1\/Z\;+o\\F\\?\?\\7~\"\\\x\c+G\G>\h\\\oqFC\zQ{w,^\ \jvO\W_PKXZ\,\9#5\SN\\vW\\\?\\'\]\x~M>\t\';<?w \\\ZB7wH[WR\Uv:+gh\\\*}k\\1\~os[$\739\z\}\"\wf5\\ZV`s\WAc$|\Vl/&h@QE0\n(\Ko\?\p$a\7S\q_]\'iab?\\Wzt\Q\\rf\]i)<G\B:\nB\ZW5$\\qH\nnM\R<,\P1)B\\0j)-%gM\\"(\\R`Gwxk\ZHd\M^\\c$\JRj4iCH\n$\!7:\\0\(3\\\c\$j7^\"jV%()I\]X\\s@=\0\\V4\ti\\\m\\P,\Oh3nc]\\!\0\\03W%-\?\'_\\0R(S\\\6k:G\h\3\1\<%yK\\wd\5N?J	xn;z\0pN\,\!\9@P7VhBO\s\QH<S~\r-R\\(\%N\r\):JG~D18\S?\@8#?h,<\\n\Y>p79\z=g5\\^;\;WhQ	\c8=joCp\&\\"]\0\{V]o-\\\Y\tpx;Wk\Z:K\H$g\\Inijz\\\Z{{\f\W3\\]$^F=\G\wwp\\=IP\\s\\[\=+N}\n;{\pvc\+9&\)\\Y\n\n\nO{z]l\HU31\\\-\DEH$\=p>\n\\|W\KV`\\a~+\A\\\#\nz#KH/w\f\W%\u \\+\\\\\Z\Q\w}\K\\El\\"\c1\;W5\\en\"76\\-uz]Btc[\.nSU}I3[6,t\+8$t9\^}/=sj\5-.\dx\tL|V\|%\ovrV2{=\v{Imd)\">cL<#\\=S\a\\\Y*_e\W\P\Io\"\n*\pAn\\\\\|N\x;\\w#\w\G$e&S\\\Z\aS\k\\g\\Z\wm$L\\\\}\|w\0R\f7\r2h!gUZg\qO\"pNzj q<S\ 8+6\hW\9#\\\\BTu$\\<V/\-c\p})am4LZyQ\0w\w\>p\0`:\t+\0(\0t:{kjT\w\9&_jMq1H\=);!!P\ZC\Qz\-\&ivbq\\Z\t7?G\\Yz\!{MME@Q\\\&\\\;\n`.#|*\\w>Js\]6\H\T\0\o/!y\`&\U\%L\#\"\\C\pNLX\\\JK}R #D$Jy*N%\te\2\0tt#\^w-5\w\'?c\\\-\X\s\(g\h\*++#SG<\\\I\oYZ\I_\\^\\\^*O.\]\m/\\(2ph\y$w\r\Z\8\=jk\b\Cos\0%	zLI4$s9\Hr=iOJ={J\w\\gc4;\$\0\"i	\h\\2Y\'%Z@\^r\H\\/a5wK\\\]\V_0x?O\r#j&\"\V\Z\>$\\g\4j.\n\0f\,\\\5M\g\2B\U]6\\\z\NBs5\;S\\u=N\nUv>\Mh\"+\gy\!%\(\@\\0xY\\\\\rIxz]Jnf^tz\n;84\0`rEh/&4\0)cm\\hv\1\RQX\?Zhbxs\0\=\A\zSzK.;f3R&\sI\qE\\\"@Ss)D\\\G\!lH\2\=RDB\&\P\,I5 eq\]nyS~\)OQJ\u&E\m\{TR[\SnHu#\6H\ngD\\Qj,196\sA\"\dkr131[\-d5\\WOS\U\.[9%\\ru4N\x~ze\	\\Gv(O_q\_<YSw\n=i\\Ik\"\:W\\Y;^r=\=wQX\\a17g\x{\Z_m\\\U]\-boYba\zp{Wx\{\v\0\Oz-&9sEt\\>)wio\v\\ $\Z\;\&\/\h%S\\ZC8WC\J\<\b~W\\\5q:6=z\\nm\Z\\8Z\McL_\\niUv4#Xo-Gc\0\\L=7<}\2[\B+\Ox\D\\'D\\m)\\O\_!\iwLv\Z\\\%OC\4z[\A-+\u\"\Kx.!x\?Z\\\\k\0;z\[\/h8\E\>K<\\"90>@c?:&r\28iH\Y\Y@\\G|\?\\-&2W\4\uv\Lp>f\0\0\00JI$Xi\Td\{S8g>7\\t\\S>|^RS\valB:/D\A\5\E%A\`X{-h\@QXz\"\rkn<;\\\0\[V\Z\\\;{\n!{\nq`\Z\<O\M!Nre]{Ym^\$[\\\TczW4\\J\\\Zv\qR\3\7Imng g5\xM\m:\\\"\r \HB\)\*5sq,s\X\AF\t\87mt8\\<@N}j\d\[+#k|;H/\?ah\_\r\gK\JI\\'j0\R\\\B\\{TN\Vv*3Jb\f%v4\{\\c:ZN3\5F\\&:0\R0\E]\\R)j1\\\i7)\\J\\C+t\E\0ox\v~\p\}FU\7\MG\\\\\\I\$\n*\IZ\H\0d\\/t\-\nPR\\\#s\q]1{\ZxwIB\T\c\Y\.r	\0\n\\\\\\ybjPnJ\kiq\\j\r\y>)\1\\wG72*[\j\\n\\{wf3}\iJ9<V\\qI.s )\r&is\!\\LNdC\"Y4\S\\?\\\n	\\8^\;}r;(\%D4!Oz,c&z\Xx\8\\+W\\\3\k`#|\x-\#Mf\\UZ=RO\Gr\UZ\\\Z8\\0X\(=:mO\\\d\\j5\5N(J\EF\^KgR\ol\O$duNA\XdaKslJd`s4V\MK))P\:bm\c8a\0i=\\0mu!\\A7Ds\\k\WP\AA\C\5\?\U\krMq)5[8\\5O\r\\\i\>\b\\\d^\K>\\H\n/;\\D\rxG+\s\\gp{\},BYAaoz3\}n:8GznJ\+MQ1(/\\u=&\ %fO\5\\\[]@\0E\H\\Z3\E\w$@0I\G[\omxg+)2>4R}N8VkK\SC4\K\\*\Uih0\#tdt\o\'(\0\}\p\ZN-$85\3+\0\\xC\\I-\\0t:F4s,\[\2uE\\gDp\\\ j\\s\0A[7\g\^u\>u9gm\}*d\Z\wr\\m`2H~J\5U(M\|\\\P]DWQEPI$\)<a\\+C~5\W;\MU4\\U\ZW\\J\?1\ri`\3_6iA\1A\1,NI<i\x\+\\1\C\\L$`RWI\g\Z@G.72GB jjw]N\L\O<i8=HV	[5|H=zlEx\j|~$\QVFy\HaR\;P:zW\\^\n<\7\\^e\\T\_YL\E\0\\n943:HJa\\RdBN~\\\(\"pjV\"*{\Z\[f\nI_\V\E\b\z,n\\>pPofAa(\u\i\\O$\=_P.$\\4hPx\n:(\\rGLe\\Wfr\\r\en\\S]\`v1\nL\02z\r%aB=80I@N\\v\\\JC+H*\S\`B[MSf/!\95H/zt=\ri&;\B84vR!R2h%\\!=\0Z\r\i!Iz\IVH \\\S\=j<hyE\x\K)W\O>r\HtP\c\k:\n\"E-dC\|\^\sQ\U4H\2f0VA0S~ss+F\ni\\\\\/0c *\{P2	\\Z=6\\GbH\KP\dW\\\0A\L\\Ghm\s\VIc\g\\n\(h9\{P\\0W\7\);mc\k=H\\'\KP\0\\CAmu%\\Jd2\\\\X\<R/\\t#\C\Mk|V\\c\\<\JrJb!sq]p\^\\W:aKX8\Z\+\\5=Z\nIqSJ\0\\[\\\0$\0\#W3q\'\A>\\'\\z2hxf%\db)4\!\GwV\.6I\\Q^M=\OZm]Y]x*\z\\jZ\\12d\rK\\0\8WI\#FcrEt<	\\\\wYY\[W\|=\#%\\]\oQf\*\\E\4J~Xov\r\Z\=Uv\QoSC\k0\0\0`VMeo\L;\B\0P\0\*o\(X\!\u(KG\"T;\\x6\F;\Hn1C\\m$mC_Ek\ZNy{q	($&Oq\_/[x\g\\']F\`G,`AH\3\\\Z`\!-\Fx9>)a\R\TF::~qc8\\\\P\Egww$\^K6\9D\\]\O}m~\2~\\#w?0n\\x{F\\\r>vEH\	\\Qni@Fj3RS\Z#a~\sLl<\\m\\M (gv\w5\\14\\'}\a)cG\\[%a/\~\Go\*2sJ\roJY2f*\\\'\yWZ\%\Ziz|v6\`o d\\\\\W\vOci \b\>!\2=\\W=M4\;f\kBs\HC\S\N)1P0+hXt\_+Ta2(?zBxiT\HBu\8\i}j\G$\\~Sq\5j<\+\\lw5o\FZ\\:v^:V+}	\A\\\\:=i\n\\c\\f]\5Z\0P\tdw/\\\jZE\K|;B\+\0>\})\\*1\J\0\p\'\r\\\\)\L\Wxmk\S`\S)nzS\a#\Z8\L+\W\\0;TC\0g3\\4cp=x\H	V`GjxufJB\\\#X`6	!%{Jj\S\\\cpUOVV\nJ\`}J\\t\'\\3\\,{\\4~\0d\kz\0|os-H\\\^\,]	d\@r?\\\\\'\\\==\"\\Q@|\\;z\G\\\,.B\!\\ZBdI,\\GE\\nC^\\<9oj\>\\\0{~+j[{[\\\St,\0GB*\+\0W\\\**VV?\)\|`<SS\'\hY6d\%\M[y\y5d\\\]=\\\\0\\ ,QE%PESQEAwi\1	aa\>2\'<+\\^\KM0>4\|\Z\\Qg(\0\\0\ZwX\z\\\Vb0\=E|\W\i$4g\\\\4Nc`\\Y\\\w\\\\nUp\'+}We@\\\\\j\\UsN\\\{m6\$\>})\.o\E\n\5\|6\0y,#\\z&eQ\A	yL<FcM0\8\ni9\\raQ<zk@\W\\Cad\0\q=?\0\uK\H.wNCo\g<\"\\\0;^u\\0\n\@uy\"k}*\'6I\0`\{i\\&\\R\\Z\\\"\dJ/\0\\Z+yE\\B7\\]M]\\&^\5\9RI\[1y\TXe\5\\<H\3\89=T5Nj\l>\q!n~\Q\7\'\'\\\P2|f)\/~Qbg):\Z3ZKk9<{R)\\"CvGLQrj\\ZQ\t\\j9zZ8\a{\#\d\t\Rk~\b76!c\q34v{7\(?J\\\\\\-\2#Xx\\n\zE\KP%\c\q\W\~\g,T9d(]\\\*C\[\d\0\Z|Iq\l)$q6QX\\P\W\G/%n<\\\L\t\Pa2\\\i^\2H\GC\\\4?\\)\2\\\r\\j\'B8\1\=}q=3\\8	\i1\@	 \S\2K$\Z2s\V\\9[\\^r4\97\\<t\g\\\\"9v5*y\K\Z\\O\\@\w\0k\3\\/\K9B\\\W\\z\\_|4KO\!1[\\0\z\\\h\\\q\\\\8=)\HnGd_O=\#4~Z\Nl\qE\d\_\<7qof+7\\<\Gojp_yfg\0\P\\\M/;8\ig@\f4\0\n\\\0:h\\0:L\0+\'\Z\_j[G\\0|\\pzxc^IKU7Zu\\\"\I\I\\}(\ZWv<Tm\"ol-\\Ff-[<*\n\:]oSa]#\Q\\9nX\#=kg\h\Q\.W#N_:eh\\-\\\+hT,qU;RTL}jNQI1\\P\0O>\PM\'\\0F\VG5t=6K_\r\}+$[qmb\G\N9?\cv\_\o[\Y\\\ \Iyx?\\ACDcP:\\}k\>X\0ay\0#y^iv$RMu8rL\vN3\X\4?Z\x<2RZJw\Z\0\KLG+1W\sV\\N\\9\'R<w\'Du?2y>tPrIB1\?68\8\\+X[\'<\t 8=V\\O\Z\"D\'B)st\T\\\: \\\\A\}irc\'\{\RH\\\U\\'nrRV\:\|V+?\/}E\$\0_=(v=.\ky=\cyu~k\}\Uj\\Z\\\\!\#E*4\\R\nixm5\\+\[F)&J\^b#\jmo\z\&\\ls\8#\\\\'C=w;DY\y\K&OB:\\\%\\\WP2\\'p\\2Gp\v6P0\7z#{P\o\\1\=h\<0%s=su\\h$h.s^\]\'\Y\_:\u\\0H \08\BM\e\zUF,y\\~a\"\O`}#)V<IN~he~qO\2Qd\Bc\\0Xr:Io2zfS5\"\e/5[m>\~gA\Uc[\\@\\Y\\;,\\e\\^\A,\0\zHl\j8~\\\\q\t|#unJR\\CL\fqC4\@\\4fKZf{Q\\0??81NcR@@s\x^u=@G\"\%=\&\\\7\nM96\\W*p\(:(\n\\\Ljv\{\\J)`U\n\0O>mJ33uLI]\Fn\\\0)\r4\Z]\\0b\IW;Q\'\<q&dc$aP\&OaG\xVm&=\\0.dr{\>!k}t\\\r;y3\z ji,_\t.:[x\1\08\\	<z\\G>\\\d^o|vh`\U\b3\e52\\'Lt\\O&.\@\4\k/7\r\|j\~Y\xsH8\:\Tw\\1i\3]	\`\\4^l`O\\<U!O&\\\\\):<\C{\/\"j\'z0~\y\\nb\Jyb\\>C\LK\`\\"\r\k\n\meMs\\\5aow\=\r|\cC\^\Q\|\\}GyV\v\!?}\\\)gcM\\5[7e\ 8Tec\J%F4~{X\$qV<E\\\\\ha\7+=Qz3;\v{e\n_:\\\\\ZB\~xqVm/\\\N\-uX<S*\r4y\8\VoJ\|A\k4nN<B9&8*E\0M-\n\_s\r\\\\\E4i2\RB\W\L]X\u\0\\\j\F\8=EvFi\	O8\\WdHo#\\\A!\\0+\\I\\\I\\\\\\|\=\M\dz\Z\0;W,p(n|r\Q`\0q$V$cj\?Ck@\o#Tu5I\M{\\\r/CZO\\"\\c\\\Cel`\",B\T\"m\KiB6OSH\H3\Q?y5Q\\\ivx\Hi	0\4\m\ZJ(fRX\L^7\Zj\\T\\QEV\6\4\\\p: q\+HWN\!2|\\I>Z(\~c\0?P\\V\e\Nj=5 /J9\N\\0\N\\\0^	c\\ib\p_8F:||$\099\321\r\\) ~g&U\tBOx\a\\z|1,6\0\0\r	StS\}v\`J\\D`j\yE@\dY4|;U3J\S\P\ST\\O>\+{\*\*\')qc(	\\?:s0m_oNrs\j\\T\lHI8\})y4\WRF-Ih4\*\$\\\Q\{\\?Z7*v\{g\)8<`F/Z\i\5B=!q\1\nO\\T/D\RM\\0\\\\-\'\&U\B:|f\l;\\Zn> \G\d\0\Z\\\VH\\W1ug\e\\\n\A\\%u\>j@\\@U z\Z\0x$,\C\]VA}Z\vx\Jk#E<o\\\OZ_6\\1\>Yua\W\Z^\\\\R\\0\\\\\\ZSL\o!8=3V\r\\P\g\@~d<J\\\d\Jg\i\r\\m9\>\I)*2\\G8\-vp\\#<`Y\aOa-JNs=\rR6\l\mY?\Z$:g*s\\L\ns\gE\/\U\f/C+\\0}(\o\\%AxA\;}jRh\\\]\\8,\z+\tB:L)\d\#-\\C|\\A\\\\$1GojTv{\\r\vF\,x\Wi!p,Pp;t\\#Z]\y\:T,D\\aO^\M 9&LILw\=\\0\eQ(`y\"n%,~\\7Kd\OZ\0Fi3U/f4<\\TzNjv,\O\\"oO?6vU$#T\^\4\\\[$I/UJB\n(yds]\\d8\Y\k\'H#41?\H\nI\E3=y\08\ZTC\OR(SZ\\.v=k\V\\z\1\++k\O\c\\\-y\0\zp8\[\v;\"Z\\\tZ\)#$\dD\i\"*f	c+2\dS\\n#t0}\0T\\`l=O0-A1]\\VYc@|\\ALE\g=)bH\8;\\2*\aAsZTJ1\p\F2\=\0h}kkrCRrx\5I_zBr)OL\ZfsAAIx\H\x\4>O\0ZWi\a\\i\\LW=A\i\\n`\FSE\_jbw\P>O\zvYSk\0A\O\Z\nU=\OH\\\(5p@\"\\pd\=k7\F\5q&*z\ro\Wo\\\/+6MY\\"\vv\\\Mdz\}A\\\\	mdz\[Fw\'c\u\0j\\\\\(\=Z\;ZfXU\nEy-1{O\'*%9[\7\\Q\]\\pg\00\\\E:|S\\Zw\bw*V4:~:Eqe\pyS^ErG5oX	\0?\\S\\$2{]\\\2_\0K\\u68\YVFo_Z\0tp\i!uP^DGPE.\\}\ymm\\=\V]*\+G`XxV>\(s!\'hV\yl)\( \Tl\Z5s\0\Evi3\&x*\\\0\V\+6\\\Q\\n=*\RqM\?:\0|=i\bA\I,m04*Opi\6?J\w}jY8\\P\T]M\#Z\gh\K*_}|,l\K\8w\\=H\XzoY\|*[\Es\\\7&Md1Zny\0^}8\K@i\n8\n\\Z3,\\nh\\\|G\<4\6.o@3\^\t\"~\'Mqv\ ?:z\\,=\,\B5\[k \\\\E\\Z%@/U;a\"j\`Tm\Y\\lUU\-0z\+\Uc&8\Vx\\\\\=Z\iT%0\\J$\j2v#x\)\	Lw\L	P\B}j\a241J?:\N)\\\\S:p<t52}\j5\0~\\H	Kq\\Fx\j[\K) jg \pjq	$\b=)7zqLC{0L\n\\\\!\rjQ`\x<v!\~npjv\'Q{T\Y\LZV\UV\\\jsQ\\Gr3\\ZjJ0\Kw\\V^4\n\\Z{c>d\\c \Z\^hR\l\kA\+d0O\nJ\E5\Z~o{\@\+R9C\\\i\Fk9du~\\\s+8<\\J\K\Z\6\j# ,\?y]cB`N9\\\\\9CTO\\<\C\\H2PiJ)\Tec\J\O\Zf5bZ<\:b|N<&8\GF5U&@\AF3qcY\T7q\\F\Y\2D70:TSZJ6#Gu\vo`7wV\\\\JVB\\WkI\\Q\\v\cH\%	f9U\]Vfn~\9>i\0cA\5\i\\Sa52c.\;\\y2~uLtu06\\9\[PHT\-k\zlc\\3m?3z;]i/#t\Z~\\W;\Q\\\sN\C\4=MVP\ZnZ`L\q\"g\h\\$\OB(W#\RPY\rGJh\n\ZB8{tl3L\\X\e$6zVs|\i\G?~\\rSS\J%bt?k6Pf:R\\(\\ H(h@2O|\0\\6\i\W\\\0Y\0`ZH\mWLuxE-{|Jn\\\x/I-\ys^kr5\KNX\W+\0_t\v5\nwzf{\\;\h5,\m\gj.#\!\\\\P?\0z\!d#h4P\oS\\\<LctN]\\t!bzR\!=z\\8\8\i3W%$?ZB\=*<\&W$\'&\9gSKS\4\=\9\0S\y\ \q^\@\^@(?8\{\Zx\\0$S\sB>+*5VV\S_*ze5\"j\rJ\0,EV5(4s\ \k?\\+\\.\\h[8\\\rf\hH\)*krH\*\] )iZ6E)PAbNK\+W\\[|\EZrlvE\r\\r\D\25n4{\Zk|\=\%U0\`G\\-\7p{\ZkRCWs\oA\\\u p}}\XZ\\\Oh\4K\\Z(\]d*\\k\r4;x\*\Zdj\\\8^A\\rh\@K\kV\\yt\0\<\J\\0\ZE+ \0r{V\CHFH\M\\72~I	=kH	<\V\A\z$VUvw5Q*(\0\Z\\nP\Zn8$\n\P;R\\A\D95i\5H\0\h\8:\0xjiVSLsF9\O1\e0>:k\'S\\\hv\@Y\0\q\m{v_&31\d\9\z=\PhqKL\4;\y\=x5\ut\\#\\E\\\0_ok~(cok\\\x\T9c\j\\,Y^\\r1PFY0q\]\"G\\\(NE1Xm\XI\9\@\i0u\Sw82\')\\a\>\*N\\@$n\~f@j$q$\z9kzP\rq\Qm\c\)\]H\hR\#9sR23\Z$\\c)\J[I5hLF=?:a`Gzq\#)uD\i	i3\fp=EiNqT\*q-0&\pA\P1\E3<b:h\2:j9\\]?\n`n$v|\0Z(=A\9\\GQL	\\0w1~QL	E\?:o\\0\\Q@\{\\\\w\0Z\\NC\0\0r\q\{\E6)V\0\0\}ZM&\=aI\B\\Z\u\4J\\\\0\)\\\s~%\ckYby\\((\fG\\G$\0{\0VT\0S\0\	T\s\\0R\\H\\0\0\\\X\j\0<\V\(\\"\\m?\QE\07\+\c\\0qt\0QE0\Zz\m4QLL]\0?:.\`6k\V\h\\-j\\E2)is\E G\9\0A\h\Z\W|Q\..5hl\1&@\\Ep\G3\C{b0=+\tRG\\\Ew/\3\'\Z\0i8/\M3\\\E\X#~\0cPi9ZI.\pzug1Wc\VM\\6\Oqh\0c 9V\\\r\\\u7%@\~QT\'\\6QVc~r7\<U!\\sU![\\\\0P\\U\0\tX/\NW\h\\\.rO)\w}\Zk3\E0*\_\\\\ZWA\0\0\Q@\\',1,NULL,NULL,'1',1,'ck1232','2016-11-23 22:22:19','ck1232','2016-11-23 22:22:19','N'),(6,18,'0.jpg','\\\0JFIF\0\0\0\0\0\0\\0C\0		\n\r\Z\Z $.\' \",#(7),01444\'9=82<.342\\0C			\r\r2!!22222222222222222222222222222222222222222222222222\05?\"\0\\0\0\0\0\0\0\0\0\0\0\0	\n\\0\0\0\0}\0!1AQa\"q2#BR\$3br	\n\Z%&\'()*456789:CDEFGHIJSTUVWXYZcdefghijstuvwxyz\\\\\\\\\\\\\\\\\\\\\\\\\\\\\\0\0\0\0\0\0\0\0	\n\\0\0\0w\0!1AQaq\"2B	#3Rbr\\n$4\%\Z&\'()*56789:CDEFGHIJSTUVWXYZcdefghijstuvwxyz\\\\\\\\\\\\\\\\\\\\\\\\\\\\\0\0\0?\0\2H#\r/*oL\y3O\WxG\M,,/\T\0e\TWsGR\~f7G\c\\\<gSJbr.\0K\b\E\{7\o(`\\<7k!%v?f\ZNf5W\\.\A\c\<Gn\",w84iy+6\+\^\\xjV\9\\n?\\\veU\\cE$,cF\UIu-&\VhnWV\^[\cr\\\S7\xuL\SS2\`\t\R?h%\'W8#U otM2Z\'NsP<-s\\0\\&#=\,Uw\2w\\\Xp:vCr_8\H8\0)\\3\@	\0u\"L\|\r8\9T9\P#\cRs\`t\8h4\j\l\T\\\\\24im!dRS;UNG\\t\EXeOK{i\a@\\S|qT\9l4\0\r*c2SO\^q:sFzb\\\0(l:\00AT;<}h\3\~B\g=(\#>\c\ t\'\\)\\*?\\q\j9S0*\09o|\8 vwG\W_\O\\G5Wku\0rsX*Xdx5F\jw\\H\l\rM\-\\cIA${rJV\O\\~\L\X\\w\Y\sY\FGlAN\\}\\\!\\n!Y\\\$\\\0sE\j\o\Z,0$c\\\Old\n9Q\=E\0z\=CN<\L\i9\W+2M|\	#^`6\k]B\P4R+\5i!Uq_5h>-EIq^\\{V\KH.tU^[d8CXK,=\k\\\Zi,\2\\WuxRARm\&\ypk)\\r3MS$G#s\b:\\x=j\0`(uaGpZP\n\L8=\r.jrV`\\Xw&4-Q@j.PQIAy\\\>H\<cX\\mz4F\\\\\Zn\_;MVp27QzW\d\\Vlont\VDb\nqZ\\^:T3q\n\\\\\B\0Qy\\~Us@%\\AQOlV}d\\\.O>^9;\\\j0\Q\p\^mi;G\"HU\\\"m+UK\\>`9\'}\mP\0\\'\\>Y\\_-\\P@?|\\0EW\>3\\|bU\ofc%\\d2BO\9\\,?2}kS#%x\T	a2\3$u\\"mc\r\\\p\0;z\g\KA>\0\\`O\I\N)\S{\pz\\0p:NB\\<\dH=s\\\08py\;Jb6\\\\q\9@\8\\^G\\5@\0>\R\ z\n\0\\t4W\YI#8\\!\\+U\\Z2\BNqH\n))\J<\F=y\@\\_JX\4\\IG;c\\MWS\J	(B)\u4Zn?\Z@I$c={zQ\\M3h# `~	N{v8 \08\\"djJ8\\CBHo\'$<g8!\\\SA9\\\\\\\\1\nI3\ndG\\0:\J	9\Rg\>z6H\(lAPFx\)%\nR\rH%<N}:UnC=:r?J\0t\[Xr\j\G 2q\L\ 6pz~(X|sk\\Lr3\\I\\&\\Kuu9Vu\{\\\$\\\  \\1y#VR\\iA \Zv3I\0`\\\\'\uXfU\"\'\Z\>AsLGL\\\\2]Y\0[I3SV\E1\(ry*aUJP	TQKHGOj4=is\)h\\\OT,)($w\\r##&\4\\	xdCa\<Cix5=9\A\-#\U\\0e\+\>s\F$\\\q*\&*\r\\0\G-D\N\r;]FTA\\\z\rdQ+n\wq)^\KI\z9\;]\\%<0\Z\a<M}Q\\\\`+\|i}\"I/4\\uZ\3\\\\o8O\E\\rl\\\\"lt5}&3\|^ l(\6S2`YN\r\'\\0\\\#5\\Oj\\aZLTr?3J+\-\"\nB\\00)]c( 2\0\0\j`8RMV\H\\rq\)\0\0\o]\b7ET\@)\\2YrNy\SFc<V ;$\\s]2A\c\1\X\32\8\0\\\\#$Ky,7XI@\H\\0H8\0VYH\\\J4Hs\\A\je}\	\1#i=i 4\v\\(\I\0N\\ \'RI5 sg\\p\0`\h\^\0:9\Z3>p<W\\j\0^}\\r\0RT\<Y\'`Mo%*\vMU\Z\M\;PW,x\#:\g:\H\+\\'*\ns\r\\\06\'i\\#\'$\\`s\0%e\54r\Z\\R!\q\:]\\JX<<\\}n\\_)+\\kt+\&;27n\0y\_\\\r2\\\k\\A\t\n\\4H4\0YW7HJ\Z=\r\\4%wm=$D,\|\os2&As\\lCqX\XLd[\{	9V#Zj\FB\t\++\nx\0\)i\\5\*wJ\\\0\"\0)\dP3\\{\:.\\rF\\\0\d\ork\8[\tC$2A}o \`y\?\\oE)LM\Q\\Z\\\[C}\ijY@\0\06=*/hiahA1t61\Z#;+|<J\ocJ1\\"\ \6\9U;}}\*M(e h\\\rg_]\Cq\V/&\\\\t0pj\l\\\\<\$r:QM!y\\>>1\\0\NoO.\S\r<_\_UI-5kM2KE|\DZ}\>K\Ul\U^Y}CJ^1\\|\6rm\\\\p`\\_x\W\\85ji\$o0<|1=\Qfe^p\Y\\:o&:e\L*;G=;T\s\Eq\\|\2Kh\[N\"\\T0+&\>dPg,NP*FqT;\0\q\Nd38\\9\JH;zTz\\^OoAHC\q \ =}\{tXl\\'sV\\Q\\B\0\\\L\\zb(\>^\\p\9\r\vq\\;[f\zBX )\\8\';\Z\(\X4r|\{~4\	^6=1Z$}(\q\UnT\=*e;@\'	\q3G#\G_JP:u\@RCg\*jrz\\lC\n^=N\\'\rX+`80\R$\H\\n\\\Z\0WX\1\rNtz\'$\\8mL`\\RQu#>\\=W3}\n~\4\\0\SXA\\S\o3\'\2@j\UpFG\\\\0XMxn,g$\\*nFJ\~,2\\\]`9T\c\w:\:H|}M\"r:Tx\/\[}j\d\ONGRb\p\Y\\Gb\u,\r9\7.t\{*\+\&z\\|Um<\\st\\D\nJe4\h,\Egr{U\/\~\_\v~Q\\fMd\^dZ\\mE>j5\C)\\irN1\\E\\\~xL\A1(H\\65\\$<\{}/xX\#:\nE@vAo|vyCT-\C{\`X`\\r#4b\0t\SLv2\m\\T^M3\p:\GCU\\@9\>+\'y\\;zzT\L4\dHZ\m9=+%Gjj8\J\\[wFm\'?Z euU\\Uu\\5\{M28\;M++\tX\*Ov1\n[\\"#\++h:)\F*\i\Z\\\nbtj@\n]%G\\Tf\F2T+0\c\\\4rZ\\__zgm\@s\trj+>h K6\-Y\U9\A\C\V`IF\{\R0ftx#\\S\0\\'0\2U\zzS$\I*+\'Hp8#%W\pxO	#J\#\0\\oj\\Ox\|RHFs\0[\n0p(cr=q\0\N8##\0)P0q\@AV\150{\ny\&*\\\)V$VFs\"r}\\\\*nT\\t\\R\0~VG\\u20>1-\C`\fV\\0H\cINy$pJ\07$)\dB zb<		ws\\N\;Nz})\\?\0Iz(\S\\z\0&la\VOr\\d\\\\5\"Hpih4cxNEwi(\j:+\42\'&yr=&h\Z\"Tc/\'&8\Tr9$\Zz}\9p@\\^*nj>\vGQ\\\W\\\O|7\]f\ds\CFG&~e=\&_N\7Kkq3[HwT\=if9{ALFh	IG \t7:\r\#h<\x\pk6$jZ0=J\,x[i\t\^\]\\z6WU6;F\5\\7D,2M-zRP\CZX.,$+\"\zlr\6lC(\.\\p\\@8\;GCMh\\\\\\WaV$\~\aD0\GnP\NB\P*\\x\W9sJ\\X*.l\!\jzzf,$1qOGlU\\\8\L\2wj{\qYR\\\'#Zxvs\\c\\32u\A=k4w\\5%\)H\D,mM\+\4\"I\F9\\o5\\k\nUp=Tnl>E\$)\fhk}\T<\V>\\RZ\\Z\NpzJV\O[YU99=Ez]\:\0\\\Z\0u\Kp:\cR7\@q5\jz\\e\c\\#1k\K5KA\"aOjo|4\~.%\0\\RO.+2a\To4nN*\i-\r:CqW\\Jv\Uh`\S\0s5;&|cc\[ Zd\\BDjL\	S\+LAx\\<\\nG4\Bc<S\TD\\0\7j\:Tq\\8j\0Lr3O\'\r\z\\\l\\V	A 3Wx]0Mb\VC<kR90\\\cT2\\T<l\E\0]B18zgL<\&B\4\c}\z$\\PG\8\\07v\\N\'\"	n)\0c\@gH>Rx8@\0fz\0;\\J\qHjH>\\0<0\`T\\0\\T\\4;v,\3\5\u\0\\rqS\\\6Fl\,Viq^\\ \&\\+\zv) m\q\	\\0\\+=\\N1VgzryUm_\nr;m]n\Z\0\7\\l~e\{\|meZ\r\g\Z\g\\x@\&r\\rkH2\r\'z\!\[mN\4y]\rH	1\N#qH1p#q-|:P	G9X\tnWSpy\o#@sTA4`g\w\rW/>\\^k@OQ\ki,1X\Z\:exn:\q>dW`9\Gi$wkdP\A\\F(\\uls^a\g X7\skjYA\qY7L\*zT\6\Y\\~ln\\\=\Rj`\ZB\\jy\'\hwJ\0\}kRpEW,e \n\2CoX[@#5g\E\$@&p\0\\'\'\\aXtI,\p9v\|FFzWWe\nG R\yxUB{\UqzK\L\\!9b>\\>NF[\\\c~BIP/_F\\.\\RK<n;v\\q<<M.t[f8t\\+XJ\\\|g\X5x\\\ u\\L6\N0G_zJ\\QY\Wn\Z\U\mf a]1F{EK\y5hdFG\\Vz]w\"^F?8~u>^\<[\'}\.S*AP^h\0y5\\>\.FWOvH<\0*s\vY\9\\0\?;\n\n)#?\ F>bOZP#\U\B8g$s\\}A\zz\(vt\\$|\Z:\1\rG\P?ij\zVn5\A\wmOMA>\Y	 c5ad 42|S\\0]Csx\\9\Lz\0d\8\1\`\\0\Piz\)y\<\nK29p\\4\h\\\09H?ANpr8\Q\0\\=H\x9	s\\'\rik\\F@\\\09\z*\\\\05H\}i\\*cNdY\0\\TxrJ\0Kd!eRz\T\\%^\51=j\8S>\\HWr))\w\g\N\@\\	#:wp\\-\0v2|P2M\\1\\65W\\pk$~Imf\\YabNiG\\\%P\A\^5KKy\^,a\J9awzRC8\0xN+hT	<WMk-\THW&2\&:gWA\\>$\vHK \-S\]oX\\\I:+VR9\'\\\v*y\nk\=\"\\I\\*\\X\RJct\ ds\\s\Y\\g\Sz\H\:O)IP!\nFzMs\ZFH\\T\"xU\nb]&\\	w;8\(8\krvh:q\z2\\W~\df\'SAn+\+6hK8\#^qlcdM[m:C4arOQTd\\r3Q\_;UI5p\\	\-%(HVM\j7`<\u\\E\Wb}{N7\0}A\\\\5M\Z9%\9\\\\u\=Ez\\Zw00h\d{W\\\\r\\I\\\\2\2\\5Tez\\&5%\3\\\o\\q^\\CVv\Rq\\F\xU*nlr\nt\} H5\0!xH0\\\\&&p.Ud~<2|5M\t`\=+Bx\[8\}K*NzT \U`3`\	n{w1&w(Sp\4\0\\:S\\\O*7p(\ \Oz\T\G9 \\,v\#y\:b6\pqOZs\\Ih\AwDuGK\7\HfB>x\\OON\E\&M\`tk\LH\UW\~W\(\0uw8\U\0=*\\@\;\?v\0\\\\4\0\>a\A\.{2)7ro\09Kv=A%Aic\08\\P\"N7A\z\8<)\0g@\;Zq#h\\iy9\'x\ZK\\\4\\N\8#\P\0\K:9\ASncI9\'9g\\?!s/A@G\E\h~\\nJM\r2(7\\~Q\-H\MR7b	\HmRblx/pmp\a\=\\^`F\<{R\\Mm0x0j\\Hu9\yowO\\'z3$B\"#\8r0zRm@:\S$h7\,\E\"\)VvC|\z\&4QXvcA\!R\	\\\VV \^a\z\	N\q$G4f\y u<VDM\(\5\oyEWs\JC&\SFe_\P>2\\OTO0^ZB\\R7Kl\]E:\\m E\9.>^\$\\ =Wv\nqQ\z!M:f`\yN8\EV\\28lp=\6\Z1=	.)F\0`7J\\V\B\\[k/\ #8\98\T1\FV\J61E<r:W\ZRlt\T\-siN9+<-t\jwV<4efi$T7\ZTj-\BqaE,QC]\[\0sp:\9\{Ft8\"]r6	m\p\S\d5\\Ziz~\xL\r\3=%RnV\(\\:KI$*k<r\\tJ! \l@	oD2X$9;@\+c%g.x5ixMi!d2\\nlR\SDuv\;\8\\0.GOc&Tz\Ck:\\w1g\Bw.1LS\v\$\P\x<+tdr\n\=k\\\4 iYN\\\H\\0|\N\7\;\4z9$ g\@\0^qR+~N}8\\\=AV9?\@\%\rku1F\wx=k\\"\\P\z\n\\\;\V`s\H\\\\\#\\\<\\\\c&Rs\	qOG\0sM\cI\9p\0\4<=(I\\iFw\\@F\N;\\\8$\=H\\dNh O$g\0sJA:\b\nn\|}<#\'?+0G>\0\r;\$\`\c>\	qh{\"\iKM c\\O;\M.i\"RB\!\\q=\9\"\M\,u]OQ\\\;\\o;\R)3\rd	\YX[_\+k\\&uRE\sQQ\\"\\;\H\Gj^M\_\c\"C;\{+o Y#`AXPqv9N\\R`\0O~jue{\nN991g\"M+0g\AkSPm\\e\\VZ\rGk\JO9n\\q\kS9j\I7\\}\\`hG\\ErVG\)\em9HT`p1\D\\\&\nw\F\\\\{Rh#F\7\\\G#K1\0=j\r2v\[8R4P\m~a=kd\$I\\\w\0\W\'g1	\]<A#+\nKTb+\\a]&X6b\zw\#0\AG\Kx\\\S\`\Ur&m\`\g\l\n\0\0\3.2,2+O;\_+;w9\\iWty=\8\.k++\o[_T\2\7[\\\40U\ob\\\W\\"YU\Z \5\:$\W7pF\\\kdE#$qZ\Q_	\U\\0[\A\yI5\M?R7Wq\\\[H\9\Dn\E;&\Dakv\ \Yvvb?w5b\\\M[5Mld7\%B&\\>Olwr/Dmm\$\	\~\\\\7LN\`\F\H\1Q\=+/R2F+BT\LBE\N-aGJI*0yFLT[rzw8\B\@@\r\0\<\{RF}h\I=qp\Pn1\\\\\@D\N\<GB	`1B\8gR\\z\\xii\aAgV\\\R\z1\T4nQTN)H#5\"\\\pO=Db23@C\\J \E\>\23g\0Nz\\0z8\5px3\\\0\ d:9\)31\0w>9h\sRu\'\\*.q6\0PvF[\sN\F;al{`\\=Cc\\\\@#9\A_\8\\BOOj@Lw\k=\\\<\0r:\r_P]J\FVC\0U\\}\\,V\y\m\\kyW(\\kh#0\\!WWq3\h\5k\bG\T@+[Q\n\>d]d\?$]\\\Z69\4/iyX.Oq\8va\"-\\L~Ic4M\d\{\.\~h\-ZjjFFjEx\\\\0J3]5A4\(\[]nY>j&\q\kK}V\\l8M^*\I\\\W\";9r\}F}$\}3W.\\?e`G&\LY\?6%%\qw\r\{\\]2X])\ I|ZJ\*\,6\q\\\x\EP}M+G\V\\p:n\\\vve-\rx\I\zuc~_+Ju\\f\}s#=j;\"U?*\5.\\7#oj\6\\V`})I\"\s\\\g=s\;\\\\\*GiN|\q\V0\'~,oag\\j8\\:H;_i\\\b)\:[\]*Z\\2\)9\Wt\G\09\y^4j\Xb\0LMi&I\M=<\\Y\0\\An	 ;~5\\N\x\jV&D\DcG+o\(\;l^hq]\ul\T\\I\j[\js<\\\e\My}.dlzZE(0ey=\\\Wl\Flb\HNqS]$\nRrvZ*\RJ\-/M\$\\I\&YH\/4%\\Z\C3uz!2\\\	b\{MWR\\\\dsR\fH3\At\c~\$aZ\|C\\o,S\W\\rA*\r><x\\a=)3\sM\0\ZY\\m#qU\\\_`\UT#p?Et\4\p3)\*=@\r\n\Jx\qR\z\n`\\+U9ON9\A\08\\0a\\ny\~C\\H	i54)u`yYW.l\_z\0+k4NC+\\\=\rqZyT3)=\\Ra}\\\5:}\}*Ua{U4qT\/\'9i&\'Jp	\U#aSt7iK|sP\cI\0Pvxs\!9#oJot\	\xj0H^ON\ P\8 kGAAms@\r `r*m\\\ZsHe\p9\HY\b:U-n*TQV\\\\PbTX\6W\0Z\]\7\[\\V\o*1\V8]h\\\?#`7\=$e]\\r1^.\ZC(\X3{m\\\.q?M\-ZXq&>t[;x~\bZ1\\\.n<\OE\dtd8\\Z\ut=\n\P\u$Gr\6\\\ry%\\Ve\0\5\\H\$AN\'+X\7M<r\m3ZEqN2\T\\C<\NW@P{Fm\0g\\\\+\E,N\*`Bz*h\'P%sf\\Z\Vc9f\hA_3p\Pk=+\wHJ\Y\V\ZD#^\08\f\M\5\j\<MT\&6\Wis\\Z3\i[JB*]f2Dk\8\e;Ev:|Azce7m\\\Av\\\\\\q\MmUw\r\\;\F^4 MRK-iqR\3\';Vq\zfg3ulX1\k&{r\F2}\rh\:,\\\<9\\ZZ@}\S`c\?9?Z\4\Fr\r	l$\\[;Q^hY	4@d\2	ss\F:\Z-\r>5p\\z<ppNz\d_`T*)\wG>\?\;8\;s,qoo\T\vn\"=\Z\.`i&$R\PCYs?\\n|\\\\J\1v<\]ky^\\\\\?*\,\1^S\s2!y\hwf\u\98\\F\0z)r\b~\\Ib\rG\"y\JlL\'#\\nM+QeYzV.M\|\.K\'e1A}k?N\*\\Bg%H#(\0~\^*y7VLG\,m2\=iEq3R\0SUt9\jPrq\0yUe9T9\8$\&\HEs\\\?JrOZ#4O9\?hO\0Z\ri\n\0	?-XDKr\\rT\5cx\S\HY7?&{W?\r\\c^Y-\eHV\JeG $\sSg91R<ns\He\\\\\\O\TQ92I(\?\np##\08\*EoQL	@N?<\4\~4\0F\0\r\3@,q\SLnO#3H\\t\ E8\\t\B(x\Y	p\\q*[4H\\nFr\ZF\-\Tf}+$Jbu\zR..a\``(z4z4v\\xuG\\o\\Od\\\\<\BU\xQG<\*\W<4\$\KuyI?N\"l\`*\\n\\h\`s\\}iV\%\)\g\L&\I\9\^\;=|2\W5\\\\/$\d=kXjpc\"\Ehi^\<s6v<ZhPqscq^=\8J\0,25,H\*^*;0\@c\qR;\\FW)+\\\l*t\OJ\T\i2,\\ \5\XI\bs\1^o)\\<\	d 2x-Miq\u:km\\r\\0~u\Y(6\\MDq,\\\nie\I<\$Vu b\1jlnIn3\\9\\z\\\IbE-\roa/\z\g\"\:{u\D`\4/ssA\lK118\#\rj\<9R\1\rz\\F	JXoJ\\\}\nMs\D\;\}c<l<n\*tnE\>\F\Tfh(s.\\jR?\\Fq\w%uJ\r\\\>xDrn*\(PCu%mkd^g\Ws\n\\\0;[7\]w{R`L*xpf\f(\\D/Lz~e_xH\n&\Z\W\+\\\\\\I`\(\09O},\RwaJ\k\[\*\\qm]\\'d	W\[Aqk\N\nG\0Z](\\\l\%8G{\i9!2;\D\4<CTr)F+Y=xsib	$A\`?/h\\\\\\@\\d\+\\u,r:U*>\koH]1\\'dP\YwVEs$[S?Oi90yQ}\'\\6\%\ZuA| <5\c?#Mo,\1\eZ/\|o\g\)\e\J=4la\~{{U/lR\D0qL:#3)\X$\\04duAQ\\0)\&\\rs\( j\0z\\pjXUp77J3/\\\P\:P~u]X\\\0y2;| V\'17#W\`B\\8T	pECC\x\Lryj\m4^F\\R\:\gzx\;_p\U\bV @\0dO\0`\Ww\J\0@Qk{J\H\'jL2:@kX^\0!\?JePcWq@zAUIn\sYMML\\U\0+\-f9~\$0%n\\m\EwZgR\\t\Zv1Q4\\\6x\	\n\+^\5e\\\09k\\\\\0\\>Ew\)r1\E\\\\0\/*wi>D\\I\"M\yjz\A(Wo\:gy>\pc`\j%7x?Qx^Q@\nc\]d\v:8#\\YhYXd\\+Q\JM\T\;j~&^m=\\\4+};\\\+mKP\<AQ\\r1$I\\h\5u\[].\{dV\\\\hp}W(\\\=1T|=o\\8j\\{\;\Lej\\\?Rl5,\3%\7\1mB\3\GR:\j-rztY#\>\\\2)\,`\Li1\}+\0cv:[\:\'0+S\t\V\\[6*LuE|\\\\Tw\[\\\"Ah\\n	Tl2r0TK\Z	\0\F=\4\{cBw\'\U7v\\\T I[\2g^\\\GprWs<#\\\^\A\\\5\X\7cW\\gh\aon[-\\Y2i\Z\tt\c\??\u	mt1Qjzw\%\4XNe\\s\{+x\0^\Z)\ZFw\\.mvk\\w)\ZS\#\?kU$d\\C\Zkxm\<,Q~Q\\\\-rGa\\1c\\\i&pg&g\\\\w\\p\^\\&6\sL\.`\\'\#uWw\\\'\'*\\\\Z2svt%dWE1;*\xT\?j\;REM<\"XsZF8@Nj&\9\*\\1[\V\dg\\a(\g92G\KU\F7?\\\\\L\~\z\\\\]\z\u	\-{\B9\uBZ$r	0=OC\o4\rJ+Z9bl\\\ynbG=sWA\\\3\|qm,]\qnO\=OmTf9\r\k\Zbj_A\aF&+\\q\LG:\n%:\|e\Y4$&\'i!RA\"D$S\\\0\p*e8\06\ RGo*R@\M*;T\Zp;9=1+\j8\41*aP\\(\0h\]\!Q\R\\\!\\`;\jY\Dn\z\0-WJ*\\F\\\Y\V\3$*3N|+\-\r.\}JKFJse\GZC/)\\\\N@\\Mh\:{\\\ \Z=\\;kbn\4iDvR\0QY:11A\F3PMq%\\\7)6.i1X r]\Q\\\"\!T\\8#VG;U\0\{|l\\\\\3pz\nE-\4h\\\A\'\\?nl$D\'jY$+\ua\n0X\\nEs,p\#e@)\J\b\0\FSF\jB{8io4=J\" 2\\\^}\\0\t\\wvD\68#p%Z>\\-tvMqn\^~\Cq\jw>\\pA~\:\Niy\O5\\"\OAi\\\fE\=\0\M6\]h>W8\Z\mK\\{`A\\eMTY5lI\5Y\\\5z\l\1;TOJ\y$HX\=kP-\\'5\\\T\[Q\_Cwq5rnwsWiP\Zl/ \\~-\\r\iI i!ek%\nc\'\\n\"sV5)\n\7Q\\\VZL\0g5\&oVoX\#[8\=)i\W \nm{qb\M\d\j`\$oDe\hs?K\r\\'IFF:U)-N2>{\\0],\m.\j\\\8yW\'&N\\\X\M\"Z><\'uJ\\i\\ZH-\\e\n\[km\\\2\\0ETr4O\\0e_\\\\\Z\Y\\g\R\6eqW{wUY.#\RT\GzV\q6\\\?d\\\0\n\Oj&pD`\0f\M\5I\e\02zT\xgV\\F\01Zt2ooH{H\f%I\==O\Wx\QE@j\0v\{=L\\FW\r\"w/- .sbr\0\?/\Cms2BK(\\\\\\\v\k3vU=X\I%\\\0Z\\&d?(\_J3H\\Q\kf\\^;~=6+&jEe\0\e\z\\aWF{\Z\H\0\F\r<\\nU\0\LR?98=X\]\PQbu0 ca8\vc\,\Bv`\\\"H#@$Hr=~xz=C]1g<kL\n\\K\Q\q\\[%HQ\\}D\\^2~ITr>\X\C{jF\4\\m\i\$v}+6:\zzu\^sf}\8BzZ6o2\\=*\C7ol\\mZ:0\^7\\\nI\<.\8\"^\RL\~T\8\m+u\Zw\\"\x]\\'+l\`H\\Tpy\zT1`\\#\\\\(\\J@5T\O?dn\JV?6{SU89\=sEF#&G\\0@\Z7Wji\v3Zp ZVZ\W(\W?.\nU\\.	\0\r\jZv\JA\Z_\\"oj\&\3R\%!~s\i\7OZ{.K\\0+L7N\V,lgh\\\\0M\ 2\\\0Z6\n.Z\_\JE+\h1%\\~\0\,ZV8J;x\0V\\&%\0:\\\.%k\\z(\$q\\.z\\1=})}Idn\9EZt\C+u\Tw!/s@tL\'z\\7g\+f>ViWO|n\rS\<sa\\swx\ip\\g\?\-NbF\LU[=z{q4ivn^\\Z\]\s7\F:Rn\r\2\\\r\\\+\\Wu\^4 9Q\\\`km\I4R44Z\!Nu\\TX\\6c,J\g4H\+N\Q[\1\;\Z\~\y\N*\FHM\\6\\kk\:\=2\\"UE{q[8;\n\\j\x\:P\,p\IJy\\]6BV\#8<n\If\c\?\\Ps\5p\dR]#Z:$q\\_G3\iR%.\\<u|\v\#x48\\V\ym\onWsp[\\Zl`ye0]\j\Eu9\\0&s\i\rB\4\m\n\q\=k]cMS{\<~\nz7\'\z\\[3IE32/4$5\Y,b).]\\rh7\\v\\0u,{T\K6\\Z`\0>\Zj\w,MfGi1Y\q5\;sN=jQ\\(i\v\'t.:\V~u9[1\v]>X\[\@#f}\[RZ{l\eBx(:U\\\\\\bx\,\"\pe=q\\tj\\aBs\\,\G:\0}+)J\\lm\c\Uie\W\4r{c3De\\u\L0\%HV\\*z\\4$X=\x\2\P\'f$\c\Z:y~Xo\\\\;\\l\\x\P:\n\\\\~\7\h$\n\\Z*G8sC&*AMuq\\58\?/vz\d\\^\\0\z\oc\)#\\h\<IIh\\\/\#coh\uQ/=\\n@:\Z\tM55I>\(\\\=k.\Vw0,lx \g]ci\'1M\9\\Z\\PXgS3p>kC7gY\/.r\=O3B\C\5O\%\C\\\\>\(\.I<\\\7PIW\Sy!\^\\\i&\Lg\;J\9\J1[\!\\d\\\9\E=TN=U\0\Th\I<V\0iQ\J2IPJI\#\^:TUhh\S\O}(v\ 	#*x\0\\--n\9=Mj[J=Y2\05#,K/ki5\Ae\0sE$q.\\+\|\rV\\\0Av\>\\:\\\\QUgXH;6%\0d\\\HO+\?\\y?\?\P\\\P8ic\Gz\\lL\#VQ,tHa2G6\\0s--5\\\0\0X\(\)nE3\\[)b`u\"W:v<n3#4q3]\YN8l\\34\rOk\"In&\|\1D\0V\9?L\,\&(3\kP.\ze.\X\kR,\}`wt\'i8\eo\ZE uU=;#%\I\x\l\\r\1^g\ZiHF\5\s\F\qs:+\h0 l\r0\\YF ;qPE\5\I\"\\0J\>i0z4\-n5Ae*rI\vNh\\-=J9R\Nm\gZL0sie\ W8\0S#t{PM\B]owacV\\w\ZFF;4\$y	ijw`5\r) P6H\'epVhLv\.5\r\s\\\i5b\'q\\3U4i=\t<\[\wP\\\8Qn\]8ViJ\5+Ru5rI\\\Rj2P\B\\\?VQP\U:}\0\Z\\\x\!wJA%\Q{\~Y\0l\;cq\0]\\\&]\Ul5=\7\m\"w\#<\%p.\+@O2X\\+\\lo9\E*\\\rZ\aj\9\J\\K\\:;\0\[\\ \2	\T;\w:L.\P\0\zm^R\sr\M@S\vl\[\WRvQLu`3\Zx9LVJ}\r\]Ew*r\\ZOm+mPNQ\0xv/\\Z13\\uMic+\\<=\k\4Q\*\I\9G\#_F\.-\&C\cQ\Z\0eM2Z\;c\_@xoh\t\%#Y\\u>\{\8n\\q\\0h\n \\_\\K!\m\\=k%p0A\^wGe\XK#\\7-]\9R3\\\bp\$VQvfWG\'\\x:h?Pq^[p6\GK\\O\r:w\?\9*-2`*{\nm{U[\W^\K\\ZQC\My\=S f_z\M\Z15md]c8\56o\\\\\~kQ\"\\Z\0\Hyrs^ \&;%6\\F)W)\	tB\xs|A\pnmkz$3*zV\Z\0\R/^j*U@<\\0X\I\\\gDfrI\1S\a\0\2G\byg8zf\\]6{	gR0NH\\\I\0\\0y\H\\\#\3!\0\\00:\ni\(QSI(E\f\A<5GY\\\zH\\\\\\\\5\Z2D@?9^zR4p:\\Zo~\r4Ja\i4S.A$\a\rwr\\\\0U0!f.\\n\%^\QD\A?qf>&x\Ojdr4v\j8\\ZD\)yn\{N\7h\J\F\n\0zxK:)nI\\mtdsax\N6J\CI<\r_%:\\L1x\E\\HYH\\WU=~\v\K\X\(\dl\\Z\\\slW\o`#\'zc\!.KJ\I\Mt3RMN\5qvA,q^o\c|FY\E<oGi\]\\\H\]HHAqb\\$\W\\\H,\\n\syr5QG\SC\o;J{[Ei3!<\\P @}1T-t\+Bz`k#q#n\\\n3\1a\>D*>\oI\\ff\\g\W)\IiPXT\o4\&I<\"\r\0\F\l2?~0A,w\"AjVr\\<VC^]o\\;E\*.gaJ\\k1pmtu]D\\MC?*\G%\a{s	Ve\\Ed\xj\@dW#dSf\Uq[v:,B8\\\QX\rj\0\y\\|T`8E\\\o\COv^\O\0\W\"M)wGb\\Z=\;L\\3Hz}r.M\\\\#Xtw\v\\\\0Y0Iqw 6\kXZR?\\~/\Kh\\C\\0tPoQ:(xWm(~X/V^hO\+{{\13Z\0L\o7Pl\Z\IYmng2?2\E+\*r\i\UR[Y\Hj\r0!\'\X\6*>PrO\r>\-p\K>U}v5\Ig}\.\\\2~N\\lb(\\\n\ g\x#\e\t\k\GN`5]*Hg,\~{y,\\	\q]<UxZ\\Z]\\3\82jwG\\\VD\\S}D\L76>1Z`\Q\1 W{\\#\50\\"u\?Mp\~x/4R\'\<6EtSg=U7AI3\>}\aGW\V,E\n\YVqN{Wkg>c[\Ka4&ma&1f\r\@&iF$\\S\_412;^Uio+aN\,,G5\\$kuL!p7u\\\\0\n+;`\P\Qx\\cZq$T^q@(\3\\\fA\3A P*\\\\n\_Ji\Qx0\\g=h:\2\8\\\4\\T\c\\\r\mQR%\<V \\Cc\bkZ\\\\rtz\0O\Q\\F\JxD\0\Wqtgc2\,[$OZd\z\h\\}\\<A\g\ML`r{P\4`d\][wj\4]%a$\n:\L\ZNK }\\~+A\\\\\"Qt;nC\\\\]\'\?b\ .$u\0*6@\0R@>\\K\1\WxG\q\\)d\0~5\H\I5\U\++yX[^G\0aU\0t7HL,GUh\\\3\Zg|@\M\0\Qx\'\\,	\'ytv\cr+\\x\xH9k+\Zt}I\L\r*U${zW\\s\WF=2}y\\w\\Pa\5\\6Iu\\`\Keo,z\363\\?8\r\HuI[Toq]\!H\X\0\~\rr\\D\_8\\iN\\\$V\0Cn\\\Tn0\t=ipng?iGL\{\KIf\)\C{\U\r\DD\~t\\H\gK\\,\\w,)\\^\6\\+\sX\w\G\[\-,dh_6E8\0}MsZN}ilB*\\}I\8\Z v\)HH=)^\,P\s>\!1\Y\\]q(n%Cy7	\\4\\<\}+x\}L]u\\\~-\\[JpO\q,\\\y^\\1\\<\n\w\&E8ea*i\e\uK\%U<@u\V[\d\c]\}i`N\6;(\>u`R\]\rsm[t\0\\^\~2\S#\\\\\Z\r\fK:\\|m\?\I<\\\\0:\n\gsLH>\\l\-X`\!\\\0P\\M\\|\z\\xXB	;\\B\.\0A\\{r\A\/\H\\!6E@O2z\b\\40]\C\g\_?OmfPpA\\\\\G)(\\\\\n*|7\\b\H_\\\$) @QwWRXWOd\\n\\#9\0j\"\0\~\Z\BW:Qi\vI\8rHZn^v?8\J\\$^8Q\Oa<\WZ\\9,o\%At#(0UG;\&8sR)\\H!&X\^k\n\\4JGS\T\"4\rz1.T:\5\\[Gw\\\>\w\\0qWwGgE\1\7R\{f`\\[Ys\\]V\T?wiXc[UO?\\]:dz\nM_y\\4v\\\NkZ6\\UkHl\@\T\\\@_GiM\'n{\R\\]\M,f\/278E\A4\r^\4Oa\z\n\t+\wA\U \0R\0<S\\q\U7$P\\ZU<g&\g9\\0WA\\\nK\9\0^\twa$\V\\6CRG\ONv\@e\\G\^y\}fk\\37 *\R\\}B\[\ZYm\\YRyW,}#\:\\\,\:\n]&\- E\n7comXcj(\\\lZI\0`\k*\'L\\7\\ZY\5~<\q\Ajf\.g#\\Z\'D\d8yr+\\g\\bx\L[\#Z\\\0.?[Y\\!!R\M\v5\$>\\0HPx\\\mB\\\Fz\d	$zV<z\\ISP\a\3cC\]\\\jq&t\N\I\\"A~U93\`695u\ <\U\\4\CNP\\\h\\0#\\5K+\`,;Vc{!IX!L28\{AI\2\M&Egyw-I B#$|(Y2\RLRO1\Y\\\d,>f*=#\>\>\\\I\!\/9r\!g>caf\\n\/i=0(@b\"\n\ko\p+_J\\/[I\'\+[1\u\rG\zj:U\)\q\\\\dGxoO\0,e>\0\?x\\N\]Zid|\Mt\o\\"+:75w	xVsx?J\\'\\k\gr\do#|}k~1;\\\\bXb>3+\{~	\g\^\t_x\^/yg=\\r\MpU\r0#BX|\ wJ\\n\@\\\T\r}mv\:)<Np{czo>-\\K^\>\r	\S\\"\]C8D$nf<\n\0\x\0LKI0\|/\4&3\	\<U__hzw:=\B\0*zpo\\r\'\r7UHo\m1\oI\\i va\k\"a\R]\\a<F\Z[\x\$:\c\!\1\"i\\\\G\\r}<^8>0}u\\|\n\v _JMuq\#]>IO\7\e\r,}[cY\'\rMi6yKsY\nJ kZa:\<6:%\\\Pw(\n\\W:t{\\%fQA\LDr>\\zKd\\s\E\Z2;O0d\n\hZ6\v\1\\n\0f1SdvZ@#\[\0)F=\+U2\kkkh\0\\Z-:-d\^\q]gejz)rqr*5\j\\\nJ\0\\u?2KC \\0=~18\Zg\\#\\\'j+j3\RI RY\\0S\qU$<\>y\z\\Yu+v|\\\0;@\\\\'\\\\W\0	iIA\nv)8,GR}GE3K\ `?\|Mw\MNW]\)\\?)\D_G\j7\~+&\H\	\"\\0=+7A\\\r~}F\0jFy>K\Z\\:\Q3OB\\\\\88\@-	1\\N\Q \TN\/#[P\1\RB\_j{\0\\OQU\tM\\%Bj\#t\\Y<g\FqT\\q\\RVv5GyhoL7G\\\)5\>,q}\B\\r$Q\'\8237\0\\\6D\\\=\0\\>wmK\I\0\{R{\F,8\6\;8\\>VIPl\E\\\\7\r\'\"C\LU	\+\ $\\0Wob?*\\\\\]\Tx5FzS\ZMUmn\\fBi\S\\r\\u\i2\\S\j]0X\ZhL\\Z$?,\5\a#5\xFQWE)Y\aV7E;[\o\K}\rV\t\\\B\8\hUa\p\\Si:~m	^3\0\X+1>ssG<|SB>\+U#\M\\\I\J\<c\FuMn\.\\r?\Wv\^\OKgsy\o:e1>(\\\A\0Y1\\\\0tx_\VD~%oO~&/?\E`t\0\n.2\\Zb?\\\c\L\O\ `\flJ>zt\\Fv\r\\ \:`\6?X# b=?\\\\=c{kE\\0\Q\C$wh\$5=\<\"(\\f\n$x%lj\r\'wc\P?&\n\43\!\ua\+Vt\ZC)jwcgy\OyL\$\}MmxR%m*$c=OsXp\'0yb2k\n\CJK\2u2\smfC]qwrGL\0:dMV\0N%GS\0J{\x\Els	a\U\u\\rjQVfDWiS0\5\"DMO(izcQN9\8\\Z0dp=\|5F[\).utrD+\k$9&\Z5 \DT\\0+9\i\Zi98\\\\'k>;(_\`=r\\\3\\B,Kt_AR4pqY\)\n3q\5B,4<\ZG$c^)f6t\\'Z`;I\f\.UB\\\7r,p\v\S\\nh^\H\fI\\)}\\.e4\&<q\W?R@C\\j\Z\3\u\D\\s\\/,kl:q\T)M\I\9\\\&x\e\\ZF7C\\\=\4X\\0\0\QA@Tv	\\R3qriG\\\sM\n\O\ZBew9#>hsYU\5D6lIJO.V\WA\MW(%`\\\W.\\W\\o\),1Y\S\_:\z2a\\9\\\]\/\rw\jAY/T[$7Z\$EpO@*#aUNsEXg6\+\\0\1i{ 8^\\\\3\xcKM.\#+\y6-SU,V\\|pH3\6@Prp1\\.w;\RV:[g2\y>\nv\0l\0wV\\E40qR\b@\c 3\0\WPEju\\p\nhL|g\T\$\n\pC\	\Z&f\\\Xdq\/\2\08\k\m4yg\K+pG&\^\4Mn\-\\n\\JMb6\5\j\QWt]K\1d8?QZ\$z\F\=d{\1m!v\	\YrFA\\\oL\/{\l.\dxu:\j\}\'\[\~\>\6P#\5\|]jnm\q\\\K*|\\\0j\usxp2+K:\\7h9kY\n?\?\N+\2B\7\\ix<\0\"?\X`\0\}^hexvc=\\<M)\F)d\+Ko\X\NG\k\hf;@\cV\[Y6).8UYl\x\}/\rxv\Ks+Mo\0\0\0t Z\\d)|\\j +f[\zZM\fj/\\\0,b\N1n<U\;Oi\{j[\Z\\\-nP3Z1\\\4Ei\nG;\{\rHW^*\}\x6ao \\\Dl\n\G[pCfj\WRV8[QE\!\U\\UcF\r  %gwjya\TJuOSI\7cu\G:u\ZC8nj`F+VB+9pk!\bH>H>\!^W\x5\'\\"\'GR9\\[\\\\\\\rVF\\D\7Jb\7{U+YuNN\rPZm5\'dW\\YxsK\\X\$\,p\nf\\:{M;$e1\~k}\yq/NHxWooAT\r\3<^|G87\?N\\=\\U^;(X*V.!C\wc4]*]bgOn\z\sN:WX*\\0`~U5\	\0\^)\>71\H\8u\_\U$K\08\#:\n=+Tb\>qO|\/Z\3oOz`^\\J\OsY\!\\z>\\f=\Z\Z\&/_h\\W<\"Qd\\\\r\"\\>yc\^cv:Raj2Ab\\	\'\.%\S\^a\]\n\(|gF\0\0POz\\ \Y\}\X>/7]4\\,jNg\n\SC>Sh\\\\Un\I\Q\Z\U\r7O\\\'+ts <\\xCI\(p++\Z^tvvc\'y+D c\\S<\<\$PMyd\$=\P\n\" i44\^wtnZH&t5i{\\\\x-\2E\}v4gB\Z\)\oj\u6abU]g\Z-[L\"(\Zrh~+\'Z\\i\-\\S\zoj\Z	bxo-\q~B;c_\-\)c;\n\\\Jh\\GUq\\G68f\\z/j>:\Z{`r\Z\\y\|S\\r{~/h\/,51\iC$\0#Sx\u^JA\r\2PtzO	\kh09\+\/*`h\N05m5g\/\"c*=)\\n8$g\He\G\0C\O4\,.d\I#lk:6!\)\G\\\0\o,zw\r0z\~\\\+3:,ip3o\\\\5Jn\~{YO\OC3|M\0V\,A.j_] V\\\\\?zN\\rF8Y$l~\^$\0Q\*\\\eC&en\\\,\\F\OIE1\cFv8U&\\b[\8\\k\\_=\	\!\=\AHs\0GoY~o\,Z{D$\u298TEywuF(\\F6W:\\5t\0V\b*o\?	\x1\O{b.9r9g@1\3j>\\\Pq\O?VRi]+\\n+Wl3\\\\\W}I\P&\\otO\9C\0\\\P\AR2<\ZuT2\\\K8= )1@\0V]F}jI\\\fE>\k)^B;\#2\F\<ex \\b\rOK(a>RJ\0\Lr\r\\\\\\R\i^eH\H\C%\u5%U\\\<q\ 5|7\n\\##?\\^YW\[_I/t9)s:z__\E\\!I\"\\\"\v\\n\H\\;z\\Y&q}:GGB=\\\\|#J\>\\]fbIOk\?GenP\;Q+.\\Z=Hv\KRZ3h\M8\\".G\'8& Q\H\\(4t\c\5!}\=*:>*\C,\\\qBry\Lx\G\ZX\r\x[J\4\rKM~\H{\0\G\Xx@gR[+t8\\\\n\rxL\G\\]-J2K\O|v5\[\q+\\o \u\(~`:\Wkg7\o9 W?H\U\\Y\H\V#U\"O\^h\ZC\\]- XU\prsS\\R\z7 j<TZaesp;U\\x>s6\vE`?\n\n\fBkRB[=+%>\\wG,~\ze\d&Kr84z\roi]\\\5{m	Oo0\0sfAWxX%?=w\0\r*\\-\W\F\\gkvUtg\i\koc\/t\d+\"e{5@#5G	s\wZ\t\fuC\WJg9);\"s\\0\\\x8Y	c^BAF\\1i<\\s\4g\C\G5\+\r\$hg?vE\\^/\|)-v0?:uG;\\~x\v^?$\+nn#+8,_Rx\\m]i@$%=\_=\z\\=\\a\\T\5d\\4e8}(\s\DDC/k8-\$\J\|)\\xP\-g\\\0z\C+a9\?\{.}\$q3ipiV\m*a5R!k_[{sq\\zV,\Fkd\/9.rU2c\r.&{\8Q]]9*u\Y\$P\n\,\9=>g\[A*\+\\\bSs^\'\3f{\2E6a]85uYN\\n\CX\0E\V\C^Hv\\P\H\\'T\\r\\\d*x\0h\\WG%Wi2CL.d\\:,4)n1}OW\!\-\ZiOEQJK\y\\c\V\\\\\[L\\U]y.\)Y{\76<?\mc\\+\u{*\\H4X\\\\{<\\bfFT9 \\rpL+\5Z\\\\\\\\0z\\\iwas\\r\\\>E!T\+\S\,v\d\'X0yV\9vL\\Z\"ed*\0xsKi03\\~Q.7\[=(5d84r1H\\\iO\@i\/P3\\]\\G\n\q\\\W\\0.c*\\\j_}RG\Oq\%\r\")t\Za\\\\\NH?\?\UV3?\\\,M\\qC\?\\\\ukg\\&x\ikz\7ns!}\AW&/@T\0\niy<y9,y$\q\?dy\I\Y\O r\\$W\\D\inT%\vG\0})\P\P\AqI~\n\r(9\V\A\R\'\hd\sz\K\rH9\\"Y \\\(S@\ZC\ZWFS\ks\*\,S\)\D2\c=jt>]Fq\L}*\<\n\\-BFs\*	\jXr8T\\EWP*\(\	\=*\4\\}\9\_=%\B:z\\\r!\}y\+\\\K-3%\\\\+`^I-Vip\@\&iYJ\i\\W=\u5*\\aP\\\\|\n\KU-i^\\r\q\\\{#P\\1\uO[\v-Fy\\k_\\k-\!x=\\X\m~\0\\}\QQ\&\CN\Y-~+=NjMp<$c$\\0\n3R\c\\c\np\'GLWA<W0\HD\*\r\\OY\\</\i\\*\_[\5\\"2~I*jTq\n\m\|\\+\Y\3Zk\S\\O/y\0\! \"8=KI\RxXS\\r\z\\^U\OC\\]\\rf\M08>9X\\&\rn\agvw\\+\\<T\#\<z\\\+}Wu~s$\+\\=\Pb7,\\C_\i\xp\Lu\rU\n\\Xz@qR\Fn,\\e\\\=\r}w\\>)\7j6yVOI\\\\Z\k%\\L^OZw\\J\\|*lt|AvKrv[\O\yF\]J\\%\/y?x\ \\\\EV\Cm@\P?.>~\U{kl\'%3ne\k\\\23\T!\J\\X(\0\0:\ng\"\:\\\0\0AUa\\\@akk;U\S\\\p\F$(x\\0uWfm-\\\#\S\ZFd;4\&*\\qG9\KPM\\\F$i\Y\\n\x]z\	+e\\0{ZlvUXk\\'\Lpx\\\+M\\pNtJ	\\5{C\d\\\s#-]%-\nQl}>\\\|\HGj\|\\\zP3]\J\\5Y,4\tBM\'\\0\\0W}/$\"^\=\0\KmOGO\3g 9\ZH\\3U\-\d!\\\Ui 1l/\*\K \\9=FL\4h\\kkz\\I$\>_RU\A}\\\n\\rj[^\lY\\hW\\~(|J\6\i2+j.\J\.Ca&I\|5\z\\[\y3O2}A<1j~>gF\r=\\YG\<\\R^\2\\=&L1\)	c\\\\\\oI}v%I\?\ldf*\G\\?wG\\*q\]QW3\Bvv\4P8zI\47F?AfrF^\\'883\\|\}\+&~\8\Z`R5*sZr\x \Sj\rp?0~%\\0Rs\MR\8\ZD{\nq\I\\\;.Y_CLtQIU#6|-ZYn5\zUc|K\&~\\sW<\R;G\\\9c.@\3ST`\"\3\Fm\\"\8\\\\r\<\rCR3\m%v\\\7\`\&W\Zv=WH\A541,8\I\]J\\\>+KE#h\\m\#\|M\aE0X\/vh\\\~I\\'\$\rf\\j+XRQ\\U\\\\rB\]{neDs5?4\5\[XUb\P	<+d\'|Sx\Me0\0\c__\'iu\rO5\k,vz\,=\\\0_CLGW\Xk\m\|>W\0xZ(e \r:7\N^]BC=\%\)\r}i6:Z\\zgP{\Z\xP\K\\n\{\J\8=G\\n\^qsg)\nZ9\#t?J\\'GwomE\|pg,\@9\Z`\	-\\\\ir2H<\S@t\\r\\\0r:\pv9u\	|]Yx=\\^Mjk\\hmY\O4\x\[MA63\r\<\c\Y\(Q\:n\\\5k\#-cSv{\^LA\\@	5\jw\;p\^|3j\b\jdG1\\?\9$\Ka08WY&0\0\]D\n\MB=QT\"\Kd\0d]:q.Ll\`y\^^ikTO\!@/.E8+\Z\\#i\ot8>A\\77ZX!%0\tE$UTk\ubv5\S\3\|ma\o|\?\9\fndy^M1\XI5\`J^4F\\!K6;,`VU\\s\u\i\3X\n?\la\4\,m,0E\\	|9[	u?,\k\PcRWv\"|H1=)ijP22\Dd\\mReEP\hda[sOA\,\\ZPEM\\M\>KR~\\"=Hz/77\t[0qx\J\'\o0\\'Y\\\pQWfm\\1+8a)G\0(\n%a\\=ip=i\1\\,\Ks~\dhH|O\c\\0\8\$qH\0\\"\\\mK\Z\\n\\"\/\'l\08D\f{\V#\y>\\\'f	\r\I\}\>\\Hp\|TC<\)E\"\rK\=\\Ue{\jH\\y3\r\\V\,\\2?Z[\;m42n%H\Z\\_v$(R\\\,Tt!B\c\8nlf?1lH\\Ze\\@jC9\C\&$zzV-#\Fq\;%*\n\X0\5\7yz{\l\0q9\\\38fu3IW\Gj\}jO\+dwmv\0rCw\@6A\\B9\gZvM\lp\LG\\	Kk769y_o\5\?]6KK\\Z6hWsc;F\:c\@ z\\7~#\%\-1#c\\w@\\%V\\\tO?y\rx\p<3!V5ck\|Gi\_C\xt\J*U\XP2Z\\]rB\\?%\>;\Z\4g8\8^\s4*Q\\!&\\m\\t(\M\\\+ \\'@J-\a%t2rb\0~t\.\i\\0[MiQYZ\1~C7k\FX\_1iU\H,k.\5\s\\/\2\I5\44\2_1xD\jjh`6\0x<Gtir\\)VR=+-5>l\k.Kytu8\.2=k9gf\z^{\E\\\G@+\4\wN\=9\?OZ\r+\\`db\nH\"^\\8\\\x5H\\y\3<v\H\CX\@%\=\G\\_\Mv\;o\\T\.73t\{/\r+CmR\1u|Pz}>\nN\\!\\+xP$Q(DQ\\nF\R1\O5\'86E<\ly5F\jC\L45\8\?Z\h\`y`$@jW>6x!\\n\=\xv_xZ\c\\W\>\'\\?b\E_\>S]<2w:etSVL\\0\n\*\\q^1P\0Q\vP,h:O\\8)\\IX(\sc=R?\nq!qU.\cLz[(|\*^!\RL\~fW\f\\Ih\\;lP3K\F:QZCb 9#ny%\%/=j\ N1K\M\}j.A\P^X@IQiywL\*)_J\\;Tt[.~W\G\%%?6:\\Y\8\p?+\93A!\c=G0uM8k\\\T&7\`\UKG(#0\(#\U`x\j\\\4\'\\tXS!+8\\\I#\rq\"XG^\ |p	1\Qc<\6$J\0\o\[rc?H1\\r#V\J`!h	\Z6|,+P\\\#\+\4\{N\q\+dh\\jb>5K4f2\\V\\xR\\\e9\O\9V\\:\|O\n=\=\\\WR\2\#\Wx\D\<?	\L9\r\MW\>e\\O^\\\i$\\nzcenb(OH[F.@\z\\\0c\p2My\5\'\\\0Z\<E-6279\\\3\4k\kl\d\n0\-`2\]4qT\0@>(QE\0QE\oXx\\\q\;\\\2=\\nfS}!=)`>7\O}8\X#\\\\Q\\3\p_\\r\\H\n|\\\c\W?x=i\\\\v*\\G;,5s{I*vGCSOi$3\'3\H\w:\(4V\Y\\@U8\*\W3\/\rG\\1B7DK&zE5\0\ZM0SL?\"lS8\8\r\0F\})fz\s\\0X\\nk{\\5Y\\0*\]-qv\\m\+#a~I\9\\\C\0	&\LZ\\\7c3\\$aU8=\0\Z-&h\H?R\\\0\Zdrg\\ZY\x\gv=n9 \\&8OZ\\lFI\@\\j\$\R\Hqt\K\nl@\\K1\K	b$\1J8<\\3l\\TzRdKH%5\r&!9\\F3HA=O\KU\"D\Fipx\(H@~Ur\\\"O^Y:S\\|V\1\Q\\o|#6MxA\\\6 \tGp2x \Ao\F%o]\oZ\\Czw\_t?J\\\X\R@\AR),\v|0\~Y%gv\~<r%\{d\\q\)\bc\[;\\\\\Q\X$\\g\,w$P	\"`H\\\}xb\2E07\\\hn>\z\\gQL\\\\Z.:}q@\nr0\H==*0:g\0\;{P8?ZvvA\0[\\\0[x\0WOZEC#bs\4\x1==hqGK{mIau \U;[\\\\5a\\\r8t:Xh/-\X%Ae9W\\:s_D6to\n\rHf>o\\5\1iu\$V}\%\\N\<~UY\0I\rt lw1\\-/$8]W\iZhB{UGs]Q1\\VF\|>\h&@;4SsKL\\Z\0u3E\nRxv\ma\\\6\W\L\\\\n9@T&F\n3sM\os&A\\\\?\AQWgcacIrn-9YqWY\=k\M*f\\p\0_Y.4E,\B^\}\]<?ky\7\O{6JS\ZB}4A=i\4wjA\m\t;\\y\\\tZ\\\5]xX\r))\0p\6w\\>(x~F\(\\\\1^\v\\MM/M\\0@G\4{BF~\n\dC$=q\)\;J]6#rv \$&\cQj#fQN\rd\U`hif\r:O\$\'yvs~\0JI\'8U\HPx4\U\UB\8\0@D~\\\W\D=+xHl)E <u\\HOy\\FAH)\'zLHO>ip\M\4\L@:\s\0\\T*EX\"j~\0#\,/tK\iC =A;5\g\5\+\"PkC\\;H,	dj\4Ij\9\e\KI\GkmY\\E+*\NN;U\;T\\\0S4\'h5\xq\\A|`7c^f`U|z\<A\\7\"73\n=jhg\v\ &9FTzC\{\2;{J>\e#R*iaI\\cWa\(\\K%\K|U26zWKo\#\\\v)\Q\*v\5\ad\iG)Pc\"7(4;\1\~\_>S\\n\@H)b-YN\\\nY\|:\$&IY[,?,^\0\\\o/%2^\s\guq2Yo \FTz\vdF<\\\Pgzh;\-+\4fsMH\&L@\Qnis@\n\r8\ZgM\0.yQU\\{{Ie3#\Pw4Xc\z\6m#~\\0{?_a\_<\\\\\4\\F\\\,\\\	\'~zWowET:\u_M\l\~_\^\\=\\YFd`>	\\n\b\i8@\FsM\\(\j\0	\I\fU4]\Wlj\\0P3\~(b[X_H\\\\v\J/\0\s\~s6\\n}XO\^\G\B\\\\]ufs}\P*Z&<8\I\Z\t\UI\\r\ \n2j\sR2\ sN#\H\\t\n\"1\zSV`\r{\U`e\"i\WLpzY<	\RjB\)\0Q \ZFrG&\\N>!<x6\CH\'B\\\0^9?Z\#6)=\go\g\Q\"\z\\s\!a\4\y\5BE;4\\\.\z\0xr}i8=O41^\j)>\\\R\\=\\\:rTs\\\\Xd\\w\#t\\\P\1$S\\Z\\;c7g\tg-?\\0\n\\ulR0E{\8a\\\m\o~9\\\'\0\Z\F]\3i\\\h\"\D7z\Z\g\\\Z\\G?-Fp=SN7:-\_+]i,x\;+h\t\\r+5\i>#W\\'OcWny\\\E1J\=G.^h\Hh9W\.\YF\\Ylx\\_]HnCFr\U6\\?u\\<?\r\gra8\\\\\\ys&\<+bB\$\r8*\EA\Q]\:7U\0\n\JP\j\\2h\Z{4.;\\9\LA\'QNn\u1}\Dl\/] M\VH\\\#\<\\@\@Xw\\\0N\a\\_\LL\\\Kj\\l\3\sZ	@!I!U\mGAPc+t\&y1\\M\ni\0\O&h\\0/j\'(\0\(\@4\0I\@R(XriI\0QEV\7=\Z\+^gtN\ T\f\Z6q\s\\\?1\b5R06jU\`Ni\\J7~t;4v>/\&~T\0yw\t	~\,=eaF\u*\A)	Ut\|\\\\no\|K\GC+\\n\\\\\n2#\\@\dgM:b+\cI\\X\k+\\Sg5\\#*bhK<U\\6z\n!\,R\c8\n9`\a\_zs\Z~f\EP1\0-`3Ro\\tR&-1b:*H3M+nyp\\'\"\\|W\WPj\"oAzSL\\1lq\si\5h$\x\E39\'\h\AHq\ \\'Q \\'Sqzp\F={S\\i\L\B?\4\&R+\\'\\\c[{px>\\0\sI\ \TaL:<^i\(\ZZOw0%=\rZ-Z\5O&\?}\W\!5\:xjp)\\1\N5\qO\#qo\q\Z\2\4\n5+U%\Nq\Wl5i\\\rmx\Z9{\)Z{>V\\+I\8\\Fw\ZuWt=Eq\ |E->xz\<+\\b#\Q\\|n<z\Z\!8\\r\\[\H\ovZCsc_Z\NV\\"%(H2/EGw#\?vAZG4s\\(\cw\E057 3[\iXNtj\%o2\\/2\NpA\@+c$27	t\vfEr/\\Ef4\w\<3r\#?!\\+\,gxN\F\UvQ$\,\\\\f\n=/~\"`Ubo?yFN0\R\&i3Hfh\C,G	\n\\\\\h[0\@\X\\41 (.@k\Slx*X\y{$HF2I\`\N*\P\n\:\KQN\#m@\(O-\=W\\r\\&P3\4\Z9\{R99J\0)7\\\@\-It3x\aG\\?EmOYW|\-k\0[].\\0sj0\wn\0\\QxHf\!_B=WM]\\u	\A$zT~Qj\/4)Q\"\+I*\j,4/9jQBUOr\\F\oJs\0\"s#~b\\Zq\\OPC\ZTp*Ebe<\\w=(*J\HS9\VtFUZI_D\r$|\'CQ8\]	J \0\\x\8\\\\Z\\\G$})@\Ky fx\1T!\{\:i\p8\0@ \Zx=0\i\!T3\Ss\=i\0\rJDO<`\\\`@\\\;~Y=}k!\H$*\+u_Mw)\\\\EQ\cBz7b+B\\Ki2rW\\\(2\W\e^fH;?u\\C\kIDb\\0\UG#\xQ_\i!`\\tI?\\'\\0\\sn\jbN\\\n\xn\\\t$c\^&_.\\\A/WL\<=z-\0v\s\\J\E$\]\'\Ol\\e{5m\\v \H\\p\\TW4Z\Op2Jw>\\\\+&\vp*WJC\\\kv~Tw\+\!-i\=p;S$\9BNE!$\\Ds=\U\G\u<v#J\n%H!\8$\*\q\'Tb\\E1\\\*\\\0%\:0\U\\	q$\hb\r\)$|^\&\ng\\3\\\^Ua\#dN\5GlF\0.\0tp/ \\j\5R \O\ @sM8A@\f\n5NP\\\nN\\-\n\0Tn\\n\\  @3SB#c\.\\\VcMDg\_E\\q\hF\\#&@n\VP\\nV`Y\0u&`XZf\GwS43,\38f<I{%C\\\*\\`\\m\\'<+w\\\\Lis\9\Y.x\\qG8=A{R\\hZ\r\\Z\\\`\0\\0+\/\\kt)\)?83Yu}T\4u&\\Zhr\n8\>\r\L\pN\\z\r:oe\Zw\Mw|\\\yX :\U$F+T\Q\\L\\^e\+xr\\TLt1p%u\\1V$i3f\<ri(\<Sa\0&2>vU\0JB0Y\0\0t,;x\\\S	J\?M\r$j\r3^p\0\?=(\\A8\n\\\)#\\\\\\\TgI`\.r)88\Zb$#$\\F=\\"d0\V\H\FjG\#SW\S+\du\\ \ecr_V\R\\\$Ep@K(/\C\\uk:KyEs\CZO\fq\\n\\\p0GQM;\9\\0=i\\\BB\X~\N-\0Kg\\^ex8x\d\Z\E\\\\s<e\\\\=5\!E\09/d2_\j#\tW\0w\\J#>\\I69uN\y7x :9\\(\0Av\\O#)tz\\Cqgs\P+O9\],W\r\\Z\\\rr\;WyUz\\0Q\>\(\;=\n\J*ETs\\OD\0j\;jV6`\6n#\\v\$kI\"\n\pr*sfrn6\c{N\$\r6>\\\&\VM\Z[{,\\'>~{\d\3P=\Z2\&\(M~l\U\"U\HA\}h\E8\Z`VB\I\W\zteWXT38f<i2\=p!Aiq\\r)=zVu52O\jkG\\	n0\\\N\9ff;o141\' \ec=h\'\\\0Hh\ \H\P)\\2\Ch\z\;A\\\_6\\j\HBs\IL\\A[+MA\\+\xC?j.\D\iU\F++A[{8VdqZ\e++\"OJ\\\c?v,b6\q^M:b\Z@``qM4{\\Wh\:\WpXB*{qV#\'\i$S\\]4mY\}L&\Zn~aJ\](\\0\F>^hBgA\\gB{Q\\\"\SHWg\0n d	=3\\n\w=G7@#Z\\\Jbc^Z4\J`<`v\tu\aO~\"R7\\$lH\zPRVje\s_,zE5 n]I\R`XV\Gqm\7jEc@\B\C=j\'\\:$ \U\0ntXgW{\<I$+*\\"\\H\1\\W3&*\c[N\\"WhrZ\\~h\>I\uoQ^awg^Qc\0Pk\b\rW\=faF\=T\nTec\0c}=\Y{;\\\02\8$ol7=++iGEj\r@1\)\\}0I\n\F\0\o\H30\$qVq\8q\RH;io\|\T\H\PF=;bbyB(\\\\qo\b[BMi[CKM\~\\*\ZXG#:\\\y}\\Bz,c\\K`{\nFSl\0\'ZL9>4=@GQ=\'\\R8#\" 4\'Jg4\fVRAg\\\m\'l	@rS9\ek7J9s\/o\]z;I)i\0=qG8(CG\\&y3n:w\\0=yI\.+/\N8\0?J9\-\4H\\	%>l\\\WvyVO\W?49c~ZFJ\\\\.gE$mCl\b\\&\\tq 5\\`(\\\\v\Z\zA<v=2\X\\Bx\fM\\S\t\D=\F\\'wr*4\SGO\N0>b9\*F9<\E*}Y\\\x\Oc\H~\k1\z1?TqU\r#8\jCS\qM<B\ZF>\s\\0\h=i3py\j<\\A\F9!\#<R\r3=GR{P	\j^\?H0\Lbx\0)\?B\j\\\j\V9s\n\0\I-\8\\E(\\0\\0\?z(\07gw\jE\0`~tQL\0Tn\<\0\\\R6\\\n_\ (>W?\\80\\0\A!tO80\tQ\\'8?\0Vb\SYc`\J\?p5\\\BI\n\_\{qE6*;zu\0\\cx\0\\j(%]L\{\0Z\Ze\zG8\\0kq\Z0\0\\j\/\\j(/\q6\!G\(8\9\\0\0Z(\\x\0\Z(\"U\\0cu\|\E1\v{ @nOZ(Fp\\GE\5E/r\7\\\\h\"(\8B=:(N+\\\W\Zsq;\r\\c\\0(llxJ(\\n\w9<\r\a*3+~&Z7G\\\Z(\R]6\kq1>\@:)bJgQWOb\\\\\mtA\'oOz(g\NG\\.\Z(}?\S{\0L\0\(Bo1\0Q\\\uVB\{\0Jo0\0\(Bc\\.\\=z\EP\I\4\QT a-\z{c\0\\0\'W\\0\0\>\?T\\b5\(Z\\$A\"\\;\{W\\0?\',2,NULL,NULL,'1',1,'ck1232','2016-11-23 22:22:19','ck1232','2016-11-23 22:22:19','N'),(7,25,'0.jpg','\\\0JFIF\0\0\0\0\0\0\\0C\0		\n\r\Z\Z $.\' \",#(7),01444\'9=82<.342\\0C			\r\r2!!22222222222222222222222222222222222222222222222222\05?\"\0\\0\0\0\0\0\0\0\0\0\0\0	\n\\0\0\0\0}\0!1AQa\"q2#BR\$3br	\n\Z%&\'()*456789:CDEFGHIJSTUVWXYZcdefghijstuvwxyz\\\\\\\\\\\\\\\\\\\\\\\\\\\\\\0\0\0\0\0\0\0\0	\n\\0\0\0w\0!1AQaq\"2B	#3Rbr\\n$4\%\Z&\'()*56789:CDEFGHIJSTUVWXYZcdefghijstuvwxyz\\\\\\\\\\\\\\\\\\\\\\\\\\\\\0\0\0?\0~_=ES\\^IbW;J\\^d\]:\:^o1\\k\pjzl\X?[I\Ie+\'NQ\Wgpv?80\SJC5\\9\%![\\cL\Xe\4\m\\Xj\\\rz\Ia\cszN\H\\X]s\\z(4x\<Kuf%S\/\7sM.|\=\+\&Be#\\/\6H\9^\u0;6\_y\+C\h\0\\\C\>\Mixm\&	\\Gi\f\\\w\\Hb\I\00Q$\79#nH{zSnzq#99\08-8\r}`\0c\0?\'a\q@\\ \}\r.\0#=\\\>d\0:P3\E\\Z\0U~zqV\J?R*\c}(pG_QH\n@/zUx\V\\Won\@#\^L}\\ILsV~h`\\TH{u\\p\r=1Ns\fV\\0\r,\*\16I9\\0pQ\P:qNmp\Je\0v\\s\\0njUG^F#\\\")-\q\BN:UP\_\x\\k\r\\#\%?(tJ\"\\'\3T\zTA(\Z\w,g\?,\\H\\~5j\vclQF\\0Ic3l\[Hk\cYjWW\'2\\s\\\\<\\\\$u,NI\s\\QT\0\=E<3\@\ZN\1V+\\\I6\I\0u6:\VF\\w\\GD&D\^C<bCy2N;RQ\3h\~t\}+\+\rNX$\{<U5S\.z\0UY\vt\p\+*\;1\Pc \WvS\TYj`H5 \\\W!\:\2Z\0\n\r06sK\7fE3\\\\V\L&aSGrA\P\\Z6b4|>Ee+Vchz$\z\\Ev>E`\\Rj\\\Vw\\-W2$Z\\`\0Q)m\E\G\\\\6=R\c}+[\\Om\gZ2h	C\\n;t\HGi\[\\r>\Iox\l>yW\rw~\d7\ZT,\xPV\\t-K\59vWIx+Hn[l\Ia\\Ta?)8\E3SEWa\z\\Ur7\\\E\0b\c`\Wi+\(tnG3\F\i\-o\\q\Z[\K\~u(#/\+h;H\J\I\2;\\\\>=Z>\\*GZ\02\O-prsUsGz`J	\\sZ\rjn:8A\s\OSH\nO\\An@=	4\0\<G9\\@Q\bR\\5AaB9	3sCz[qT\\A(G=\";w\keh1\]\X#\\Z!0	sq\z\Z?Z\]qB\\.#\oONheo##Ut`	6A8\P;^hV=3Iixl\0\0<x#b9giPp)\"\	\=GJ?QU\=S\\pzt\@y\\\S!B\L\9\u#jK\;zTFp+o*\JX!\0\z*\"[8VZ)!b\*23\\(\\B\\JF10zs@o\0pqI8#\U\\ny#\\0\\rY\\\\\r\_IT\0RV+3t\\_NB_5>n:zg\0}w\f-F\pN*X;\6\\fRWF#h\4\f\"P\\ZF)W\"I@\r\"?1\ \\ }\ \ZhvF$aM?)]~90x/cd0\L\Z_ U\<\Z\nF(E<gX	6*\n]\0^W)\M8g-\qnI+\/?\|]j!\c_3_\55\w\[\KWCw55&\}wl4N\n\W44\\Z_iJw\\\\G4Z\,:wY`\-\1\\0tWM$7RNCPEqJ.:3MhVo8(s\VdpwB[\)	\dC\>\\#hvG\P]iW\\\mO+*+	c\M\ZN}Ev+Gp/m\n0\T\\/J.4V\D6\0(r1\\j	4\c\k^{m\6/S 0i\zqi?GPC\0J`u\udywly=kj\\;\Z)T20\yF0~9\k^\^\tj\\\\T\\qi/\$}\w5@b\(!R;\\q\kA\'I\\\w\r\T\0]P\$*VLb\\\nXB\	m\\lecS`pCs\V6q\\\&Q\c\1\')\\O#JAnC^ZUI\5x< \	\~1@9A2(@I\Z7\@\\\0F\\z\zTE\\\\0]\0m9\	<sM.1\9b\Z\\\Y~c\\\\\]W,\\\KLK/\\@\ 9X\9S\;\9\*> \\0c:.;\n5:3h]\\jP0\v\#}*X\zP\:\0\L^\\;b>v\0H8\\F;\\\npz\nr:\'y!\zP+OC\s@eY|)V\}jbb\@\`B\a\\\-arH\FiO\\:TE9MGE*Y\54,0}@\rSN\w\#\Ohch\<\J\0zT\\P8\\J8`	e\\S=[ksV$rH\4`) |7WK\=0\F%\\'\L\J9\JB>\&;\sI+\~B\n}d)c^EI\G\\R4@/E5W*U\f\@4\j^\ZdbJ\\t\\@\\\ao2\n!X\s\,HQz\o54Y\0x\\\8GHK\X}\jpvz\m[\\q@ Q5\r\V\@\)\0\pA\\(~\~\HM<O\q_Xx[\yn-w$7>k9z7\r6+i\\\;m\yc>F?N\Hi=\]g>!kR\:\\obk\Z.]m$/\8op{\o~Ri5fZml}A\?\\I-E\\r\\p}@D+C\.GhU\Ixw\\\\9-J\\'M:\ N\#\Z\Fg\yo^i-\K%I`:j\W$\\tt&/YGu5\b(\pI?N\5Ll\m2N\#\{B\\r\\H2Gzyj \[&	\\?\0\Z\|?\c>s;CgZQ\;$\K\<;\-\j\"\ b3\\k	\z\SOg\\U\WV<SD\"\\J\x\v\\\d8}yNgq\m\e\Z?QWx;\zG\`\~\|a%\0[,iT\p9;J7\s\\0\f\Pf9\\8.rz]\p6gz\\~&t\`WbROc\'.p;T0{I\\Iqj\	\njNFqTImF>\}*E?\'N@\>^3\:<s\0UX1\?!GODosR\\'XG?J@\\T)\9n\\0.\^^)F\;)A\"d\\3\:\v>\0\\goJ	y	m5\\m%\=q]lS\\\zew6=zRIy\YWV\3\Aug-8y\\\0I\\Kfiiddi2=;U|\oJ L	T\A\y\cM@.qj\07|m\\r&3\	cpXry\R	\\w\\z[\0\s9X/\"pOLzSP\\0[tq\j\>)\,\n\\\\\\]i\\+Y\w#@`u\r%&,HH03\A\Uge\?\H=1G\:g\R>Q\Hd\\G\\\\\[#\U\\\iu%<LU\\\\,o\$\0	?z+\nm;\\$qi(25Z>\^$OZ\.\" \+M\ ls\\r&*9\|dg\yqITmSJ\`\0\CuO^zWWkVZA\\ROl<\43%Ap\<gkd\Z\bRG5\\\G\>\j]\k|k[\0xvki\e\\q]\0\=j:\{\q\i%\`9N\nz\@4|c$n\\C+)\\\\\H}h>Qt\\k\8\\	\i\>\\?t?>7`H>uOEg\\:O_\A.\\n\\@~`9WW\\nc\V=:\\S\O\>\Z\#xh\VFSV ):W3Sq{\ee}E|\k^q{n\n>\\}(\Zg_\\2\\t\\}\;NI\\\\\=	DSX\\\r\[H78Xn8\\_J\\6\[[R>W\"	j$55C\\02Y/0oZ\\fF\IBW9\s\c8zZv6pzqN\0\0	\I4\\2#z\O]>S\\0F1T9]p\z>5yl\\nDc\\Z4sk_\4\\\IL\nh\0J\\<Tn:\;\3\[GmL,w0Bd\5Z\lW\0y|f\w\!\>2d@\2\C\Mx\\x-X\6eOZ\\rm\{#\XO|\\]\\KR\[=j#<\]Y%\w\\n6{\nKJ\dzFI\WF{sR\J\0pzgM}\GR\?+R\\_zR:\0H.1\#\0zS\\8aF\{\\*GU\\\0Cwg\\'N\\KI~\x8\2\wHGbR1*N9\V\Z\A.iM\v\|{xTsS!\r1@\0J\e=NsO\0J8`9=9rI\qMS!c}?\n`3\@O~\00h@\9\\\\'\\P\g)q\\0\$rz	!s\SC|R{g\0z\A*\LpA\m\\0=\\\\/4\"\'\0\&[w$1t9{A\mu\;\3\\Z6^V\\9\vW2+J\0T\0zSx\nN\M\\e=*[\0)j\T\6H\P\Ye\r\^\\0\\texp2O5\\q\u6*\\a>WI\})k\B*W\\\pI\Q\NVjC(^X\yF\}muO^}\y\z9\l:E2\)a3\_ltX$^\\\F6v|W\jm\!j\|7\\\43<Ds\N=P\{\*\!d\z[G/%kGeBY#IW);\\H\'hc\\Z\*0En\^\/\k*\\Zw%$\0Nq\q\0\L\9P\^iyR\G\AC\\:W\Z|/LtH\g\-\'\0J\\{\}\s\\'IX,\W39\(>\\n\\9n\\\\v2n1cy+Q{\	ww\a\0\]_H\5]\\5*s39id-HS#Z\.\\\bjS$YW\Vgk\+F2t=qE\7qe\";Iw\\>P>{R2UX;)#w_\\^&\4DH=k]Di,H\\\\A=7ksg^\\;Kn\\g\" i?0$v\qZ\K	Zm8 LG\\eVfnH`5S7/	\\k\|\V4}E\#w\0dZ_\6%\C)MR`\r\wP\n\\"\[f\\7=p|O~W-[$r*YW>zx\zVB\>lrj_xv\\Dg\Il\[\'r\ZQ!H9\3O@;}f&\sG.JLf\'\\\ncP1\r;\qrH\1W\\O.s@\r1\x&\\@*\"sP\0;qx3O\x\4\0\=*W\\~\\[\8\\?/8Z\\KYO\q]d7N\rC}d1d\0M 98\1\\0s\S<\\1t\.\n\\j_+U@\0-L\'P29?*Dl5bSrO\\;SA,\wE<\\np\'@\,[\QcG9\=*Uaq=j1\`i[\Q\~\\\NrA\0(\0;@\R	h\1bs\\"\\\@YpzSeIc%@<t<\ZtR[\lP\	/s\mb\\Y\oG=\zep\Z[dh\E\y\\\6F{\Sq\H\\a\5qf\OM	=h\\\h6~RCnB;t	\{gY\". ^\,\OZTQu\\\\m\\\@Z\j0\\6J\'x\'<z\t\]HH\1j\uX5\pr)\\iS\nz\ +j:d\Z\2cbm\\I\\n\\V\}ERv\4Z\N<R2\\z|w\r\,7l&\\>IfT&y^6SI}+\\`\}*+8W5\\"L\^\v*\\8\T5a\0\'4s\|c\Y\*DVY$Hqk\P}\=\Q\\:fcR}+\/.`p?d_\\F?\5\\rm\|Dg)\\^\\y\c\\-9Q\Bj\\Zxk\6%?{\H\\\yf\k+}7^k\;bE\Zc5\0\t=\K.\7M(np1w6\ ,\\\rQ\"	!Oc[f\ \rRo\E{[H=pyh7RE\}?\";\3\_[k\Y!L\Z\i:\zm\,?\Z\]\~\N\\\\\\\\0GU	\\N\\'\F$+\S4\s\rlc)nX\h\nG=*B\\0\nX>`(Adaj\O\u\n\\pA\{\\+M7TuUEwA75\0$l\0\%aw5\O!\\0n\W_f\\D\\Wk\\pZ\w\\\O\3\(tk\FzSI\-\YH\+4\X<\n\E*}i/t-\;\E.\Hm\nNpHc\\\\0^M=\Z\\$KY\\\%\'k\\ep+\"hZ\n7$~\&F \J0n\?Z\\(NM<q\T\t\F1M\gdn\\0*78##T7t\?:0s\6)2\Os\\Q\\r\0f\Z-\D\f{gv\3Vj@\"?\'<Vcsv.\\B;=z\bS_\0\\URA~(o ,\5*\\UdzR#v&Gm\x95\Z:z\yCG$AQ\\9\RrFA2*@APA\h#\'5YU\'\Zr:?\\nv\pd\\&p8\H\r\\Z@<wj\'!B\\W\'$)\0*x\h<\!\nNqX7tqNm+\4\r\=h\^(\G?h\\+)\pOzAlPSzUx\F\'dq\0Jmm5\Qe\(%\95v2E<zV\nh\{oJ\gv0{b\}-\jV\Fz\\WMr\\\:\\&j	\"P3SP\\\m\r9\W\R\W\\O\^\80\[r Ji\BX*ym1\Q\Li#Ra\'6VqT/	|P\<o\\\\V\\\n\0N\\\d\q\,c\s\=}\|S\Z?|g\4X\&}?\=\A6<\W\u\j6\\z\\}k\)3C3A$p\9e\:^\k1Z\G\0:\!\\f=\e@\v>\\\[\6\\\4&7;u]y\0!w\Sf\\\Z~\\ \d\Z]\"@\\n\t,	(\\'{G\]>%k+F\nWgAkj}\1Lt\U#\e	q!E\\\n\\Z\\\Ih^&q\\rcOjkzt`Gak\n!\rREt=,\enbT;n,p\\\kGV-g`gT\>\1Ly\\(,j\dJ]9VmP\n\`\\e\\]?{8,d&\f?\\p\S4\Q&pr:~f\a0rw^1E\b-\ND?\\iQW7\\[wn>\\U\r>\MGPe\ \\[\c[L{=MA/ \\\+[`\a\g\\:|vZ[\\U\\_a\@?ZV+P\I\^u\O\\\\\3C#J\XC\\KmjVH\\)1z\uBh\\d2u6Vh]+\\n[j<s c s\v1p\'QWc,0AaU\Zx|Ie#\Pg\k\E>rs5h\q\$\TasOW\0\-\0J\\o\J\?_ZD 7cR\4\0\`c\\\#$Im#a\\S\U\U\\\\\'\0Nw\O($)pN3@\12*\.\\\\Z\\nS\\Y\Q\)4\#aV.5\K\\M\\\#.\sS+{f,q\"\'gNn\SU%ON\\\1 q\\\'i~&[c4s\0{\n@ppH\0~t\`1\{zP1\pFz\u$\Zk8\\r<qJ	\ISc\'\zTjy\Lv8zbI \N\=cYx\sHKS<\p}\0cD$n\c/ gP/\2\\\*F,%L\U\\Ze)z}\\x\F\  Q<\{y\xg\Z\)fhI\gs}\\rD\'un\}A@Lhl\_9xo\W\Z4\\L\\\!\mH\#k\GSK\\[GwE\Z\\d/f2z\n\i\'$]2)v>\:\z\z#A\\T#WA\E/-\^O=t#\^\0\\0gcM3\\Xu\\:V\\aNx\c\\^=R\D6gv\\\MCP5~9\J\\\^(r# \JA\ZjO\"\>>\\\08\}8+F_k\VOgW]\\0V,X\\\\ZS\bQ+*\n z]H\5\hW\h|\Vn3\r\	W%G\0\i\j^\K\;p<H\,j0:N!\Z\"6C^i\\ZeDG\\\\n%0V1z\]Q2{1\05C\\^{\gIr&\Yp\zYyw#\#\^\\{1\y\op!\DcsjPdgg^\z\\I	IcA\M\)lg)=-B \\T%\vl\W\'g\Mv\\\\"]\\\\J`\\oQmI\\\5fk0Tu>\%\\c]\uv\\\\i\a\jz\>*2_p?\n\\-/\1\_\?5[!\f\E\g\K\\\0\;\\alnA\d\\"O.U\0\nKA\ub^\v0:nF*\\\y/\rqO\0]`$g\'\;m[]TQ\0]	uX\\\	c Hs\\0:Z^\ZxdAG*\\\tQ\dU\\rF\|`\=\#NC\\\-&1!v\z-cN\\k\o\RxE`\F\rL\T;:`S\\0F;\\r\0i\\N\:\\"&\9\=j,y<c{q\3HV^{\\'\R)\\\'\LHs1K\\'D\\S94B\9;sVk!3YW\K( &:9# e[9r\rF`m=?RG\S|+=]b78\0X@A\n\\\R\@ t\(O^O5\\1\4\&=1r9\tGb{S=}(\0\MLg\\rhP	\~9%\:S2v:\I\0zq\\\2\@\n	#9fcS\\0\Zh\0\<C\nr\cO* O|RG\@\0y\\=\Dk\g43\3\c\Y\,\5X\\\J\Z\\ CVc,6u(/V\\'\n~\7 ^ca\FTEf\xgN\AX<\\ToR9++u6`\I[6\I,/\FjiEU\r\;\U{|Gn6$]\"zWiW\N!Zb\0iqI y\\M\#l|2_z\nF*\\'ol\\0Y,8#N2+jV\nOrzP3\UnHU\l|a\UV\\-\S E.\\n~\\q\\[4\-S\Y3P\0z\\>\s8\q-\@\\\vw\'eA\"\\?\\M\n\ z@z\'uGET\'\\ zC\\F&?#2Q`\w8?Q\\#gs-jz\rp&\]n\=\k\mFk\^H\C<\d?Py\^\\\)\/\\1y,\sDK3)p\n@\es\\!ZfR\0\U\\\S[[\|\U<40\\i7%w+X\2B\q\\\;\\\\n\\+kXN wZ\\\@\\\+\\Oxb\\y#J:+c\S{\r\VJp\\~x\\(VQ\_A\y+H-\\\T\\kg\rOv<xX77C\c\-\g\y\0{\l=ri(]\}\n\Z\\x\Ob}\{\\\>r?Ve\qT0s4KgqXK*\p+x!~Q~\0Jq\\^\V=B$*rH\3^#a\\LKFt\\\'#\\\t?\c\\\*\\h\<y*./W\p0$c\"<O6|]Zb&\$\\{\\1l^46\\"\\XnA\qqcr\\x\@v\\L[h8\~Y4\\b\	R\*\\\;P\\\0W\Bt\(\;Tl\\J\"=E\0&2}I\8\Ep\\n\\9#d\"JLp\\\^M\0R\,]\o\\Y\m!\\\W|qGOYzRhgj\6FsQ\Z5\0+\n5 ^\v\Zpq\!\\\\\\q\0H\j7LC,/-;`c\0!gx\\P1J\6\\\E;vH\\0 b\0\\q\DGR1\(PR;imc\\n|zlt\0[\\JI8;F{\\0SONGS@	\\\qH\\\O\z$\O \2HO$47\jb\\\1r\]i\\iW+Y5\Oq\K=\q[\FpZ\\D\\F2\i]\\\ mk+?\\_\\~\\Z\\c#E2\2#\5\\Z}i#\'\*y\{\--\,\#\Op{(0\e)q/\[l\Y#Y\\\\>>x|#\M\Im>m8h\\@&H&b8oS]QuS}+\]f m!\\\~&\0^\c\X\\\0\y1W\:m\xC2U\P\\\\\\n%\0!\\0A\\][47\>Yc\\r\\.\}FE\\\qmY,1P\2T{\e!\c=\&4\r)\?\\x\\o &\0\\5uoQ\0\Z\U{$W\\0P2\aj\\vo\\\BaaPGA\+=\#\-\\OA\\XZc1yrs)\\	TmO+P\0prkL36	,{\0Ura8\<\qQ[7[UUkQL	S^7=\Pw\\{\'d\6\q\\H\\3\\'\\"\pvR*c^0\Zu|\~}5_\N\sjODYaC}Fq)59\\2r}*3JdP!\&\\f \\\p9\A\*I\*\0\Z3\j\\u+tP/\p=,9\*1P\0k0\"\F7~q\{M\Z+\\&&6\\=\$\9Q\{r?Z\/x\N2\Eef\\\Z_:(\\zW\mk\m2\8\o\sL\ro\Z \<?3\aOl~\\\'{?Z)vWVGS0A|K@+grcag9Y?\\'\Y7;x7O&\i3\{9x^\\7vHZ#?x\j\Gn)HAw+Gj\\P\\=d}a\0\R-t%4A\\KL\\Z+\n>T\\\m\=\\\\)q\=\xo%	@j9$\ M6\\`E$\iBN7\#;@s;f@Gj-O!\\^\\u[\xo_!~t\OqM1-\E$x+\1T\0~\wIa\\=n-]YO;\4.9T\A#j%nyi8(?\zz|\\#<\0F\\F9n8*bHEGh\0\c0\*r\5.08\1@w<\\vz;\(\\ZH\nHS\fJ\4dsz#KC9e\W;{\7Voo)%~^)$v\S9E$\dI\	{\n\ZXpF}1U	\R0ph.GE?=A\'?J\\sS+t@\\i0zf|!$GaL# jp\x\D\$sN$\0IO\0\!\H\Jf\\\3\@lH]\\9?A\rjs+\1Hhz/\t\o\3\}E]0}\0H\=\0kZ\OjgjgU\dt,-\g)X\\\S9\"g\,\Z G+\\[Kq)\Mf\fLU\^\Oo(\8=\j\[8\\j)\0}Go84\\\p1\\\\\<\9\5Jz4yo\i1DuLZ\\0{t\+\Z\\ug6y\HN@lb]^vVLw\0[l\04rpxQxs\(\Z\:M9\=dEJx\2s\\lw\\Zu\o$9I/B+)h\9\\}K\a]3XX5\'|\?\1\}\Y7!c\of\\\\^\o\.8=rEF\"I\/\0?-h\0	i4\D@I \u^!BB\Y\\\\'$_M6[\PQY6\0\9P\Ue#X.xE\0\\\Z<`t\\0\C.y\'\\V\mqmj\0,TOJ\.7+Gx\Nrvx\\\\D[wTPe\H<k(\f&:\ojo\"eY\^([(e\G\JC5tI\"^\\0T{\g\N9\\\\r\(\O>\\^U<Fzp+22z9O!H\H\".,%I\$t\"\\&C\\c\27\H1;\\8\ZH\dQ@\'\osHmE\\\`sSh\cmKyz_\0U2\\y.r\F}\{77_c\xP=G\@\r\\ej\\B\Z\_c\nW\1E\9=\\\n\%+aG\ku\Z2&\"9|zs*\0cs\\.Rk{ 4V\`=kTP\HX2\q^\\\i2:y=\\\\_Y[/!\7o\\`\#\b\\f\\\\"UPO\0\\ZP\n\h\d?{\{~2i\k\mo\A>R\nq-\\\r:\}\;/s\}k\O\0i&/\Zn\!\\Oe\U\VB!USN2H\_d:\Ls!\Em6m\84\\1\\$\\"iq6~p\\Ht\0&\\l~u<\\S\YHKFGfM\|\u?R%j\	\F<\\?5\g1=8\>\\\Zi\M8^Z2X7?QH \\T\"n\Tdc5\\\L{T_Z\0x\CQIIa\'\0psU\LR*s\z\~i\) P\#\ZV\^8\{\z\42R@Z\\T\"\\\e \oz\8\\5m \\\Z\?YY2\nsh/y921\\He[$cQ\SON2\Kg*P\n:\N\\\J`N\0,FOSR\0\\P\0I8W\C2s\@\r\2\'N\}\\\\Hhz@3N	_;Vt?jOAZ\0>\IU\3Rkv[e\n@\\[\\2OAKsEf)$?6\8\_j\\\\4EtToC\_\ut\.U$9(~x\;OtT_4Of\\<\\N8Tgk\-kH%\#<U\Z9mY\\iJK[\>&p\r\ZJ(\\u\}Fym\".$\Ozf)1\"5v)EGbH\ER\\i|\bJFi3\wH\}+O8\~9>qq7q\\Gm;6?1\\\.\\-\\G\\\_\r\a5}B\-\\T&pW<u\]NPe5C@\t-:1 \\\?<O/m\Mk,H1ta\Ccmi\Dwn\0:s^Si\kq<\n_}i\\6{	h \w+\H.\>ghzR*\\\DE\aqZ\\0<.\sX:>wW(#\0Z\\o\H\\\zV\v, @OcL\2Yry\\\8\rN*8\V:ya\n*\\I\'\5m)QdAb0wmF\l\AK\[.v\\\x\h*\8\s\\f\"\\r=\H\\jW\\m7l\\0\bkmnaI\Z\\kZEy\z4\\g\hG\\G\f9.}j\uKk\Zm\\7Adu\\\Z\V\L\p\yU?tRC\P\\0\n#\|Km\\@\k\m\z\bNS^\4M\\q#\\0OSYt`\\Zhuu$rYQ\\3\i`\kNk\N\\nt\42a\\i_65\'/V\0X[tl\o\cE:%ZY1\\*>\X\@\q ^\f\;pND\mlB?tA=*@u>r\*K\'b^\S\M{_\\0Y}<2p\\zG\_)Xlp\\j\7SYB\(\in\\AI\\U\\\\\[p}\~_\\Z\T*\:\0?k\.\\I17P\0b;?J\0d5\rr\rz~_\%<\~3\\{}\^ME2OI#h\\V\")4iOt2\0W^\ZX\A\cr\eFp\4?\\\m|\<d\Oq\^jiY2<\7Q=\r:\n\[C=WOs\<I\0\)_\\s)t\r_ \m~\d\\<H=G\l$D*\OQT\\T\1R`\_in<g?\0LW\\R\7\SAP~  x\\9RG9+6{\tTp*\0\'\\\\c>\y\\<.\nE\0`\z#FH+=+ki\m{q?Z\\Z<S\\\G Q\0s\=i8\\R=9jON6\Y\\T\n7\Uu?(\?Zx\bv\Zcdpj9_\\h\i\zf=\q\\\R]\\\+\bF\K\Z @\[&8\0\{5E\Zk\\nc\4L\r\\<U{\!D]0dV\yc]_$|x\\(:SR.)\\?s\F}P\<s\8Q\\:laue\~#k\"g\9[/O\1=\\\'7Sg%9{\'lNkk\,\G!#<5\~\8\\\\OI\~\<\Z8mB\]Z/K\#\?)_XC\\\Cv\B\\Y\.i7j\\"$\U\\I\6\d\0O\\\? \zhus-$sv\\mi\.H\&\X\\\\%RB3\\qv;V4-\n,\\\'/S\\\H\<S\V\\,\}~YB\r\\\\"xk\\\Lh!qo!\C=~k\Y-ZK\oVy\w+?C^O\\x\+>M[8\\+kvhgF@pQGgxY1%\\q# ~@\C\\\\:bM\~\\w\\\Ln\b}k\mb\\~Rf?L\:\B{y&5\\2\0>\\F0\0}G_\\^V\,\	\5\Z$I `\JeT\i2dI\n\_;\0\\ai\$H\;/r.t\y\7L-\a\?|wu[#\k\\0o !1\Q\Zhmk[<2)\\\QGj`/lW]k2\nT$\0}\U\\0P2O\;n?O5.c\\\\'?\j-V\\RN~\D\\>D6\\\}J\O\\w?!g>0Xj\g ebr\\v\?o4\ak\F3\\?4]e\\'\0Z^x>UeV[\OU?\\2\>\Z[pI\+\'\"e\\|5N0\\g\\I=H\|h\\h\\\ReamxydR\@3\\\\i\bOQ]7q4\Zq\\\\.m\\ntKqks0OL/APYOWc\*\rQ\UpY\0\:T\;t\f\g\$IRp;\58;aFE\0L9\Z\okio\Z\C\8A\\\p%W >\\7\\\Z\\0O#2\\n\t\W\t\\j^\6ia\0F\\<Qa\Z5?\njSMy	(d`9\\5\\\\	#h\~$;}G\51\e~I\QQ\ZM-\\ns\\0\&\\Z3=\\C#\~|Q\1\\\\fc	?\\0*\Rr\\\*\\vtz\_83x\r!-g\\\0MD\e`C\Z|tE@?_X\i3#0jj\ZQo-cL|\GS\\VVB4\\n1^M=9\=T4pS\0qH2s*\nq\uPDmb\s\Ijx>(D d\&o\\ `{Sgi+#ZJ_63V:\Jo\'\C9oE0|\q\\m\\rm/J\"Q(W,G\"{B{f*\uhg\\{yI?w5ru\\R\o\rj?jd;{\I\$t\R\^TT2Oz\t\8\P\\\^\\\0\sUn51\\W\1*\nD	#,O^$/2_:\\7ak\2<Qw7|\\\noMgT<\\\\d\r~D)j46\?\"\\]m;Q\'T\cp:TJ\uc\KTO`U]\\9dN!|d}g \Ulvc\0yOT\{E u\\Zvj\]Nc<2imlu%f\\~Gqqd\\\Vo/\Fb,\\\0\\\#\r\\q^&\o\yu=5I!Ix;)+H\I\\%{\\eHx15\0R\\'\Um\5\h\\O\]5lo\\\W\RP\E)ny\Z;D\e9N5\~\0\yyZwK\Yps\X\\\Z\'qJ\0\s\Z}mx?\\04\\dB\q	5\\Qiu#EZ\\]b\O*Y\\cF9#G_$\0I\(\GO\6\Z\Q\r;eg?#\\lpE\%\	\Z\Bx\SX7n;s~j\Dua?P(\Z<>UQ\F09\X$\&JFr8 \~ui\[\,\a\]\nCc\0\|wa\4OF\\\feY\\\_\kw\~/\|\'&\?\3\H=z\Z\0\|sVqe\Y\TeF \\r}]M?S\j2y27\\?\1\\y>;1\\%{\\\>\0\\\;\\a\"\\\N:\}2@\\[	\\+\|\\qloGL~z\\QUS\\\q2\]S\w\\'[d\nG\'\H~VW~\v\0ky\./_-4nh\k5	\\(\\SO+\bNj&B9*iXkY\d9Y\}A)M\\oA?Q_4{\>PrEl]\3A`\v\\P#\\g\.!heYr\\Br\\\fj\7\\Q\\\u1O\"#\?1G_\L;\\| u\{\\\rU\:a\"sP18 \|\\-`=nG!W\0:=cB\t9\YN\\\{)1.PO(|EI\N*\<\"/\Jz\\\Ol\ZlLMF2Gzz<\X\\\ZYodHF@\*\oS\(\\\\c\0\\r\X\\V\\H.\YE{O5C8\\j#/#\tE(r85h^0\\"C<s.\<2~}\\<[S\5{2x\\\<k>\)t\r\1|\\?\<mn*\AqHg\'\\\RP-F3{gWi\yPu|\P;\\ .m\'+f91\G?t4\0\P\UA\^}\/	\p^{UQ&7\4/,\'/\qr\M\|\\n\0{W:\i[_aVP\0\\^[wjL\z\\"5nT	\\\0_uQ\\q\Ll$:\sM\w384\0\\\j`S\\h\%ZR8\V\Z*\C(h\;\\'h-k!G\\\\\m@P1\v\1c\\&ns\5-\a\05~@Nj7\^)\O<V\2\r=*\8\O!;\cy1\4\r\\\zqKL\X\xY(\I\\\0gj1c\\e\'\=OW?\-\\\0z!\0U\0\00\0\Nb\0\U+<i\A`I\+\\>)\h\\G\@\\\nb\08)\\R\j(\\\#SGnys\I\BH\\>\r6\\;\\r\\Iq$5D[X\0\#_0<oI\t5VL&V`\\\W\`*|8$$I\\\MC\W~3`1\U~*xQr\,\:\Ic\"\{\Z\x+D\+\\JA\\FG\\0lg&W8\ \]V\h\Z[_]1\0B9=0\c	\ZQ\\01\M)[q\i{jdR\?\4\\Pk\|\'\-3\[\vy\\\{\\4=\(e;|\^\\'a]3XD\m\\r[?\+.wq\HAZ\\%nH,@?\zX\u\rwOF\R)\\&q=\\nqbyV\9\zW|4i6X\f\=\^;z^dRz.<4NIox\\\FY5\\>\\\P\%D{w%2A>\A}wjI\\\u?\\Gpz.\-`\m1|\\0T\0\\\B<\\\^\C\\h;\\5yP\}\W\\\UW\^,~\[V|)2n\>bDcr~e \b}\P	\(\l7\U\s$>S\(\F(\\w5u;i\,MzkY7\c\\\#\|{Q\\VZ\\\1\\\\Z1k\ya\\=CW84\Zui\RA&{z+_$\Y\z\u\7\H\+\O|_\5\\\\]\n$oR|\z\G-Hae\e\~\0|\{c&[2g8\]\'<xY\\\W=\o\\\b$	\@H\L\\U-H<\n.>tgg\r0\c\7\@`7~8\g[\BO\Mh\\\0wdM}\\\\\}:\\Q?# m\I|U2\6\\5\d~\,\Oa*LZd[iE,$|\\<~?\nEV\\KO8=!$\05l\}\\\}CPk\	J]ZKLE5\n|v4{1(\\0sSp6!qW\H\\JF?Z\b2V]\-\2	\,|\sjJ\\rDsHy#^y5\7<2a\+D\!b!Jf)=GcX\RLsLRCjB\\\@	\'9:\\\\n\A<Tx8\(e[o0;\(\\\R\0rDsVl\2#ms\	\#H\\\<]#g!W\'\\Td\G~7.DKjF|]KPO!}\z(U\0\\nDD5HUQ*)ebE\"\8j\umI&kh[\\$pz\0=g[\]\6\e\B@4\\0Gjk5q\B\N\'4\@I\U*8\N\0p\\6\ZvVe)i$s\0\@\e\\}\Rxg.MnIR?C\E\mu\8^Y6\I\\j*cq}Z\n<\\y\J28Uo\D#Iv\mya0\N{\\r\\'|\\#\\?g	//u\\\DOsW{\\0Wm&H\)\I\WU\o\rYSF\Zu\O\'1Zm\vlM*\\\\nXu\\\\\\\^O\\0\Z_fTlK?<\\^0\_e-\\5\\0d{\n9SA\sC\`z>5j\53~/!\:\?t/@\\F\\\5\\'xVM\*9WQE\<sToug,4d(\H 9Et)kI\.u1\\\\:3a\\8\\\0\0F3\\5\\rj{}F\\`H\r-5\\ZYV4f8\Z\MF\\\\j\gH>czt\n\>`w3I-p\-\\GO/\:\u\&9#E\8R:4\\8\$e\\:R\\\80H\02oJ]7W\$wo\!q\"\b=?1_\\\\\3``p*\h\\\X]Imq\\`v\:%q`\_\CC\x\s<<R!G\\_Cxx-E\\~>\x\OB\9<\0 8Le_w>+\(\p\*o\YH\\17Kn\:z\\,<|`o \#d\\zU\\\\3pj\^G1\\'\0\l`{f\Q\(R\i\r`A\\,d-\w^)aJ2\z{P\\/<3I?e&!yo \,G\FEy~\rGkzu]!Lo#{q\\\^+g]i6i\\Q\l0?{~3\k5\gP>?\9+J\\ED9\}a7B\\\j\xUc\M_/=$2_\\0y\\Uf\O5sZ6\\v\&u\abYs1\\\rB(\xq\q5\\@-\3\\\\Ukt\E\\W\IL\0f<_v\?]|u\"\0yA^e#\\-ngm\\!k\zx\"k7JX\]\'\\^Z~\\"\0((Y-\Rq^]\_*;Ot8\^Y\,\\&e`Aj\\nkfmax^& J\\V \T\@r(pc&\(MA\\\\9#0\x\n\/\\chT\0cM(*\GpNz(\\`\\\d<U*\wU\3k:B\'8gg\N.\\Hrk\ ;hV(\Q+;@\4\\@pIX\[37#\Y\5U\D?\z\.y\\h\0=I$I\Rv1TuE3&M\<\dp)V\y:sO\0Kiy>l(,{W|O\\h[\Jl;\\0etxp?tyv\\s!\6v]=x\*\\\z+inx\d\\\\\\ \\l\\\0\\74\y\B\\E9w>p^\8\}\0*:\xH&\1;\WNT~u+|/\e\w\\y\pB\'}^?xw\&Nd\"X\\+\>{~\HX\?\[Uc\08\o\wu\\r}am{\\ZY|1I\"\uU\=5}K-\Z\w\Gh\x$74&H\1N\n#j\@\^O t\8W++\Ua\tp7\\"\0uQ\k\\b0>\\\_	\c<g5\;3\/%ui\h\?y\=Sw\U\\\G}\?gtv8\\\n\03\'\u;\:}\r\+~\\m\'\YGmM\ZJe\\Z\M\\[^D\($GZdxWk{\|J\Zc\\kO\l@\!\+$\Zhd\Qt\\S\\G\wQHn\r6W\z\082i7r\r>\3Lhcd3\\\	Q\+\<wH}&\"8\0\/xu\\s\\N2HS\^\\_lvi+\\\[\\?5\R\nt+Q0]Na\E*1|?\1n\1wEq\~5\0~k^[a\\g|J.+j\qSyx\:`\|,Tq\Zb3\0ss$L@sI^s\\j(|\e\\\\0ih$u\0S\T:k25q\4\,\IP<hO\\rg\\\r\\~1\\\\Z\o~{9\\\_5M0^\\+fW\=\u>bA\\\O\<.4\r?wd\'\p3Y\ncjUjQ\M\\\gzWA{qq\68\\0\n-A@s\55\\{:\ID=\\0s^\'\KPs@\0i]+Hyd3H2\sU\&\\-r\\\M\8\2_r5+!JZ\Z4\0QE1Q@Z\\t\'\3\0aum{FKKC\M;	\\\*H\0u;a]\`Skr1\Kox	<\"\\r*\r\\\&z`c5c\8\G+7\@<GQKpq\\ZFH\'\nP36KkVCkJ\q+\>7Kp\p	\rj\"p\Z\P\0\r!A\$\Tu\'\\X\.\\o\\\\I{9OGjF2I$\SZon)\\\E\0\\n;v:U\3O{+\0\Zb%Y\\Y\<k\\TSu\[~)%<Ra\lg=M|\Z>})\g\\RB$\!gf9,ORk\<f\\d[~P{W\)g\nk+R^\Sc;\\\\\d\\Qs\_OC]Z\P\'O\\\+v3|[. eA)^%,/\TCu\k\{Y\a`Ax\KkmIC|\Gv\0\V4=\\\"{\z~8#q\\\\XuFDK5\?\w\><\\0Ku:aO*?\0[&;7.qj\\o4lRF\ /\0zW\E3a\#\0;q\Y7UN\D4(\n4\=;]\$d\0z\\/xa\-\W8\|	WZd\\dncW\zv\O\Z3s3\;z60og\G\rqi\\Q\0\nIx]Dde\KM\qJ` <s\\[1F5ps\\:9\Z\'Ye<bExO\\Z\Bo,Qy\)\'z2y7\/e#F}\|\V\\f:q I=|:u)cGH\Z^:=\-\9)\}?\\A$N\*2:0`A|\SaGiyE\?u/\?\Z(\<WnnxW)\"r\L\qikOo\<W\\#\|L\\\Z\SQ1\~Nw\~\T8\0h\xO\\-\\0c\+\	B\o&\o\\\0\HpJc2\H_tRu\\@@x\\\7^e\>F\0\n\.\K\yG\"\J_|q4\*\?~Z}O@\tFO\#\F\"\\\\GvP8=\rz7\\5\'??S[-\"\@\\,\\rq3\!\1\5sbo2\XrjN0?Z\0~Ls+F\$xb\ZI%`\*)c\\\#K\F6\d\0)(Hb/k\##u?Au6Gko\"\neZ\\_\\Z#\n\0\\\\IT\(#\?t\"\\r\\\/\^zW\\\\Z\0\jd\7\nY\I\,*Ty\	WG[qy>fU [DT`}P0(\0)#\"\HG1\Oa;H+\u=5ghM;} 2+ZWA\Td\Y\{|?\mI7]\\\5b\"c$QIp\\[0x+_/\\nu\v2,f:\P\/\+#$\93\+-\U\"\#k[M\-48\"U\n1\*z+!\U.\'Xff@$\\0\ \\~_V\1\)\7[Qk2!S_s\U:S9Pf\$PJ\0c\Lf\_rp*\L\0RA<Z\0v`Rzz\Muuc\k\\!w;H&fU\\n\_%5s\F\\H/\\Vb<F\4\TYOh\L\B\\\k\7Gen`VdhhRX\/\\OJ\\1|#.~E\\\O\mF*+E\1u+]rc\r^.\\\I,x?\~\";	\\\\\B[VG\0k\\:jk~\\B\x5K\+Bd ?zyf_YW\z{]E2\O{bNv1\17FV\\K\Xv5]\0QU\r5 qa\\*}j\'\\\\\Z+\>\Kk\U\84_i3Za<Q\\Y\\\r\X4\m ~\OV\>)\i!#r!=|:\Z_[\|!,v1A#r\\r$\{\-\08Y\0Zy\_c\\^7\\)_\D\D}\x~\\\K\5su\\K-\X`LZ`X\\f\\\/Qz\ZX\!\\\Q\}+\=\ud\[Hp\\\CcRz\[x>EA\vt\@wn7)9cY\\\"^G\\) >\\nL\[\x\q,I\"\[9\P>y)\/tk\\-C3?{9\\Q%\E\\\@;\g5\r!\+P\k\o|1\|]jnmV8\r\r\|U\M_/4@()\)\\U9c;s\'#\0\fl\.\rJf\hfL\9>31.\\?&\$\z\9p`V\*1)Pc^\\\Kqjm.b[[\a\[\e\\\r\i_ \;	;m\Z(-]\X`\o.\Y\}c\X\\\\=xw\l|5\0c\?\\\y0\~\>3Uhl\n\~Q(?Swbxt\r\n\rz\E\c\\;\\\+\nxL\ob\\ra\0-\los1\\?\0\PQaT`\n	\n	$\09$\\M$\\#w~t\xUk\'B~\\G\r9<k>7\a\0U\n+q~\\W(\\*\0\V(\0(\0J(M(\0QI:\0\\kSd10(\$\*(q^\;m\'>\ZJ{<\p9\V\tO\H9o\Z\0}v\!#\\d\0:\L@\\\xQ\\0qQ\Zy9\N{(\&\\\\\0)#+]N\\E#\\\\iv\=\\\D!gw8\Zn5y\,\Uzy\=O\{!\\\\\Gc^=s\3jQ?Jhv\9\^}Mz?1\H\\<\"D\O\r(\NEwS\0dPQ\0\ny8\T\Rpi\=\?\'\&8\5*~3VV\7v\\XLF\\Z9\UY\0u}mp	\LM?p?:sIs\Ve\'\A~\hC;p\\5\\G\mu\0o?w2$\\9Qdz\r2]Z?\\|\{\imwo$\\V \Sd2\%\i*\?\\\n\<2\U\\<N;*Zg\'yV\Z&\~\_\)>L\\B\z\r\:(\\o_.Q]G\"\bx%1\\uA\2:\um\1\\6\0\0?J\5-\"{\7y?Zbhvj\Zwm~WC{\k\S\|e/\\M9kdu\LG\~7Kx\\]\\xoO|\\_\\0_[2\d\\k\\c\O\5`s \0`t\JEQK`>6\i#x\\\^\\n-3#!\D!\\b\<3y\r6\\\\\A,k2\\r\ry%[r]W}IXy\\zM\>\1G\cX\\nn#eaJ\l\\S\c`uxFTHn\~{Y[S\\ZD\'$\-L\\Km&\\:8X;[;&+ $\ \a\SZ/!>OAzn\\<R)1^\?kK\+;}zWg\\\Z\~\2\9\9\r#\0\@$vG {We\$[Y\\"Uc	\6u\!O\*\\T\bw\r{&,6\ Ab\\+H\-i\$1vE\2UW\\\"K]BAz9O|z}\_9Itu=\\|$c\|9h-ztv\0\HUA\>u\ZHT5\0P\0\0\6[Z\3H\&O\^\5HI\"EH\I\+\BK~D(\v\0>\x$B\[\0\:\6k(\G\4iiVB(\c&m6\y*~[@UU\0tvx^\0Z2z(Q@RPIJj7C\HMU{\z.\\\b/<G\=\\\\\gs\2\!A\MUIy\\ #ORi\A=6\nNi$ Z\\0*Z)bUy\0?4^m\\\ZN\\\fh\\ZdlzX\'5\Za<hc\NH^i \s6\S\]EZrK\rh\O0\0\'\0n4m6\\m\\\/8<\\U$&A\\/\\'CBG?&\z[,\e;t\}B\\\[\F 4\\nr!y\'&xoBS3!Mh\Z>7cGJ;TF&\zY[\ncN+FC\O4x\0\\v\\0\\&iipH\R%\VF\c\\*tl5Q,I *:\h\Jd\\n\14Go\0\<D};  \	!\nI\0d5Y:\n\0OX\\DO\\\\\\\")I\|}G\\gIA<[e+D8]^\C]\\\3SFsC\"M\H\t4\Q\+\.:=Oy-\\\@N0k\S$\LL\P9_ck?_\[Mqw:}\{j\&xtvH\\\X\F-\\"=`n*\u\0\njn,A=\k:\G5#<\P\ctyI\\\\"`pA\^\}[j`e]x?z\\"\\"\G0g:u\Z:6\Zwmxd?\G\\Z{e\Q\\\}1\_vLgz\ \J}\0J\\\]\'\5\X/\n\Yz?U\Mz_>/j1Y\F?\=(C\~\|5x\\n\\\\f\\\~A$W(W#>+\{fFy/t\\vR\}lSu;\\GF5\i\dVT\\c\0]JFQA\\Z\Wh\u$ayW\|\#u\\+	1\kG\\kp\<qR/\\\0}\\0xg\>cK`HOQ\+\{U\I}rx\Go\^#a\\\]Y\$3e$ \syZwvGh\\X\\\kuH8*\N\<\'}o\oh~2[<+.\O\"{o\r\\\\\Ec}`-e~2RPq;\no\]\\/3[\~5>Y\iv\\0?\,42o&;}\\\\'?V%,G\aRd\2jZ\Ki\\\0^v\.1\&m\\Vj\"Geu\\2\+$j95Fo\8>L1j\\n}0\n(Q@	H[\\@\)m<\\]UJ\Z\0gZ\\-GP+[jC8\n\R)\WMwAu\+\n\MAe DiI\DE.sR\\[EL\Cq`E\\f \\ WarN+_3y\cAU\X_&\\e\F\>;\0UZI(\\GXO2@\_Eh\\N\@{\0!L\%-{\'\q4\\\!I\\\\J\\+a@F\\KjI\vV#y1+{vQ\{Sxt\\=\Nvyc\\j2j\\0L@\wJ\B\z|\\\\/{GclPU_xz=>\\'9\+\0(\^\\r #\0S3\s\+qLG_\KSD\FzQ1\ZKQRBN\(N}P]\m?^j\}_*j\\\@`Xk?:]1\\fo-,D\\r\,eQ\0,\<\_I\' v\!\\\\wxbbb\h\/n\*~m\sM#r>\*a!\\\\C>4\	,\\8=\{\\KB@\T#\?\\+\\:\.m&xf\]N5\^\rm~\kl\t[X\0\\'&\6Xa\A\\wy\Zd\v?\kV<O5\\Gp\\Q\\F\iO\\}:P\\|[y\53S\RuFx\{G\'\\G\$\>a\z\O\\\/6\T}r\+Ii\\ {W}\8anO|.T*m6?\\>\'`<efGRps}]+?yN2\rr7\e&wG\@85i\V&\u\K\\ir[CB;+\h\<C\Zi\ 1YH\JSWx\SO>\^&]e\\0\^&\>\;\[vT\'HG\0_-\\\\\[\\0d\0C^\r$h\+\$\T\mq4\\\$\o\i\COg^*hPQqw,cJ`\~u+e1\\\|\Y\9\8\\\uv)\<+\\\\\\\S?O\q_H{yj\a\M\\zq_0\Z\\\-QgHfGT)\^<*Gp9c\0<W\?\n\j/\$H3qSW\\VQ\z<rh\\rVTO8>E+\l\\$P\\*\*zn\8\y\z\\z\__p\%Hk.Vj\\\0Y!\g&4jY@ \x\iW\a\\}+>\\cB8\QE(\0J3Y\k\yrs#dnW\f)wB\0,\\\?Qoc\h\b\>(\G}>\|QFEm\++Ld\$`A\nrFxXg@\r:a\G5\\0\T\'6o#AH\R_/{YmqW\nd\@=5F[9Fov9u4\8Mkfyt\=d5\33\~|\!^[r=\i3T\\09<bC\\\O0\\	X3Mu:\KuQ%/?S@M@u9Hu\*>\a[\ruk\og*&\\5\T4\$\"w7\\GV?zu\\\LH\{\\,\v@DC;%K\0\Z\xU-`IdQ+\'~%.Iu5\pB\\0\0\n\\BZv \0t\\Y\\x\'L\TJ;A:sG~i\\F3I\Sdu\H\'j!>%\\YG\\r\:OuflnM\0:|~Z\X\0\\n_l\Zk{\m\\\1\0i?\r\#\\C\(p=\?y,\<in\\0V\p88=\d !F\;\V\(@x!)9B\`=\Z\qQ@#j>e&\\<\\0tt\<Ax\\\\ $$@m\Lz_hwsc;\*U\\V>\\\X\56^7\rl&dG\\uz0\GZy>,z	%yfc\0\0N\+J\JpU\\\0x?Me\_&\?\*Z)3\d\Da\rCC\X\\=MO\w]E\'	:UHg\n{R\@\\n\BU8 E{\rea\r7V\\\1\C\O3(Z1p=\j\^\"\9G}\<u<\GqT,\'`nC\\CUr@\\>2\~%D\@P\\S\\c\Z\(oi^iEb\\\JH\#z>2jhuB\\W@~x\'\\\hC<COj[_@\H;\\nm\	Z	8 \W\\<;\K\q/<d|.\mc3)\"Gxi\5f{v\+WSU27*\\"i(y\X[29\4\<\6gmO1\\\\\\R-W\\p>W\r\\0\r\c\0NF\n\*$\b$b\\\x_Z?\PzI\p[Qg,}Mo\\;YE \>w\,m\~\k\"<w7tQTEj3i|v=Y_&\B\\zmMI\"ubK*AI#E,N\0<\u5{!\"\3)\\ird#3s.R\\xE\0\\^\y\'v3\1Rt%b2Z6<3Fr\KOFJ[\QWI\\\YU\\\)\}+gym[%\\\ WNxj\\\ZM\ \'/rz>$i\\"x\\\\MRC\C\e(4vVN\5@\Z\X\\~\]*oCe\;W73<\\,\$\\k\\4\\\\\]X\ZhA\D\\\\Vles\KU`I@ !y8Ob;\O>Q8*\\0k:\a*\"O\Wl_\f|\O5\'ec\m*%\myc\\+x\"YS\|[M.\\\[\7SM\=\Q4Dd\{\$w\'\@k_\Z\\k(	0n%\)\vGdW!V\r\"N\=X\'5\/]z\\\t\\@{\lze*\I\\Wz\\;Hh1>1H\)ojEYf>n\\\"X\x\h1\i:t\h,q)\\H89\z;zR\\M\=*\%\"nN\s@sb6sTe\xn#\\k\]V\5\\\'\k\>)x+2\\IA\\<s^+o~	=\\Gb,!# sRf8\z+\g\0=TO%\%=G@$2qzG\@\Z\n7=\HT\$\V ,2CZV\\CQ\\p+r\n\~\n\SuN\r8\\9R\ni\T\i0\\+\\|NeX&\0Ix\{fo\<\|J4\\0\_\LqM28\\0\\Z|8\\D\4<=G\^A\z\0{{\j\L\%!Q\r\rM2[\\a]Or+\|K\+L[_u \C&\G@6? WbCU\\+\\\\<\^)T5xz\P&\\t9\\0`y$\dF_8\]\nm+m\68oeCpf\'Oj\_h7.\'\l#_~#i\b\UXm\\c_)\i-\\\0\WQ\\S\\"vc\)0=\\?l5Jd\\<5\7\FH\>l\rwb;\=E\\\l1~F&#\Td\>xYM\#sek\</\o\\.H\\\YH\\\PSxF\>\}f=\W&[8;JLqS\0duKijpp\\z\:I/\5S,c\'-F=h\\\n\Z)\Z6\G\m  GYu\'\\_\[ \n(SRK8\L\q}cT6ga\\0\0\KC\;H\Y\\z\\dj\\V\I\\}tj3[wg\?\XJ@\9:\"HeEl7Td\ch~\h\\5P%\\\i8~sQ_JN@\X\\\)\fry\\rQmBk\r+\\\#\q\\8\\\\xgD7\![vzQ`{\rj\L^\\\\}HUQv\0vg&\r\\s\Sj3Rb2\l\H\\Lv=\MU[h\\\:\\)e89aA,0P\c\d\\\d\>^/\\Z\Jg|WxADZfm\~c\G\<3@\=GSw\\K\X\\"@bv#\~\Q/]-P0at3s\Q=2LZ\O4Q\\)r\\c08\{ci=,RO\Wt\0w\\\jhg\\rsz\^\o\#\_S[\)+fH\Tb~8\[dU\0\(\4G$)AWm1Ex\0 QW=)\EjA\!1\\ 4H/8#nsH2h\I\&!	\@\I\"X9\cq`wnqT\qp\\\\Yb_W]\\Ncr\M\H\nJS;L}Ia\Kctcx>a\'=)\\8\NH\)\\(m\<\@;\\*%\\tq-\\<Y>x\\+N)E\X2Fy>\\\W\\S[\\\m\"\e9V\k7\q\[1t\vZ\.\}\z\M4.2 \\\0<5\W\.&f?<r)\V>\Q5^\0O\Z\\\{{\\O|_x\5\'\\\>w!\w?Zb<\\0\t{\+u\1x\\%\=Q\_F+d\#\r\\\\\m^q)3\na\a1]F\[\\Ye\r5fQ/\cg{^5E*#\Jb\\\0\n+\4}~Z%m]m\c9\n\(S\\s`\\u\un\\\\\N\:8\7ckte=A\*[\rcR\.)?\W\WZ]9\Q] \*n7\aOI\}u^q3\\!\\r\^\\.]OX\+\\I})oo	E\\KY:\1\8\\kQ\cFv8U&\\ZS>d\\0z-) E[5\\\Z\b>cTtUH\\\\E[p8Z\_A\n\\\SQEXZ\n\[q]~\=v\\z\\FHF\\\\\\0`\\\ \\ef$\[e\I%\\i#\F<p<\\q\0\v>v. \n\V0=TSUTY%h#0Q\g\\'z8\0i\0\0GZ\\)\gj\H\5\\0s8\nH#\\^\\\^[\LUy\'\lq,M{0)2*>j\OlSZ\"<SI\<S	s\T\\ +:h\mcZ3PM$\\J\"wH\\\it5\.bc o.;\\'`=\^C]^\\\\\'4\t\'\\Ux\=\B\\O\\xU$ ,q\+;+)H\gk$<5\(T\0\02tQ@\0T;V\Z u\BIJ\$\0r\0\*v\Go\\\@U!\T\0HQ,p\SvtH.^)\:\n>D~\\~tR%Q\\"G\'\'jd^j\r[\\Z<La$*zH\\\IT\JFzvIjK\$=J}=k;NgW%$v?J\Yo&\<T\+T +U\\\\;85II\<\n+:\\Vh\EF~Z`A$w\ #\'\4\VC\vi\g\hQrsHd\A\\\.\0J\\\n\\!d%U%p\\\:\nVs\{V$2I-\j[\-\p4l>\gNU\{*Cv#\^p\r\`{p;Pq>\\+C\I>\_>xG\\\H%csbH\\rG\\\i\xdd\.Y{\T?u\Yu9A\\\\\0\nYH\FCL?\0\k\x/\\^\\\@\[Gz}:}+\n\\hCG9\g#\\$gx[\j#A\'\n \\W`c3\X\<|Mg{$CO\d_,@\0`OG8\"HbPU\0D-+\$\[?JgFw.z-\\l\0>iF\AXI$T^tF\"QzY]\30\:hAEU\0V~\\z{\^+8 V\>%\D$%|d<du&k72.KKYn$\H\02H|xM\\\mg4d\n1L\\'#Xh6=)\\\<\\T\L\\\e4)\}84t\0\\HZ\\xQ\k\01\Z\\ow\\/\\_stA3n\xpxo\QG\"\\\w=\+c\RHrj\L\MjRi\	\\\\Zi)zM\PR&f\?\\?i\.\0t\\0@l~\\|`a/\\]?u}3\{}k^\Q4\v\<\0S\"L\\q4sJ\\v(T=),m\\d+i>Iu\Z\\=i\sS\\0^aTs>\$u\?8\$\*\	\'\S\'\\yv>C*\\=p8\)OJpQ-=H8kTl	\GQUKb\#:PO<\RsF{\$!\9AU\\U\o\n.c<r*\N	\]^\\n7u1p\\x\`\xiiWb.^\0\o	*\dxS\0\&D6LFW\@\\\Gu#(d=T\\N\\\\\)\]KL	N\\P?N\$\\I\\ZXeH5\\^\ZK\\<t&Iy\\RN\i\\'\"+\j\\\)\\H\c\jARr	\ps/zRH`A*\\'=5\"cH\rmCY8_\RgZ\+\\s-6\]H\ok\z=Ge\p*y\*V^(\e\\-o\HPHaYzY)#\\|F\F)e\\'\{z)\V=\L\g\0>\i\\"\u~\t2\0ncY-\<;v\"c\\,\\'\0t\:S\$6\r~K)>C}:\0\\G+\]{-j,O:*P\0P0\0\+F7\\\}+z\l\^c\(5\%wJ\jg.6n\|=tV\iUN\TUU\0\\\L;|\Y(\-\PQIFhh\-\01\d\20\.9j[%\d9_Ni\uoxz)\`~\\i^0\\`1\\4\-Ro\\3zW|SSoirk\Z*\$J\Lc\7R?\i\=c<(\h\0j\\0e\\\\P?tdwBx<\u\\Bdg\nubN1\\>^`;a\\?\\\{bhe\G\\bIKfuB6\\d\\\HLjyi\ M0\\035\\\{\p\:\\O\\A]y#\I$`X@$=\0C\Vu\.dmo\\\&\f{\F\O8s\0NFs\_\m-t;x\K\}=sY>kec=:K*`k\\0\\\LUzkb\\rn\rE/\\g1\C\0*W\'1\\!aqLD3E\Z?.*\A\i\"p8\n\\f!\GqGS\\"[xt=(&\l\Z;x9?;!O\NSy\iIYB7q\X\\H\\"\s\\Z\\r=x~qa(!NM|\s\q\MKI\nJyXt#\I\NKzL7z~g\\\`G~\\	\\\g\\ rZnPe(xA\j\>e\BO#\H/L\'dZ2=\kS\\Z\Ee<pY\V\\:7\nX/\Z9O\M1{iWz4d2[vomIhJ[h\X7PGc\\A#O\L_\M1\+!\'79y\\d\N	\=\T!9\)+R\{\Z\01i\	\0RD%[|nT8{#ra[}k<\\AP@\&7Ix9\\n\!,[ \QxrOc;/E{> \\'!f[k\\<7W\;\Z\l\\":\~\`wFG(\\M+0$QF\C\U\J]a-1\M;\[\\0\P!rx-\\fVYf\n%v!=+\Z}PwNl@m\'\ui;\n\t\\0Ri\0~h\74fN\\\r\0?4\_\\X\\\]\:1\\\(\\\z\\0%\0\\zm\W<k]\u\ym`:\UB\tjn\[.\p\0\Hm\cG\_&\\\;|\0\\?:gU`wNc\"5\\udsQ\i\Py=E!\H\Zq\M\'T;\t.`<5x\|\\\\2pz/EO\'\V*\xTNt}=\\\\=vQ^\\?<.yr]3Lw?\\x_\\0Y\1j)\c\o$YMuYje{{o.$V,\\,{\?\*}9\SBfyi\\:ghF\sT!\\n\s@\Z1\\np\\Mq\\\-FK1\RXc\q%94\c\n~q9\p9\\*i2I5DO(\R1<[f\\)z*\-<z\`j(FBiGNM!i\\/Zz\\\O\F\0BP	\}Jz}+IRPJ0\WG(q\\gs-,p\;z\\JB3\ytR\i(x+\<E\.@\`J\\IkJ{8el\OBqL\|A\\\\b\p\\\Zm\F\AT\i\b\[z\H6\>2/#m\>X\\\6X\\\&\Ui-\~W\Md&oZD^m<\f\\'uaj\\\\8\42TU\\\=L\01\{\I{8\~\\\EqM\\F@\\\k\!e!#}CI#Ji\\\<*px\'9OC\di\"\\k<\Rz0=*@8\04:l?\\@\'\\\u0\\{{8\ph|t\\:&\r\=E1_\zTx,\j\0d3HBJ~|\o9\x\-&u=#\?ug\&I4eI\\}j6X)lF[T;\\zt_\L\\I4\\\\\\Knh\\0;w4qJ\Z=)\sJKs\\u\\=@;!8\}$_>\X7B\	LD\\F\!?4\xD]ipF(\n\?\?\\\r=~P\PoF:e\jZ\X?NEZf \@^\\\\"i\\\?\l\RWv@\[4\\zFANi\\\\0\\\pnn\"-\0v5sq\"}w\'iq,\*\\n\%x\\8YrC\\08?\if8$y\O\0\\0*\&\G\0\0\0h\|TE1\\%vLUdn| \aG\jd`H\\f2\drj\>\S\@Nr\y(\R\L\\\\X\\\rx\yYPp>Q\@\wzpAJO^y\sn\KM$n\]1D6O\G?5\M.qZf\\h\\7\J\"Gw\A\0*\\E/\'9\\\bN\rLO\B\jAJb:\r_s\\\/Mo\6x5\i{\\z2+\Oi\d\z2\\c\tK\rz\\_Dz=\5\\^|l%\\k\aCOCS\WP4SFD\2\0x9TnNsO\n4\zfM\;1\0DV\|\k\Q\\\SGr8n\\\k;\o,u\3\rQ\\g|>Z\\\\r3Mg8x\Iw( \00Ct5Iy\\BJ21\U\"~\\\\r\Z\Me<\CdYO*E$\UocI\r\)?u\\RGr\R:d\"=T\wQ\k>ev\\\~.\Z{\\\\y%0N=I\\#<D|\;\r\dq7v:\\\\\>\VF\\rTE/E\1@n\@5wOQB\\\Z/5K\"{\\7\)b\\\\\hZT>\mtp1\n\<DvJ\Iy\\\r\0H\0\+unJ\}c a<\O\\\d\4\@\P\r6Ss\8x\5\rz\nEc\0\0R@-QT#;Y\\I+#{\\l\\6BZ\Gq\8\\W0\1LYR\Z\0\\z7z\q8\\Zi\N{\\b\0;=k\Zi\3$\\1s\&Gy\_3MvQ6V\+\0%fW`\;\\:pg\\"\8J\\R\\(Pp\0#Zov\N	\{	.X\\\\\095<}Q\"\T\02{\eYz\Z>\;\0\\\\}\!N9>\\\=\0\\F@Ea@\\L_Z\\Q`-\b\w><_zt*q\U\rX\\\Nw:\\'\H`i	sM\r\sV#\<{\G\\5iRG\\3JPq`p<f3\OPiA\1T!sN9@\n)~EBi\~J`l\vGNO\<2\2+A\2y\"+Ym\g,	2\Z\\h\	1\\<\\em\5\j\a[}C%z\\5[d\\!\\\sv=j\M\\\\=-\pU\\4g\\\Z\<Ck\\&\W\\\*C\b\\n\\\([\j\Qh\2L\\|C%,7+\\[\\&#\w\e0}\OH9%=\r	cU4HAz\po:\-r\U?\>\QTI@b=e!%<g\\\\\\>\qVtL3\@\_vH8(\EAi0\\p\zn!K!+ IW\ViGr2}\S\M{im4cc5$I\^sf<\0r\Zf1\\&.\jl\"\0Su(4]\"\La(=\\'W\Zlj\\\\\\0z\+R\B\(p\\e\\\\W\vv\jo=M[|\2y\j\\nG\IBx1sIJkU\\@g\n2\][ +:\R9YiCtQ\4\Au+\'\\;P\"\\pS\Fv}2{I~{>q	\On\T\Z]1\*\z\\,\gRQE09l.]\8?\0\bGtyh\U9+\Z\[\h\9\}i23\bvyd\\T@\rs\r$) W\)\\LPm\\$X|D\WC\\3\^\OX\pS{\[lk\2q\	5\\\Zb&^X`U;{/\9\Y\E!\\GOJ\0yU;\#\0\sc]\\L\"hcn@0\*U\;u40d_jr\VU\oZb>6=}h@X\\*\\6J\0@\0\\\\i\\Wf2\\\r\Zh\8V\\"\_Z\0\(\K\$!\0\z	<S3U.{)\4\I$j\0\\\\G<p\'v&N3R\L\8?0T\\09\\\\SGl0\fK~\*5*\r|\\*pH\T0 KYF\=}k)x*Le\\[1U\\"t\qk|<\Z!\0\#\\]Z\j6muM2\rq6Z\\r\\ \\\\'IC\ikm\?]\L\zgsZ.e\2+\Uq&wNw<=_5cH8e\\\\HI\\\D7\0<a\Z\VgI\\\&\3\5.\0\Pi3\|%\r5\~;prCq\J8\Wmx\G;e}}+gP\\<AjX*\sd\0_2FAm\JStaTb $SM0$thW,/\^es\DC\\\"kg\\E0%!Px\uKxFOOj\q\Z3B}\%}6\zNX{v!WJ|\/Kf&q\\Z\&x4\sNE.	?V\v\p8QQ\@\Tm\qh\`FE9y\&\\"\e:\Zsh\Z\m\*\\\HE]1H\x\Z\<\\/J\\s\L}Z\[\}\\n\\\IQ\.=>\\U|*\$\\Y:+`R\[;\#;\\4\\(Z<fy&9zp9\\jh\q8\0\nFp{\?u\\\v\Q\\=\\G#_:\6\0E\j:q\\] -\~i>c\\m\w6\WxSO[	\\Ir\\\Z\Z\\"tZxVD l\D\t\s\[#@\Sq/\\\+Xp*\8\\:{\&+F2M\>QEJF\\\W\\U%R3\\n%| \\TC\YLa>@L;NA5b$\n:|\iGy\GJ\\r\\i0\\C\5\iEZB&\g*0x\;=\ZvN@\)\K\85B\Z\\)	9\>\\; /\\\np?F=:)sI}i\\0Q\Pi>jard8\JyN\@\<G\;sS\5c[=\"4\a\>5J@\Im\'\\g\k\0A\\JzR>{T<0\Z1Ec=?\n\D$L`-ih\lx\\ryf\\\\y\ri{\\<\a\(%\\\Z)\\M\"U~\\\=/\\5(ec\\^\\\0NGc\M\l\\\Q\+6$C\^r\R\\\Jw\\xR\N\\\\2F\\(e?g5\\W1\ \\\t^t\Ky\\H\\]>$\<s\5W\rXd2B\O`3Ew\\\Zae\\m9H\ h`w\nW<]hWq\2\Y\'h<\]\\~c\\\\zT\C4F\0j++r*\I\VSVP0A$s\\\/i/_;bW\MFd=r:\\j\G\UO^\\n\0-3N2rjK\\\X\9	*ea=* isb5\%\\n\=\W+\>z	M\mS\v\eY\'5{X7\" Nq\0\\UQ\G	8\5oQIv\}\z\T{/nzP:\i\0\>\\'\08:z*,sR/\@\P3\\OHm!$\Y,(\{\zu\\]^\	\T\~\\\\^]\\7\=~8&u\\>`q\\-\1\\\\%cT%F\\<+5wNE3<c`hw!n1\*#g>\\K`\n\0sScZ%y]B\5b(3=I\\N\]`\u=i\Z1\5Dy\)@\\8zU:@Q\I\!oj\i;P[\\n\\s\v\5{QLWNM \sRZ^\\\\1\\\9\y \\c(<b\\n@=[L\xT\#\:ST\{\dn*+\.zjZ.zTM\0X\rR)x76+&^ zz\~[k\rm+`S\'\y\HIm\a\\rf\hJ2:0\[RA$\{R`d\k\\{\Y\\5\p\`\zk\\.PsY\M\\z}+H-a\"@*F5d3\\JO\>\+\!dOU\+E%9\T\bM\wC:4s!\\\[\0G\+\|G\+=}<\\\0\\>\I\u5+U	;nO\\ZnZ\\0n3\\c1\\\\\\0{PP\0=Cc2\Faz\0^Ot*\Mi\\	rzVV\uw{-2\\/ \|\\\n\\O\Z\u%m\/\\0]KlL!d{\#O\\\Kh-m\"[GaW\HT\}U\n<\n]\\0)\Vn\\\T\$U%y4\"N\r.iVA\"\\>OPc3\1	qo\:\\\Ee\HU.\r=\W)\}o\G462>_>j!$fqRd\n\0y\i=)j]\0p\'<T\)f\0sq\PZw\ASLx$<.\.\v.pX\\-bnp8\VM\_^K3yr\f\'\zO41c$hG[3CE`Zd\\Zp:be9sIc;\.3 SO.\0$\qX2C\LcNq\+>2j&`F	S\H\A\6/ozTJ\\\n*\Oj/3\0I\ZyanA\0\)@ J;I}\\"\\\'Z\\?\V!>7q\)SL#\T\(=\$c(#\i9*Hq[6As&\<OFcb>\dzf\4\\0\RXn9\\\>qV\\+\\_=O\\\0`8_\?zj ?\0Z)\0\\\n\?*(`uJ#\f\\+Vv\0\QE \"\\0\0Z*\d\0@c^_5\\J6y5\i\\0\r\\0\4c\\\\\0\]a$A%:o\6I\nurw1WU2?\0\0M	0\0\\jH\'\0\0\QE0:5ZG\Z\\\ArO\0[/\\0}\zG\(\0\*N|T\0T?:(B~\\J&\\`K\0<\\SExO\P`\\\ \\E\g\2ECaf/J(cB\\!QP1{\rZ(\0:\S\0\\5I\0\4\!`#\o4QW\r\8\rK.3\~*9\\\\EwCL\\q0\I\Q\\\r\w\/\\Ei%1>	wHU!l|p>K9\\4\"Fy\\\'\QZ\"D7<\&?\Z\Z\h	Y8?ZSr@oZ(B]}\\_7\EZ\q?Z\</\EDU\0W\z\\E\G?ZO\vh	\\i\0j#Z(\Z		\E0(E/\y$\55_Q\(\',1,'\\\0JFIF\0\0\0\0\0\0\\0C\0		\n\r\Z\Z $.\' \",#(7),01444\'9=82<.342\\0C			\r\r2!!22222222222222222222222222222222222222222222222222\0\0\\0\\"\0\\0\0\0\0\0\0\0\0\0\0\0	\n\\0\0\0\0}\0!1AQa\"q2#BR\$3br	\n\Z%&\'()*456789:CDEFGHIJSTUVWXYZcdefghijstuvwxyz\\\\\\\\\\\\\\\\\\\\\\\\\\\\\\0\0\0\0\0\0\0\0	\n\\0\0\0w\0!1AQaq\"2B	#3Rbr\\n$4\%\Z&\'()*56789:CDEFGHIJSTUVWXYZcdefghijstuvwxyz\\\\\\\\\\\\\\\\\\\\\\\\\\\\\0\0\0?\0{\\o\X|*1\re0C\\~{kAq\g\s$Zx\4mjU\\0#dw\=sqo]M\QJ2ry\R;a\%qZ\)V\t	F\>O\'\,$j,(K0\0nWOX\lcfy\?\<~n\n;9,2@\b7(\n<mO1{\4MJIJ\"\\k+3\\A\Hu1\7\sl\2<Gv\\j:*~zJ_<qS \dqeI,\\?5|\K\z\\\p(\+\|_OjC3#0`G\9k9\\\*\R|\4u1\=}E@R+\\-\=\|\0\*w!<q+c\qC\OJ\\@e\?bEr\\\r3^%9!Es\1\9\0t})\\]}\?w)l\Z[f\@\u.#JI}-\/[\HXep\"\! \;I\G\\HF\rf\\\\i\Z\\M14n\)8*\CWb#s\h$\kA@Ad\Z*@(\[\\Z\~\\W\\^m\\8\\'#\\07m\zo_\\*\J34\'=I?|\}>\Z%y-\6\G<\Z4%E\A\\mMZ\q\\y\'+QRVe\N.\~\o\"\\"\S:9` \\hv|cq.\}@\53F\\\U\v\F\h\\9D|(\\|e\\Z?On\\\\\rMj$j\/\uMs\\P\8\r\\^-uV\%\M{qzwt?^\Z\\%Dc\\0~;C[F5 \:N]mF\\\o \\NG\C\V>q\Ns\nu\\\>\Z4j&	\v\T]\\I+1Y38(\G\MF\=>\s\T\"wySg+%fCW\\0\wi{G\n\Hxe\U`GIl\3\ph\<S\y\Jr\_%d\0\3\SXJ\3J\\Lv:C\XREl\\{a3Es#\\r^s+Igv\Z\\\\M\Udug\^\nr\\"\\"\j\6\_$h\Cye1x\C\\W\\%F\"E\\)X\\He\\f\Xn\~w\\%R4p9`?h_iq	!a\k\_n\\I5\r\dsU\5<3gA\EX\r\'\0n\\Us\wD\\R\lYmb8h\\\0\\0\\~+\g\-\\p2BX\\4\\kh?{u \\"\\\\\\ZO-JMJ\Z\4	#\z^\\}OY\\Q4\X9V55n\\>\:\\#I!!\9_x`\\\\\\(>.3$r9\J\teus+ZtR\%d\\2GA\?\\\Iz\sq9F]Mz5mO\WhC$H\8	B\ q[B\4|IW!\/\h75PL{?Ox<\'5\\>\-{\\zE\g`>=o\k~:L8%\	?{\0g\\ V\\n69etreym9a\<\\Ezj+wO\rBtd\%\\\\.{N\0A>\j\\\0yL\\W\"J\P^\\0lg0\\\\D\+@Esl\\f\\\\\Z`N*\rCO\?f9A\\ZW\\8ZLbpA\\3 \e\\?W\q\t6<\\O0-+ LE\-	HF\\\0 0n-\}jM6]J;/\\\\	\\T2I]aX\`q\r\?\_x{\o\mN\\n\D\#\\\^\S\\\)\Xun\'\\\0_\0cef&xG[Vg1:[8\\)2\\F\|4k\`\Z3gw\>\\ca{Jn\d_xZ2i6vN\\;\s\zlH\Y\8\'=~\wu;&ov(\\|Agr\dd\\?\\L52l<c)\-Q:3M%\"Kx\UYck\\\\)\\\z\b\\BI\\n\\85\:,\?z \\H\:4\nV{]fW\\~5G\fM+\'A\\_\hS!d\^F~lC*|7\\\ZWlL}V\yn	\q@?NInYG-\1DN\{O+\v)\\Q\{Xu\kWN5m:\v\\Z|PKc2+\\!2\V\H8\0s\nw\j\-\0r$P9\0d(\\G%\m\\'\4/\\z\+K\\Rd\\?~\4\&	#j2Fz\n@r=\\{SR\0KR\GC\\%1Le\\]\qAi1](8\zM\wsDf]sW\\0\\0\@s\\q\\2c\mn#=Iiq\&H!=}h\Z5+\\Y\h	7)#\xi\"76\-C$>~*]CRm\HHze%\3.\0-pA\~cRv\\0x\,L7\M\\"G*\\F6\q\NhM1J\5A2Kr#GSr=k\o\'\zu	..E=\ X\0a\a@\>\y\>GmgCUw	$^FFsWxb|Up\]\ \`\\#\\'_O!2w\sN\Ta\\\1\rN=:\o^o\\q&\x5\&V\U\17n\t\d\oxf\oRmZ\\\\He\\=\G4Qh\\2\\\*\ -R\\\Z\,	dS\`#\OW\x\\\'5\?/iIAYod\\w#\h\0j? \-\6{\\n\^\^\"\&|Je\O]tX2468b\\]\~\1|6\\_X\&KKCpA\\=@tj6\L\[X#Kk\"\v#,Y}y<\\QqW\04]\\7l}x\yL\\rK\\Z?v:\\S\45\Q\\e$d\r?\(ff6\fHh^7\\N|\|\\Rj_0\\4\&Bzv<X\O\W3i\\M\\V\r\E[|I\\\\8\0Y\z2O1\\\\2xz\Ol\&9\r\z\\b@s \\b\0\Ah\.Td\\W\Lbma\z428d\S^k\\\ \\)43Q\5i0\5KyLr+F\Iu\"\n\\K\Zyf\A]7![-p\\q\W}\?Z?\=IY,\7Y?\K.:\r\\l[k\0w}9>\QViec!\ws^[i\\Dy_.\=XtIZ\}XX8\\oTwC\<+Eh%\VXL&\pO\E_;\n|EqyR!8\whS+\Z_i\Z=\-nP|\$#%)\\\h-\n]>\\s\9\;k\Z\\m[+\\<SF\3H\5\79:y5\nd\`V\n\0 El\#\Z7*\VS:W]sS\\it\#\\5xS\\\k \\Z\A\'E#\!}WhyQ\\\S\FKmj(/?	@\G\}:\\7sx7\\i%8\\X\0\0*\\LcO\xk\P|\\\N?\U\^G:\\\\0&\=\n9yf\qyG\"c\\\<sxC\/\\q9a_z\\>i\ \\{xoPnL\\\c:-\)U0A>\\i^\\h>!\\\'\'\lI\\\98]K\Zj[\Hq\w{4[W!GoI\[#i?wqs\9\s\q\0(Tq\t[\Zumu.[y\\*xoPF{]^\\\\V\\Z3\m+Qs\?7 W-\=x\H2\GZ\\]=I\0}\(\<*\\Q\Ym\sWS\\/N\rt$>V,p\!\\p[\:\"\n9aT~Z\tV\%\\0\\\nxb}]$?|~Q8V\\kY\\F\n\I\}k\G\\2:3G\j\\\2\\?y<L\\^o|M\H\"r~m}jh\\\\A\'#iU{\:2\`-D\mfEXV\qlG\\\IcQah@[g\\Zu\\G-r\\\\I<\Qrb#M0\0\Ukqu5Gl2\Ns\x\\9uIm\np? \=\LuE\\.H(2-<g=\IJ6\'k@!>b\|\Lhlc\-\0|^\{A{	x@]\Z\Z#U\dm]%S\.X:\x\x\>\u\-e\F\N~f\6q\w\k\1\=s72Ag\O\\\\qW{\\\u\\Zn\\k[z\\Wq\\\k\x?@[]MW\n<2\go\\\\O\\	 r)VS\\r0=\xB\\GmO\-\\0I 2FG~\\Z\\7r4\\X\Wa\jD[_\\Q\Oc\@\\\\d6!X|=\_\\\[]\`\\O=Z@y^\\zZu-\G)$m=\bzjx\\K:7f\Nzu\G\x/h\0U2\\=UZ\\\x\\\5\k>h\\m!\P\J:\\\#\ynG39#8\xK\.Y.{z \}\zs\\MG:gl\)Z|m].\q\n\s\\M\0q\75\rio,c/B:\_Fx\\WH|R4:ny	Y\Ll\P{\G[\s\V\<,*\\\Z<a4m \\n\0PF:LO^EN\\\R==?/\+_E[ke c/\\n\]B\gc\\0\]\0+&\1k#\\Z\^i\u}}P)T|\/}\rxsNy\>\p\KW\\0T\\0?\_25\0/kPc^\'a\g\\\8P@\Lv>XZ[B&sw\\\KH\A\j;I+I#\!\\rMA*p\0v$$W-H\\\'_x\\\BW`ex\\\\A\3kns<	\8;>\\n>\b#\w7x[&[2\r{\tB6%2\\;IaJ1\Ju\\N0MVRVv)KA)\5k	mJ\\"a$=\\\"cA3\\v\\\d1\^\\\6W\{;c# cW=\0\\<C\z(B\\l	#=7!\\)[&|}j^Kw\Z#9b\A\~\Y\Az_b_\o[\@\{n-^\\\\qI,*\p\\\\\|:\\:sd:}GJ\;|U\]kw\K>B$N\A\c\fxGyq\3|-\\c\]:xI2\\w\\i>\AxKI\Zr\\"\n	s\LF\'!\h\!]g\\v\?v\A8\\\\Zj\kk:>y\>ms^\F\\#e*\{\wkZ5(\\mn<<g#t<S@UhcXh#\4Bx\Wm\_u@4B\F1mtGM\[\\T^\ZcC\xtb\\S\K2d\\\\	\@h|c\Vvja\0<@\:op:tU\5Zdg(|]\\Zc~U\`\6Os3\\\d\|\4n\V\\qa\z*F! U,\{\n\\FFU\\8^\qu\B\SV.B3%>5\'Pj\Frl0H\\\\E;l\\>\0R5M<\\r;\GRO\0{\U\\!\\s)6\tdaA u$\y\\kZ\,>f6\#\@G\ZE!3m3*vTy\'>\\\r>\-$H0\0\rQ\Q*&N(\Emrd;X\\\zQD@4dE\\\)\\\X\~/1k\s\\e}\ayF\mq=\Ddb\pj_xK\\[\"\\&^\'_\x\2\tHX\\0$q\~\0\n\P/y<\0R\0\'\q=\0s\\0\^\7	g|\`!/\=q\\)\#I{{ciza=}FAk\%\|+%\[\nI\%Y\\}\\toxGYce@8a\8\+\|]\6&\\k\] \<\0{?s\<{x\4pN\0-^$9OA\/A\\\!\j>\\f\na37\*=g\+j\Zh9\0XK\~WY\\\\ch\\;\*\O*\.\\fa_X%\5+XV\\f-4\x\OQq\v85Y\\!\;F^\\B9*O\\\k\u\\0:6\dkS\0hjb0I\\Oz\\\Mbx~3Mj#OFe|\@}Mg \5\ 2nQ\Q\^S\/\\z\\{;h!bF2O\?\?[SkX%-np{\0_fZ\n3\\NE\bx	\'hfVw~\\}>\?\A+\\z\\uK\'[YYch\0aC_6^\\_\nc=k\<#\\\\u\Wi1\ R\\\$:?(\T\'>x\\\\\s-O/\#k6AjK\Zel2\2B<?3\0P\_\S47\$p+ideix\\\Zu\\~X\HH,3\d\xK\QO3H&v\a]PJ\!\khZE\0\]z\T6\H\n\*\;RR\nC]Pd>aV\&,K\v\mn1\\\\\]4r\\ \\\=EzOH\,\s\}\\Z\\\:JS;O3WVm\^]\58\	?,\\?dr0\@u\ot\\	\=\E{>$i%UX\5|\0W6\\ucUB+N\\$kt\r`}\_\\Acsm[\	\<sx:\E\,tS\`\0t\t\\R\\~+\Dh\4g\\!##p=N~\+\\s\z&<JAa\>\Q:!\\\c\0Ju\g\p\\)%C\\\'\9\'\\<91	$\K\c\\\\Z7m`\\9\'LX\\!<\\+#?0h\iN\\iW\\\#\Hg\Um\0zi\\r^!,\\+\/\R\'T6M\\g_r)FW/[G\0\\0\,l\0\n~$~!M{k_z+g\0\\|\\\\z8\\'$$\\d5\\rf\C\do*p\\\\gJ\\K8,\\\.w5\\\\ma\F~n=\nC\n\xY\g;OD\\0+Ua~7W0O\*\\>\\\0Jjt\\b)D1&M&s]qd\)\\\/?pnj\HbnRE\\gf^h\]l/	\0Y\^.,\c\\\$\\+W\5]}\V\?%\$zl\~\\\\\EUeat{}:W)d\\MV!\@~}3zd\uk\rW\OC}\	\9\)N\Z6L\\CJc\0V\mL\[{\d\[\\0\A\'Zwb\\\oQ^_K\G\\A\r\l\aU8/\\+\ZD\ \\4[i\pv \\0wt!\\0P=@\Z\L\,\dn\Q\0\Zv:S7aq4Cm\\0jh\\%p+:V=\!o8\\	&\td{x&s\xA3+\|_\j~mbvx<sW%\Zi6\\2\\P\'\\`)O#\\LsM-\\5DK\d\\zT\<q<Q\rlm?{xo\'3L\\=\0\xj\VR\\\ebFO\'\0]=@\yRFwj] p$\\\\\onx\O\c\n`Z(<iI\}i\kl%!JM\]	K\rE]7ol1\L\$^?\\@\R$6y\J A6;Tk#\z5i\c\9x-<#\ke9t\\\<\n\u\Ue^\"Q/z\m\fhKh:>\\i%\\Z\\\v\\q8\_\\N\\\r>\jZm(CF\\pu:u\r:J\\vm\ex{\0v\=Ijv\\0\_u?*\"7k.\q}}LmX\u\ye\s\\\?A\^\f\0P{y/dmN6lGE\\<W[\P:z\\0	\#\	$\93\c\4\cWly3H:<U6s	V\lj\0\\\\}j\\\\Z5:NjI_QP^C{Z\7ROs-0PTy\Cwc%\r\\\}&\2eM6:\\\\0\8HR\\'8w\o_\v!RrG\n?\0\j\F\)=\Av\"#\0\R`\k>\\\n\0j\e\N8w=3\U\\\{g]PEu}Y\m2:y`\j2)R&\\QB\uV-\r^\EW\&zDsh5r\Le)?3\\(\\\\1]E$\kM#R\&YS\\0w?rn8l_\\	t_RmGG\0K{fu\dd$w*A\<QSH\<XET\n\0\0\\\a\=(DTg\rr\(\b\>vv\0/)aM\(\8:\\t(w\0I\+(8\"0r~8\ulKOF\0.\\Et\ZV7?(\\Etr\SvC^ReEWI\0\EtDnd*\$P\\g\EU\','image/jpeg','1',1,'ck1232','2017-02-28 22:54:22','ck1232','2017-02-28 22:54:22','N');
/*!40000 ALTER TABLE `product_image` ENABLE KEYS */;
UNLOCK TABLES;

--
-- Table structure for table `product_inventory`
--

DROP TABLE IF EXISTS `product_inventory`;
/*!40101 SET @saved_cs_client     = @@character_set_client */;
/*!40101 SET character_set_client = utf8 */;
CREATE TABLE `product_inventory` (
  `product_inventory_id` int(11) NOT NULL AUTO_INCREMENT,
  `product_suboption_rs_id` int(11) DEFAULT NULL,
  `transfer_from` int(11) DEFAULT NULL,
  `transfer_to` int(11) DEFAULT NULL,
  `plus_or_minus` bit(1) NOT NULL DEFAULT b'1',
  `qty` int(6) NOT NULL DEFAULT '0',
  `remarks` varchar(255) DEFAULT NULL,
  `unit_amt` decimal(8,2) DEFAULT NULL,
  `mode` varchar(255) DEFAULT NULL,
  `reference_id` int(11) DEFAULT NULL,
  `date` date NOT NULL,
  `delete_remarks` varchar(255) DEFAULT NULL,
  `version` int(5) NOT NULL DEFAULT '1',
  `created_by` varchar(255) NOT NULL,
  `created_on` datetime NOT NULL DEFAULT CURRENT_TIMESTAMP,
  `updated_by` varchar(255) NOT NULL,
  `updated_on` datetime NOT NULL DEFAULT CURRENT_TIMESTAMP,
  `delete_ind` char(1) NOT NULL DEFAULT 'N',
  PRIMARY KEY (`product_inventory_id`)
) ENGINE=InnoDB AUTO_INCREMENT=34 DEFAULT CHARSET=latin1;
/*!40101 SET character_set_client = @saved_cs_client */;

--
-- Dumping data for table `product_inventory`
--

LOCK TABLES `product_inventory` WRITE;
/*!40000 ALTER TABLE `product_inventory` DISABLE KEYS */;
INSERT INTO `product_inventory` VALUES (1,38,1,2,'',10,'abc',10.00,NULL,NULL,'2017-03-19',NULL,1,'','0000-00-00 00:00:00','','0000-00-00 00:00:00','N'),(2,38,1,2,'\0',10,'abc',10.00,NULL,NULL,'2017-03-19',NULL,1,'','0000-00-00 00:00:00','','0000-00-00 00:00:00','N'),(3,38,2,NULL,'',2,NULL,NULL,NULL,NULL,'2017-03-19',NULL,1,'','0000-00-00 00:00:00','','0000-00-00 00:00:00','N'),(4,38,2,NULL,'\0',2,NULL,NULL,NULL,NULL,'2017-03-19',NULL,1,'','0000-00-00 00:00:00','','0000-00-00 00:00:00','N'),(5,38,NULL,1,'',10,NULL,NULL,NULL,NULL,'2017-03-19',NULL,1,'','0000-00-00 00:00:00','','0000-00-00 00:00:00','N'),(6,41,NULL,2,'',2,NULL,NULL,'BATCH',23,'2017-03-19',NULL,1,'euphona','2017-01-16 22:25:56','euphona','2017-01-16 22:25:56','N'),(8,41,NULL,2,'\0',1,NULL,NULL,NULL,NULL,'2017-03-19',NULL,1,'euphona','2017-01-18 22:38:07','euphona','2017-01-18 22:38:07','N'),(10,41,NULL,2,'\0',2,NULL,NULL,NULL,NULL,'2017-03-19',NULL,1,'euphona','2017-01-18 22:44:31','euphona','2017-01-18 22:44:31','N'),(13,41,NULL,3,'',3,NULL,NULL,'BATCH',24,'2017-03-19',NULL,1,'euphona','2017-01-18 22:52:51','euphona','2017-01-18 22:52:51','N'),(14,41,NULL,2,'',2,NULL,NULL,'BATCH',25,'2017-03-19',NULL,1,'euphona','2017-01-18 23:03:59','euphona','2017-01-18 23:03:59','N'),(16,41,NULL,2,'\0',1,'old: 2, new: 1',NULL,'BATCH',25,'2017-03-19',NULL,1,'euphona','2017-01-18 23:04:47','euphona','2017-01-18 23:04:47','N'),(19,41,NULL,2,'\0',1,NULL,NULL,'BATCH',25,'2017-03-19',NULL,1,'euphona','2017-01-18 23:07:49','euphona','2017-01-18 23:07:49','N'),(30,41,NULL,2,'',10,NULL,NULL,'BATCH',25,'2017-03-19',NULL,1,'euphona','2017-01-19 20:36:50','euphona','2017-01-19 20:36:50','N'),(32,41,3,NULL,'\0',1,NULL,NULL,'BATCH',24,'2017-03-19',NULL,1,'euphona','2017-01-19 20:39:39','euphona','2017-01-19 20:39:39','N'),(33,41,2,NULL,'\0',10,NULL,NULL,'BATCH',25,'2017-03-19',NULL,1,'euphona','2017-01-19 20:39:39','euphona','2017-01-19 20:39:39','N');
/*!40000 ALTER TABLE `product_inventory` ENABLE KEYS */;
UNLOCK TABLES;

--
-- Table structure for table `product_option`
--

DROP TABLE IF EXISTS `product_option`;
/*!40101 SET @saved_cs_client     = @@character_set_client */;
/*!40101 SET character_set_client = utf8 */;
CREATE TABLE `product_option` (
  `product_option_id` int(11) NOT NULL AUTO_INCREMENT,
  `name` varchar(255) NOT NULL,
  `display_ind` char(1) NOT NULL DEFAULT 'N',
  `version` int(5) NOT NULL DEFAULT '1',
  `created_by` varchar(255) NOT NULL,
  `created_on` datetime NOT NULL DEFAULT CURRENT_TIMESTAMP,
  `updated_by` varchar(255) NOT NULL,
  `updated_on` datetime NOT NULL DEFAULT CURRENT_TIMESTAMP,
  `delete_ind` char(1) NOT NULL DEFAULT 'N',
  PRIMARY KEY (`product_option_id`)
) ENGINE=InnoDB AUTO_INCREMENT=27 DEFAULT CHARSET=latin1;
/*!40101 SET character_set_client = @saved_cs_client */;

--
-- Dumping data for table `product_option`
--

LOCK TABLES `product_option` WRITE;
/*!40000 ALTER TABLE `product_option` DISABLE KEYS */;
INSERT INTO `product_option` VALUES (1,'Color','1',0,'','0000-00-00 00:00:00','','0000-00-00 00:00:00','N'),(2,'Color','1',0,'','0000-00-00 00:00:00','','0000-00-00 00:00:00','N'),(3,'Color','1',0,'','0000-00-00 00:00:00','','0000-00-00 00:00:00','N'),(4,'Type','1',0,'','0000-00-00 00:00:00','','0000-00-00 00:00:00','N'),(5,'Type','1',0,'','0000-00-00 00:00:00','','0000-00-00 00:00:00','N'),(6,'Type','1',0,'','0000-00-00 00:00:00','','0000-00-00 00:00:00','N'),(9,'No Option','1',0,'','0000-00-00 00:00:00','','0000-00-00 00:00:00','N'),(16,'testck','1',1,'euphona','2016-12-05 23:21:28','euphona','2016-12-05 23:21:28','N'),(17,'testck','1',1,'euphona','2016-12-05 23:21:28','euphona','2016-12-05 23:21:28','N'),(18,'testck','1',1,'euphona','2016-12-05 23:21:28','euphona','2016-12-05 23:21:28','N'),(19,'it works32','1',1,'euphona','2016-12-05 23:25:16','euphona','2016-12-05 23:25:16','N'),(20,'it works32','1',1,'euphona','2016-12-05 23:25:16','euphona','2016-12-05 23:25:16','N'),(21,'it works32','1',1,'euphona','2016-12-05 23:25:16','euphona','2016-12-05 23:25:16','N'),(22,'ckbehbeh','1',2,'euphona','2016-12-20 22:36:35','euphona','2016-12-20 22:36:52','N'),(23,'kns','1',1,'ck1232','2016-12-26 15:22:42','ck1232','2016-12-26 15:22:42','N'),(24,'Memory','1',1,'ck1232','2016-12-26 17:17:01','ck1232','2016-12-26 17:17:01','N'),(25,'Color','1',1,'ck1232','2016-12-26 17:49:00','ck1232','2016-12-26 17:49:00','N'),(26,'Memory','1',1,'ck1232','2016-12-26 17:49:00','ck1232','2016-12-26 17:49:00','N');
/*!40000 ALTER TABLE `product_option` ENABLE KEYS */;
UNLOCK TABLES;

--
-- Table structure for table `product_specification`
--

DROP TABLE IF EXISTS `product_specification`;
/*!40101 SET @saved_cs_client     = @@character_set_client */;
/*!40101 SET character_set_client = utf8 */;
CREATE TABLE `product_specification` (
  `product_specification_id` int(11) NOT NULL AUTO_INCREMENT,
  `product_id` int(11) NOT NULL,
  `content` longtext,
  `version` int(5) NOT NULL DEFAULT '1',
  `created_by` varchar(255) NOT NULL,
  `created_on` datetime NOT NULL DEFAULT CURRENT_TIMESTAMP,
  `updated_by` varchar(255) NOT NULL,
  `updated_on` datetime NOT NULL DEFAULT CURRENT_TIMESTAMP,
  `delete_ind` char(1) NOT NULL DEFAULT 'N',
  PRIMARY KEY (`product_specification_id`)
) ENGINE=InnoDB AUTO_INCREMENT=20 DEFAULT CHARSET=latin1;
/*!40101 SET character_set_client = @saved_cs_client */;

--
-- Dumping data for table `product_specification`
--

LOCK TABLES `product_specification` WRITE;
/*!40000 ALTER TABLE `product_specification` DISABLE KEYS */;
INSERT INTO `product_specification` VALUES (11,17,'<p>sddsad</p>\r\n',0,'ck1232','2016-12-26 17:17:01','ck1232','2016-12-26 17:17:01','N'),(12,18,'<p>dasdas</p>\r\n',0,'ck1232','2016-12-26 17:17:01','ck1232','2016-12-26 17:17:01','N'),(13,19,'<p>asdas123</p>\r\n',0,'ck1232','2016-12-26 17:17:01','ck1232','2016-12-26 17:17:01','N'),(14,20,'<p>asdas</p>\r\n',0,'ck1232','2016-12-26 17:17:01','ck1232','2016-12-26 17:17:01','N'),(15,21,'<p>asdas1</p>\r\n',0,'ck1232','2016-12-26 17:17:01','ck1232','2016-12-26 17:17:01','N'),(16,22,'<p>dasdas</p>\r\n',0,'ck1232','2016-12-26 17:17:01','ck1232','2016-12-26 17:17:01','N'),(17,23,'<p>Ck is shit</p>\r\n',0,'ck1232','2016-12-26 17:17:01','ck1232','2016-12-26 17:17:01','N'),(18,24,'<p>iphone lo</p>\r\n',1,'ck1232','2016-12-26 17:17:01','ck1232','2016-12-26 17:17:01','N'),(19,25,'',1,'ck1232','2017-02-28 22:29:59','ck1232','2017-02-28 22:29:59','N');
/*!40000 ALTER TABLE `product_specification` ENABLE KEYS */;
UNLOCK TABLES;

--
-- Table structure for table `product_sub_category`
--

DROP TABLE IF EXISTS `product_sub_category`;
/*!40101 SET @saved_cs_client     = @@character_set_client */;
/*!40101 SET character_set_client = utf8 */;
CREATE TABLE `product_sub_category` (
  `sub_category_id` int(11) NOT NULL AUTO_INCREMENT,
  `name` varchar(255) NOT NULL,
  `category_id` int(11) NOT NULL,
  `display_ind` char(1) NOT NULL DEFAULT 'Y',
  `version` int(5) NOT NULL DEFAULT '1',
  `created_by` varchar(255) NOT NULL,
  `created_on` datetime NOT NULL DEFAULT CURRENT_TIMESTAMP,
  `updated_by` varchar(255) NOT NULL,
  `updated_on` datetime NOT NULL DEFAULT CURRENT_TIMESTAMP,
  `delete_ind` char(1) NOT NULL DEFAULT 'N',
  PRIMARY KEY (`sub_category_id`)
) ENGINE=InnoDB AUTO_INCREMENT=9 DEFAULT CHARSET=latin1;
/*!40101 SET character_set_client = @saved_cs_client */;

--
-- Dumping data for table `product_sub_category`
--

LOCK TABLES `product_sub_category` WRITE;
/*!40000 ALTER TABLE `product_sub_category` DISABLE KEYS */;
INSERT INTO `product_sub_category` VALUES (1,'Light Bulbs',1,'Y',0,'','0000-00-00 00:00:00','','0000-00-00 00:00:00','Y'),(2,'Light Bulbs',1,'Y',0,'','0000-00-00 00:00:00','','0000-00-00 00:00:00','N'),(3,'test1',3,'Y',0,'','0000-00-00 00:00:00','','0000-00-00 00:00:00','N'),(4,'test2',3,'Y',0,'','0000-00-00 00:00:00','','0000-00-00 00:00:00','N'),(5,'test3',3,'Y',0,'','0000-00-00 00:00:00','','0000-00-00 00:00:00','N'),(6,'lamp',4,'Y',0,'','0000-00-00 00:00:00','','0000-00-00 00:00:00','Y'),(7,'lamp',4,'Y',0,'','0000-00-00 00:00:00','','0000-00-00 00:00:00','Y'),(8,'lamp',4,'Y',1,'euphona','2017-06-08 21:14:07','euphona','2017-06-08 21:25:13','N');
/*!40000 ALTER TABLE `product_sub_category` ENABLE KEYS */;
UNLOCK TABLES;

--
-- Table structure for table `product_suboption`
--

DROP TABLE IF EXISTS `product_suboption`;
/*!40101 SET @saved_cs_client     = @@character_set_client */;
/*!40101 SET character_set_client = utf8 */;
CREATE TABLE `product_suboption` (
  `product_suboption_id` int(11) NOT NULL AUTO_INCREMENT,
  `product_id` int(11) NOT NULL,
  `product_option_id` int(11) NOT NULL,
  `name` varchar(255) NOT NULL,
  `display_ind` char(1) NOT NULL DEFAULT 'Y',
  `code` varchar(10) NOT NULL,
  `version` int(5) NOT NULL DEFAULT '1',
  `created_by` varchar(255) NOT NULL,
  `created_on` datetime NOT NULL DEFAULT CURRENT_TIMESTAMP,
  `updated_by` varchar(255) NOT NULL,
  `updated_on` datetime NOT NULL DEFAULT CURRENT_TIMESTAMP,
  `delete_ind` char(1) NOT NULL DEFAULT 'N',
  PRIMARY KEY (`product_suboption_id`)
) ENGINE=InnoDB AUTO_INCREMENT=50 DEFAULT CHARSET=latin1;
/*!40101 SET character_set_client = @saved_cs_client */;

--
-- Dumping data for table `product_suboption`
--

LOCK TABLES `product_suboption` WRITE;
/*!40000 ALTER TABLE `product_suboption` DISABLE KEYS */;
INSERT INTO `product_suboption` VALUES (10,17,0,'1','1','1',1,'ck1232','2016-11-23 22:02:03','ck1232','2016-11-23 22:02:03','N'),(11,18,0,'1','1','1',1,'ck1232','2016-11-23 22:22:19','ck1232','2016-11-23 22:22:19','N'),(12,19,1,'1','1','1',1,'ck1232','2016-11-25 23:31:34','ck1232','2016-11-25 23:31:34','N'),(13,21,1,'1','1','1',1,'ck1232','2016-11-25 23:28:44','ck1232','2016-11-25 23:28:44','N'),(14,21,1,'2','1','1',1,'ck1232','2016-11-25 23:28:44','ck1232','2016-11-25 23:28:44','N'),(15,22,4,'1','1','1',1,'ck1232','2016-11-25 23:41:34','ck1232','2016-11-25 23:41:34','Y'),(16,22,2,'1','0','1',1,'ck1232','2016-11-25 23:41:34','ck1232','2016-11-25 23:41:34','Y'),(17,22,2,'2','1','1',1,'ck1232','2016-11-25 23:41:34','ck1232','2016-11-25 23:41:34','Y'),(18,22,2,'123','0','1',1,'ck1232','2016-11-25 23:41:34','ck1232','2016-11-25 23:41:34','Y'),(19,22,4,'1','0','1',1,'ck1232','2016-11-25 23:41:34','ck1232','2016-11-25 23:41:34','Y'),(20,22,6,'1','1','1',1,'ck1232','2016-11-25 23:41:34','euphona','2017-02-22 22:15:37','N'),(21,23,6,'Long','1','Long',1,'euphona','2016-11-27 13:34:19','ck1232','2017-02-26 23:21:14','N'),(22,23,6,'Short','1','Short',1,'euphona','2016-11-27 13:34:19','ck1232','2017-02-26 23:21:14','N'),(23,23,6,'Round','1','Round',1,'euphona','2016-11-27 13:34:19','ck1232','2017-02-26 23:21:14','N'),(24,23,6,'Square','1','Square',1,'euphona','2016-11-27 13:34:19','ck1232','2017-02-26 23:21:14','N'),(25,23,6,'Rectangle','1','tangle',1,'euphona','2016-11-27 13:34:19','ck1232','2017-02-26 23:21:14','N'),(26,23,6,'Pentagon','1','ntagon',1,'euphona','2016-11-27 13:34:19','ck1232','2017-02-26 23:21:14','N'),(27,23,25,'white','1','white',1,'euphona','2016-11-27 13:34:19','ck1232','2017-02-26 23:21:14','N'),(28,23,25,'red','1','red',1,'euphona','2016-11-27 13:34:19','ck1232','2017-02-26 23:21:14','N'),(29,23,25,'yellow','1','yellow',1,'euphona','2016-11-27 13:34:19','ck1232','2017-02-26 23:21:14','N'),(30,23,25,'blue','1','blue',1,'euphona','2016-11-27 13:34:19','ck1232','2017-02-26 23:21:14','N'),(31,23,25,'green','1','green',1,'euphona','2016-11-27 13:34:19','ck1232','2017-02-26 23:21:14','N'),(32,23,25,'pink','1','pink',1,'euphona','2016-11-27 13:34:19','ck1232','2017-02-26 23:21:14','N'),(34,24,25,'Rose gold','1','Rgold',1,'ck1232','2016-12-26 17:17:01','ck1232','2017-02-26 23:20:46','N'),(35,24,25,'Silver','1','Silver',1,'ck1232','2016-12-26 17:17:01','ck1232','2017-02-26 23:20:46','N'),(36,24,25,'Space Grey','1','SGrey',1,'ck1232','2016-12-26 17:17:01','ck1232','2017-02-26 23:20:46','N'),(37,24,25,'Black','1','Black',1,'ck1232','2016-12-26 17:17:01','ck1232','2017-02-26 23:20:46','N'),(41,24,26,'16 gb','1','16gb',1,'ck1232','2016-12-26 17:21:24','ck1232','2017-02-26 23:20:46','N'),(42,24,26,'64 gb','1','64gb',1,'ck1232','2016-12-26 17:21:24','ck1232','2017-02-26 23:20:46','N'),(43,24,26,'128 gb','1','128gb',1,'ck1232','2016-12-26 17:21:24','ck1232','2017-02-26 23:20:46','N'),(44,25,0,'123','1','123',1,'ck1232','2017-02-28 22:29:59','ck1232','2017-02-28 22:29:59','Y'),(45,25,25,'red','1','red',1,'ck1232','2017-02-28 22:39:07','ck1232','2017-02-28 22:54:21','N'),(46,25,25,'blue','1','blue',1,'ck1232','2017-02-28 22:39:07','ck1232','2017-02-28 22:54:21','N'),(47,25,26,'16GB','1','16GB',1,'ck1232','2017-02-28 22:40:48','ck1232','2017-02-28 22:40:48','Y'),(48,25,26,'32GB','1','32GB',1,'ck1232','2017-02-28 22:40:48','ck1232','2017-02-28 22:40:48','Y'),(49,25,26,'1','1','1',1,'ck1232','2017-02-28 22:54:21','ck1232','2017-02-28 22:54:21','N');
/*!40000 ALTER TABLE `product_suboption` ENABLE KEYS */;
UNLOCK TABLES;

--
-- Table structure for table `product_suboption_rs`
--

DROP TABLE IF EXISTS `product_suboption_rs`;
/*!40101 SET @saved_cs_client     = @@character_set_client */;
/*!40101 SET character_set_client = utf8 */;
CREATE TABLE `product_suboption_rs` (
  `product_suboption_rs_id` int(11) NOT NULL AUTO_INCREMENT,
  `product_id` int(11) NOT NULL,
  `suboption1_id` int(11) DEFAULT NULL,
  `suboption2_id` int(11) DEFAULT NULL,
  `suboption3_id` int(11) DEFAULT NULL,
  `version` int(5) NOT NULL DEFAULT '1',
  `created_by` varchar(255) NOT NULL,
  `created_on` datetime NOT NULL DEFAULT CURRENT_TIMESTAMP,
  `updated_by` varchar(255) NOT NULL,
  `updated_on` datetime NOT NULL DEFAULT CURRENT_TIMESTAMP,
  `delete_ind` char(1) NOT NULL DEFAULT 'N',
  PRIMARY KEY (`product_suboption_rs_id`)
) ENGINE=InnoDB AUTO_INCREMENT=132 DEFAULT CHARSET=latin1;
/*!40101 SET character_set_client = @saved_cs_client */;

--
-- Dumping data for table `product_suboption_rs`
--

LOCK TABLES `product_suboption_rs` WRITE;
/*!40000 ALTER TABLE `product_suboption_rs` DISABLE KEYS */;
INSERT INTO `product_suboption_rs` VALUES (38,24,35,41,NULL,1,'ck1232','2016-12-26 17:31:28','ck1232','2016-12-26 17:31:28','N'),(39,24,35,42,NULL,1,'ck1232','2016-12-26 17:36:35','ck1232','2016-12-26 17:36:35','N'),(41,22,20,NULL,NULL,1,'euphona','2016-12-30 15:14:39','euphona','2016-12-30 15:14:39','N'),(52,24,34,41,NULL,1,'euphona','2017-02-22 22:14:59','euphona','2017-02-22 22:14:59','N'),(53,24,36,41,NULL,1,'euphona','2017-02-22 22:14:59','euphona','2017-02-22 22:14:59','N'),(54,24,37,41,NULL,1,'euphona','2017-02-22 22:14:59','euphona','2017-02-22 22:14:59','N'),(55,24,34,42,NULL,1,'euphona','2017-02-22 22:14:59','euphona','2017-02-22 22:14:59','N'),(56,24,36,42,NULL,1,'euphona','2017-02-22 22:14:59','euphona','2017-02-22 22:14:59','N'),(57,24,37,42,NULL,1,'euphona','2017-02-22 22:14:59','euphona','2017-02-22 22:14:59','N'),(58,24,34,43,NULL,1,'euphona','2017-02-22 22:14:59','euphona','2017-02-22 22:14:59','N'),(59,24,35,43,NULL,1,'euphona','2017-02-22 22:14:59','euphona','2017-02-22 22:14:59','N'),(60,24,36,43,NULL,1,'euphona','2017-02-22 22:14:59','euphona','2017-02-22 22:14:59','N'),(61,24,37,43,NULL,1,'euphona','2017-02-22 22:14:59','euphona','2017-02-22 22:14:59','N'),(88,23,21,27,NULL,1,'ck1232','2017-02-26 23:20:54','ck1232','2017-02-26 23:20:54','N'),(89,23,22,27,NULL,1,'ck1232','2017-02-26 23:20:54','ck1232','2017-02-26 23:20:54','N'),(90,23,23,27,NULL,1,'ck1232','2017-02-26 23:20:54','ck1232','2017-02-26 23:20:54','N'),(91,23,24,27,NULL,1,'ck1232','2017-02-26 23:20:54','ck1232','2017-02-26 23:20:54','N'),(92,23,25,27,NULL,1,'ck1232','2017-02-26 23:20:54','ck1232','2017-02-26 23:20:54','N'),(93,23,26,27,NULL,1,'ck1232','2017-02-26 23:20:54','ck1232','2017-02-26 23:20:54','N'),(94,23,21,28,NULL,1,'ck1232','2017-02-26 23:20:54','ck1232','2017-02-26 23:20:54','N'),(95,23,22,28,NULL,1,'ck1232','2017-02-26 23:20:54','ck1232','2017-02-26 23:20:54','N'),(96,23,23,28,NULL,1,'ck1232','2017-02-26 23:20:54','ck1232','2017-02-26 23:20:54','N'),(97,23,24,28,NULL,1,'ck1232','2017-02-26 23:20:54','ck1232','2017-02-26 23:20:54','N'),(98,23,25,28,NULL,1,'ck1232','2017-02-26 23:20:54','ck1232','2017-02-26 23:20:54','N'),(99,23,26,28,NULL,1,'ck1232','2017-02-26 23:20:54','ck1232','2017-02-26 23:20:54','N'),(100,23,21,29,NULL,1,'ck1232','2017-02-26 23:20:54','ck1232','2017-02-26 23:20:54','N'),(101,23,22,29,NULL,1,'ck1232','2017-02-26 23:20:54','ck1232','2017-02-26 23:20:54','N'),(102,23,23,29,NULL,1,'ck1232','2017-02-26 23:20:54','ck1232','2017-02-26 23:20:54','N'),(103,23,24,29,NULL,1,'ck1232','2017-02-26 23:20:54','ck1232','2017-02-26 23:20:54','N'),(104,23,25,29,NULL,1,'ck1232','2017-02-26 23:20:54','ck1232','2017-02-26 23:20:54','N'),(105,23,26,29,NULL,1,'ck1232','2017-02-26 23:20:54','ck1232','2017-02-26 23:20:54','N'),(106,23,21,30,NULL,1,'ck1232','2017-02-26 23:20:54','ck1232','2017-02-26 23:20:54','N'),(107,23,22,30,NULL,1,'ck1232','2017-02-26 23:20:54','ck1232','2017-02-26 23:20:54','N'),(108,23,23,30,NULL,1,'ck1232','2017-02-26 23:20:54','ck1232','2017-02-26 23:20:54','N'),(109,23,24,30,NULL,1,'ck1232','2017-02-26 23:20:54','ck1232','2017-02-26 23:20:54','N'),(110,23,25,30,NULL,1,'ck1232','2017-02-26 23:20:54','ck1232','2017-02-26 23:20:54','N'),(111,23,26,30,NULL,1,'ck1232','2017-02-26 23:20:54','ck1232','2017-02-26 23:20:54','N'),(112,23,21,31,NULL,1,'ck1232','2017-02-26 23:20:54','ck1232','2017-02-26 23:20:54','N'),(113,23,22,31,NULL,1,'ck1232','2017-02-26 23:20:54','ck1232','2017-02-26 23:20:54','N'),(114,23,23,31,NULL,1,'ck1232','2017-02-26 23:20:54','ck1232','2017-02-26 23:20:54','N'),(115,23,24,31,NULL,1,'ck1232','2017-02-26 23:20:54','ck1232','2017-02-26 23:20:54','N'),(116,23,25,31,NULL,1,'ck1232','2017-02-26 23:20:54','ck1232','2017-02-26 23:20:54','N'),(117,23,26,31,NULL,1,'ck1232','2017-02-26 23:20:54','ck1232','2017-02-26 23:20:54','N'),(118,23,21,32,NULL,1,'ck1232','2017-02-26 23:20:54','ck1232','2017-02-26 23:20:54','N'),(119,23,22,32,NULL,1,'ck1232','2017-02-26 23:20:54','ck1232','2017-02-26 23:20:54','N'),(120,23,23,32,NULL,1,'ck1232','2017-02-26 23:20:54','ck1232','2017-02-26 23:20:54','N'),(121,23,24,32,NULL,1,'ck1232','2017-02-26 23:20:54','ck1232','2017-02-26 23:20:54','N'),(122,23,25,32,NULL,1,'ck1232','2017-02-26 23:20:54','ck1232','2017-02-26 23:20:54','N'),(123,23,26,32,NULL,1,'ck1232','2017-02-26 23:20:54','ck1232','2017-02-26 23:20:54','N'),(130,25,45,49,NULL,1,'ck1232','2017-02-28 22:54:21','ck1232','2017-02-28 22:54:21','N'),(131,25,46,49,NULL,1,'ck1232','2017-02-28 22:54:21','ck1232','2017-02-28 22:54:21','N');
/*!40000 ALTER TABLE `product_suboption_rs` ENABLE KEYS */;
UNLOCK TABLES;

--
-- Table structure for table `product_tags`
--

DROP TABLE IF EXISTS `product_tags`;
/*!40101 SET @saved_cs_client     = @@character_set_client */;
/*!40101 SET character_set_client = utf8 */;
CREATE TABLE `product_tags` (
  `tags_id` int(11) NOT NULL AUTO_INCREMENT,
  `name` varchar(255) NOT NULL,
  `product_id` int(11) NOT NULL,
  `version` int(5) NOT NULL DEFAULT '1',
  `created_by` varchar(255) NOT NULL,
  `created_on` datetime NOT NULL DEFAULT CURRENT_TIMESTAMP,
  `updated_by` varchar(255) NOT NULL,
  `updated_on` datetime NOT NULL DEFAULT CURRENT_TIMESTAMP,
  `delete_ind` char(1) NOT NULL DEFAULT 'N',
  PRIMARY KEY (`tags_id`)
) ENGINE=InnoDB AUTO_INCREMENT=7 DEFAULT CHARSET=latin1;
/*!40101 SET character_set_client = @saved_cs_client */;

--
-- Dumping data for table `product_tags`
--

LOCK TABLES `product_tags` WRITE;
/*!40000 ALTER TABLE `product_tags` DISABLE KEYS */;
INSERT INTO `product_tags` VALUES (1,'23',30,1,'ck1232','2016-12-05 12:49:25','ck1232','2016-12-05 12:49:25','N'),(2,'fsd',30,1,'ck1232','2016-12-05 13:06:33','ck1232','2016-12-05 13:06:33','Y'),(3,'testing',30,1,'ck1232','2016-12-05 13:06:33','ck1232','2016-12-05 13:06:33','N'),(4,'iphone',24,1,'ck1232','2016-12-26 17:17:01','ck1232','2016-12-26 17:17:01','N'),(5,'apple',24,1,'ck1232','2016-12-26 17:17:01','ck1232','2016-12-26 17:17:01','N'),(6,'12',25,1,'ck1232','2017-02-28 22:29:59','ck1232','2017-02-28 22:29:59','N');
/*!40000 ALTER TABLE `product_tags` ENABLE KEYS */;
UNLOCK TABLES;

--
-- Table structure for table `promotion`
--

DROP TABLE IF EXISTS `promotion`;
/*!40101 SET @saved_cs_client     = @@character_set_client */;
/*!40101 SET character_set_client = utf8 */;
CREATE TABLE `promotion` (
  `promotion_id` int(11) NOT NULL AUTO_INCREMENT,
  `promotion_name` varchar(255) NOT NULL,
  `promotion_message` mediumtext,
  `promotion_start_date` datetime DEFAULT NULL,
  `promotion_end_date` datetime DEFAULT NULL,
  `is_active` char(1) NOT NULL DEFAULT 'Y',
  `version` int(5) NOT NULL DEFAULT '1',
  `created_by` varchar(255) NOT NULL,
  `created_on` datetime NOT NULL DEFAULT CURRENT_TIMESTAMP,
  `updated_by` varchar(255) NOT NULL,
  `updated_on` datetime NOT NULL DEFAULT CURRENT_TIMESTAMP,
  `delete_ind` char(1) NOT NULL DEFAULT 'N',
  PRIMARY KEY (`promotion_id`)
) ENGINE=InnoDB AUTO_INCREMENT=8 DEFAULT CHARSET=latin1;
/*!40101 SET character_set_client = @saved_cs_client */;

--
-- Dumping data for table `promotion`
--

LOCK TABLES `promotion` WRITE;
/*!40000 ALTER TABLE `promotion` DISABLE KEYS */;
INSERT INTO `promotion` VALUES (1,'name','message','2016-05-10 00:00:00','2016-12-10 00:00:00','1',0,'','0000-00-00 00:00:00','','0000-00-00 00:00:00','N'),(2,'name','message','2016-10-04 00:00:00','2016-10-06 00:00:00','1',0,'','0000-00-00 00:00:00','','0000-00-00 00:00:00','N'),(3,'c','k','2016-10-31 00:00:00','2016-10-31 00:00:00','1',0,'','0000-00-00 00:00:00','','0000-00-00 00:00:00','N'),(4,'name','message',NULL,NULL,'1',0,'','0000-00-00 00:00:00','','0000-00-00 00:00:00','Y'),(5,'ck','ck','2016-11-09 19:29:00','2016-11-12 22:16:00','1',0,'','0000-00-00 00:00:00','','0000-00-00 00:00:00','N'),(6,'csdfs','c','2016-11-01 05:00:00','2016-11-30 06:00:00','0',0,'','0000-00-00 00:00:00','','0000-00-00 00:00:00','N'),(7,'a','a','2016-11-19 00:00:00','2016-11-19 23:59:00','1',1,'euphona','2016-11-19 00:18:40','euphona','2016-11-19 00:18:40','N');
/*!40000 ALTER TABLE `promotion` ENABLE KEYS */;
UNLOCK TABLES;

--
-- Table structure for table `role`
--

DROP TABLE IF EXISTS `role`;
/*!40101 SET @saved_cs_client     = @@character_set_client */;
/*!40101 SET character_set_client = utf8 */;
CREATE TABLE `role` (
  `role_id` int(11) NOT NULL AUTO_INCREMENT,
  `name` varchar(255) NOT NULL,
  `version` int(5) NOT NULL DEFAULT '1',
  `created_by` varchar(255) NOT NULL,
  `created_on` datetime NOT NULL DEFAULT CURRENT_TIMESTAMP,
  `updated_by` varchar(255) NOT NULL,
  `updated_on` datetime NOT NULL DEFAULT CURRENT_TIMESTAMP,
  `delete_ind` char(1) NOT NULL DEFAULT 'N',
  PRIMARY KEY (`role_id`)
) ENGINE=InnoDB AUTO_INCREMENT=8 DEFAULT CHARSET=latin1;
/*!40101 SET character_set_client = @saved_cs_client */;

--
-- Dumping data for table `role`
--

LOCK TABLES `role` WRITE;
/*!40000 ALTER TABLE `role` DISABLE KEYS */;
INSERT INTO `role` VALUES (1,'ADMIN',0,'','0000-00-00 00:00:00','','0000-00-00 00:00:00','N'),(2,'MODULE_MGR',0,'','0000-00-00 00:00:00','','0000-00-00 00:00:00','N'),(5,'ROLE_ADMIN',0,'','0000-00-00 00:00:00','','0000-00-00 00:00:00','N'),(6,'PRODUCT_MGR',0,'','0000-00-00 00:00:00','','0000-00-00 00:00:00','N'),(7,'PROMOTION_MGR',0,'','0000-00-00 00:00:00','','0000-00-00 00:00:00','N');
/*!40000 ALTER TABLE `role` ENABLE KEYS */;
UNLOCK TABLES;

--
-- Table structure for table `standardtemplate`
--

DROP TABLE IF EXISTS `standardtemplate`;
/*!40101 SET @saved_cs_client     = @@character_set_client */;
/*!40101 SET character_set_client = utf8 */;
CREATE TABLE `standardtemplate` (
  `module_id` int(11) NOT NULL AUTO_INCREMENT,
  `module_name` varchar(255) NOT NULL,
  `icon` varchar(45) DEFAULT NULL,
  `version` int(5) NOT NULL DEFAULT '1',
  `created_by` varchar(255) NOT NULL,
  `created_on` datetime NOT NULL DEFAULT CURRENT_TIMESTAMP,
  `updated_by` varchar(255) NOT NULL,
  `updated_on` datetime NOT NULL DEFAULT CURRENT_TIMESTAMP,
  `delete_ind` char(1) NOT NULL DEFAULT 'N',
  PRIMARY KEY (`module_id`)
) ENGINE=InnoDB DEFAULT CHARSET=latin1;
/*!40101 SET character_set_client = @saved_cs_client */;

--
-- Dumping data for table `standardtemplate`
--

LOCK TABLES `standardtemplate` WRITE;
/*!40000 ALTER TABLE `standardtemplate` DISABLE KEYS */;
/*!40000 ALTER TABLE `standardtemplate` ENABLE KEYS */;
UNLOCK TABLES;

--
-- Table structure for table `storage_location`
--

DROP TABLE IF EXISTS `storage_location`;
/*!40101 SET @saved_cs_client     = @@character_set_client */;
/*!40101 SET character_set_client = utf8 */;
CREATE TABLE `storage_location` (
  `location_id` int(11) NOT NULL AUTO_INCREMENT,
  `name` varchar(255) NOT NULL,
  `address` varchar(255) DEFAULT NULL,
  `postal_code` int(8) DEFAULT NULL,
  `version` int(5) NOT NULL DEFAULT '1',
  `created_by` varchar(255) NOT NULL,
  `created_on` datetime NOT NULL DEFAULT CURRENT_TIMESTAMP,
  `updated_by` varchar(255) NOT NULL,
  `updated_on` datetime NOT NULL DEFAULT CURRENT_TIMESTAMP,
  `delete_ind` char(1) NOT NULL DEFAULT 'N',
  PRIMARY KEY (`location_id`)
) ENGINE=InnoDB AUTO_INCREMENT=4 DEFAULT CHARSET=latin1;
/*!40101 SET character_set_client = @saved_cs_client */;

--
-- Dumping data for table `storage_location`
--

LOCK TABLES `storage_location` WRITE;
/*!40000 ALTER TABLE `storage_location` DISABLE KEYS */;
INSERT INTO `storage_location` VALUES (1,'Warehouse 1','Tampines',123456,1,'euphona','2016-12-05 23:08:35','euphona','2016-12-05 23:08:35','N'),(2,'Warehouse 2','Bedok',234567,1,'euphona','2016-12-05 23:08:35','euphona','2016-12-05 23:08:35','N'),(3,'Warehouse 3','Queenstown',345678,1,'euphona','2016-12-05 23:08:35','euphona','2016-12-05 23:08:35','N');
/*!40000 ALTER TABLE `storage_location` ENABLE KEYS */;
UNLOCK TABLES;

--
-- Table structure for table `submodule`
--

DROP TABLE IF EXISTS `submodule`;
/*!40101 SET @saved_cs_client     = @@character_set_client */;
/*!40101 SET character_set_client = utf8 */;
CREATE TABLE `submodule` (
  `submodule_id` int(11) NOT NULL AUTO_INCREMENT,
  `parent_id` int(11) DEFAULT NULL,
  `name` varchar(255) NOT NULL,
  `icon` varchar(45) DEFAULT NULL,
  `url` varchar(255) DEFAULT NULL,
  `version` int(5) NOT NULL DEFAULT '1',
  `created_by` varchar(255) NOT NULL,
  `created_on` datetime NOT NULL DEFAULT CURRENT_TIMESTAMP,
  `updated_by` varchar(255) NOT NULL,
  `updated_on` datetime NOT NULL DEFAULT CURRENT_TIMESTAMP,
  `delete_ind` char(1) NOT NULL DEFAULT 'N',
  PRIMARY KEY (`submodule_id`)
) ENGINE=InnoDB AUTO_INCREMENT=42 DEFAULT CHARSET=latin1;
/*!40101 SET character_set_client = @saved_cs_client */;

--
-- Dumping data for table `submodule`
--

LOCK TABLES `submodule` WRITE;
/*!40000 ALTER TABLE `submodule` DISABLE KEYS */;
INSERT INTO `submodule` VALUES (1,1,'User Management','fa-users','admin/listUser',0,'','0000-00-00 00:00:00','','0000-00-00 00:00:00','N'),(2,1,'Module Management','fa-users','admin/listModule',0,'','0000-00-00 00:00:00','','0000-00-00 00:00:00','N'),(21,1,'Role Management','fa-users','admin/listRole',0,'','0000-00-00 00:00:00','','0000-00-00 00:00:00','N'),(22,1,'Permission Management','fa-users','admin/listPermission',0,'','0000-00-00 00:00:00','','0000-00-00 00:00:00','N'),(24,5,'Category Management','fa-users','product/category/listProductCategory',0,'','0000-00-00 00:00:00','','0000-00-00 00:00:00','N'),(26,5,'Product Management','fa-users','product/product/listProduct',0,'','0000-00-00 00:00:00','','0000-00-00 00:00:00','N'),(28,6,'Promotion Management','fa-users','product/promotion/listPromotion',0,'','0000-00-00 00:00:00','','0000-00-00 00:00:00','N'),(29,6,'Discount Management','fa-users','product/discount/listDiscount',0,'','0000-00-00 00:00:00','','0000-00-00 00:00:00','N'),(30,5,'Product Option Management','fa-users','product/option/listProductOption',0,'','0000-00-00 00:00:00','','0000-00-00 00:00:00','N'),(31,7,'Customer Management','fa-users','customer/listCustomer',1,'euphona','2016-11-15 21:24:32','euphona','2016-11-15 21:24:32','N'),(32,8,'Batch Management','fa-users','/batchintake/listBatchIntake',1,'euphona','2016-11-26 20:12:21','euphona','2016-11-26 20:12:21','N'),(33,9,'Inventory Management','fa-users','/inventory/listInventoryProduct',1,'euphona','2017-01-05 21:17:37','euphona','2017-01-05 21:17:56','N'),(34,9,'Inventory History Management','fa-users','inventoryhistory/listInventoryHistory',1,'euphona','2017-01-20 22:17:50','euphona','2017-01-21 08:30:20','N'),(35,10,'Demo Management','fa-users','/demo/listProduct',1,'euphona','2017-02-25 16:40:36','euphona','2017-02-25 16:40:36','N'),(36,11,'Invoice Management','fa-users','invoice/listInvoice',1,'euphona','2017-02-27 10:32:34','euphona','2017-02-27 10:32:34','N'),(37,12,'Expense Management','fa-users','expense/listExpense',1,'euphona','2017-03-05 15:48:12','euphona','2017-03-05 15:48:12','N'),(38,13,'Salary & Bonus Management','fa-users','salarybonus/listSalaryBonus',1,'euphona','2017-03-11 10:53:23','euphona','2017-03-11 22:42:52','N'),(39,14,'Employee Management','fa-users','employee/listEmployee',1,'euphona','2017-03-12 17:45:08','euphona','2017-03-12 17:45:08','N'),(40,15,'Cheque Management','fa-users','cheque/listCheque',1,'euphona','2017-04-05 21:46:51','euphona','2017-04-05 21:46:51','N'),(41,16,'Report Management','fa-users','report/viewReportGen',1,'euphona','2017-04-07 21:59:50','euphona','2017-04-07 21:59:50','N');
/*!40000 ALTER TABLE `submodule` ENABLE KEYS */;
UNLOCK TABLES;

--
-- Table structure for table `submodule_permission`
--

DROP TABLE IF EXISTS `submodule_permission`;
/*!40101 SET @saved_cs_client     = @@character_set_client */;
/*!40101 SET character_set_client = utf8 */;
CREATE TABLE `submodule_permission` (
  `permission_id` int(11) NOT NULL AUTO_INCREMENT,
  `role_id` int(11) NOT NULL,
  `submodule_id` int(11) NOT NULL,
  `permission_type_id` int(11) NOT NULL,
  `version` int(5) NOT NULL DEFAULT '1',
  `created_by` varchar(255) NOT NULL,
  `created_on` datetime NOT NULL DEFAULT CURRENT_TIMESTAMP,
  `updated_by` varchar(255) NOT NULL,
  `updated_on` datetime NOT NULL DEFAULT CURRENT_TIMESTAMP,
  `delete_ind` char(1) NOT NULL DEFAULT 'N',
  PRIMARY KEY (`permission_id`)
) ENGINE=InnoDB AUTO_INCREMENT=24 DEFAULT CHARSET=latin1;
/*!40101 SET character_set_client = @saved_cs_client */;

--
-- Dumping data for table `submodule_permission`
--

LOCK TABLES `submodule_permission` WRITE;
/*!40000 ALTER TABLE `submodule_permission` DISABLE KEYS */;
INSERT INTO `submodule_permission` VALUES (1,1,1,14,1,'euphona','2016-11-12 21:47:51','euphona','2016-11-12 21:47:51','N'),(2,1,2,11,1,'euphona','2016-11-12 21:49:07','euphona','2016-11-12 21:49:07','N'),(3,1,21,13,1,'euphona','2016-11-12 21:49:19','euphona','2016-11-12 21:49:19','N'),(4,1,22,12,1,'euphona','2016-11-12 21:49:19','euphona','2016-11-12 21:49:19','N'),(5,1,24,16,1,'euphona','2016-11-12 21:49:19','euphona','2016-11-12 21:49:19','N'),(6,1,26,20,1,'euphona','2016-11-12 21:49:19','euphona','2016-11-12 21:49:19','N'),(7,1,28,23,1,'euphona','2016-11-12 21:49:19','euphona','2016-11-12 21:49:19','N'),(8,1,29,24,1,'euphona','2016-11-12 21:49:19','euphona','2016-11-12 21:49:19','N'),(9,1,30,25,1,'euphona','2016-11-12 21:49:19','euphona','2016-11-12 21:49:19','N'),(10,1,31,26,1,'euphona','2016-11-15 21:25:31','euphona','2016-11-15 21:25:31','N'),(11,1,32,27,1,'euphona','2016-11-26 20:13:09','euphona','2016-11-26 20:13:09','N'),(12,1,33,28,1,'euphona','2017-01-05 21:51:50','euphona','2017-01-05 21:51:50','N'),(13,1,34,29,1,'euphona','2017-01-20 22:18:29','euphona','2017-01-20 22:18:29','N'),(14,1,35,30,1,'euphona','2017-02-25 16:41:21','euphona','2017-02-25 16:41:21','N'),(15,1,36,31,1,'euphona','2017-02-27 10:33:01','euphona','2017-02-27 10:33:01','N'),(16,1,37,32,1,'euphona','2017-03-05 15:48:45','euphona','2017-03-05 15:48:45','N'),(17,1,38,33,1,'euphona','2017-03-11 10:53:23','euphona','2017-03-11 10:53:23','N'),(18,1,39,34,1,'euphona','2017-03-12 17:45:40','euphona','2017-03-12 17:45:40','N'),(19,5,1,14,1,'euphona','2016-11-12 22:55:59','euphona','2016-11-12 22:55:59','N'),(20,5,32,27,1,'euphona','2016-11-26 20:13:15','euphona','2016-11-26 20:13:15','N'),(21,6,1,14,1,'euphona','2017-03-11 10:53:23','euphona','2017-03-11 10:53:23','N'),(22,1,40,36,1,'euphona','2017-04-05 21:47:40','euphona','2017-04-05 21:47:40','N'),(23,1,41,37,1,'euphona','2017-04-07 22:00:38','euphona','2017-04-07 22:00:38','N');
/*!40000 ALTER TABLE `submodule_permission` ENABLE KEYS */;
UNLOCK TABLES;

--
-- Table structure for table `submodule_permission_type`
--

DROP TABLE IF EXISTS `submodule_permission_type`;
/*!40101 SET @saved_cs_client     = @@character_set_client */;
/*!40101 SET character_set_client = utf8 */;
CREATE TABLE `submodule_permission_type` (
  `type_id` int(11) NOT NULL AUTO_INCREMENT,
  `submodule_id` int(11) NOT NULL,
  `permission_type` varchar(45) DEFAULT NULL,
  `seq_num` int(2) NOT NULL DEFAULT '1',
  `url` varchar(255) NOT NULL,
  `version` int(5) NOT NULL DEFAULT '1',
  `created_by` varchar(255) NOT NULL,
  `created_on` datetime NOT NULL DEFAULT CURRENT_TIMESTAMP,
  `updated_by` varchar(255) NOT NULL,
  `updated_on` datetime NOT NULL DEFAULT CURRENT_TIMESTAMP,
  `delete_ind` char(1) NOT NULL DEFAULT 'N',
  PRIMARY KEY (`type_id`)
) ENGINE=InnoDB AUTO_INCREMENT=38 DEFAULT CHARSET=latin1;
/*!40101 SET character_set_client = @saved_cs_client */;

--
-- Dumping data for table `submodule_permission_type`
--

LOCK TABLES `submodule_permission_type` WRITE;
/*!40000 ALTER TABLE `submodule_permission_type` DISABLE KEYS */;
INSERT INTO `submodule_permission_type` VALUES (11,2,'View',1,'/admin/listModule',0,'','0000-00-00 00:00:00','','0000-00-00 00:00:00','N'),(12,22,'View',1,'/admin/listPermission',0,'','0000-00-00 00:00:00','','0000-00-00 00:00:00','N'),(13,21,'View',1,'/admin/listRole',0,'','0000-00-00 00:00:00','','0000-00-00 00:00:00','N'),(14,1,'View',1,'/admin/listUser',0,'','0000-00-00 00:00:00','','0000-00-00 00:00:00','N'),(16,24,'View',1,'/product/category/listProductCategory',0,'','0000-00-00 00:00:00','','0000-00-00 00:00:00','N'),(20,26,'View',1,'product/product/listProduct',0,'','0000-00-00 00:00:00','','0000-00-00 00:00:00','N'),(23,28,'View',1,'/product/promotion/listPromotion',0,'','0000-00-00 00:00:00','','0000-00-00 00:00:00','N'),(24,29,'View',1,'/product/discount/listDiscount',0,'','0000-00-00 00:00:00','','0000-00-00 00:00:00','N'),(25,30,'View',1,'/product/option/listProductOption',0,'','0000-00-00 00:00:00','','0000-00-00 00:00:00','N'),(26,31,'View',1,'/customer/listCustomer',1,'euphona','2016-11-15 21:25:16','euphona','2016-11-15 21:25:16','N'),(27,32,'View',1,'/batchintake/listBatchIntake',1,'euphona','2016-11-26 20:12:48','euphona','2016-11-26 20:12:48','N'),(28,33,'View',1,'/inventory/listInventoryProduct',1,'euphona','2017-01-05 21:25:26','euphona','2017-01-05 21:25:26','N'),(29,34,'View',1,'inventory/listInventoryHistory',1,'euphona','2017-01-20 22:18:15','euphona','2017-01-20 22:18:15','N'),(30,35,'View',1,'/demo/listProduct',1,'euphona','2017-02-25 16:41:06','euphona','2017-02-25 16:41:06','N'),(31,36,'View',1,'invoice/listInvoice',1,'euphona','2017-02-27 10:32:49','euphona','2017-02-27 10:32:49','N'),(32,37,'View',1,'expense/listExpense',1,'euphona','2017-03-05 15:48:29','euphona','2017-03-05 15:48:29','N'),(33,38,'View',1,'salarybonus/listSalaryBonus',1,'euphona','2017-03-11 10:53:23','euphona','2017-03-11 10:53:23','N'),(34,39,'View',1,'employee/listEmployee',1,'euphona','2017-03-12 17:45:27','euphona','2017-03-12 17:45:27','N'),(35,32,'test',1,'test',1,'euphona','2017-04-03 21:59:14','euphona','2017-04-03 21:59:14','Y'),(36,40,'View',1,'cheque/listCheque',1,'euphona','2017-04-05 21:47:18','euphona','2017-04-05 21:47:18','N'),(37,41,'View',1,'report/viewReportGen',1,'euphona','2017-04-07 22:00:08','euphona','2017-04-07 22:00:08','N');
/*!40000 ALTER TABLE `submodule_permission_type` ENABLE KEYS */;
UNLOCK TABLES;

--
-- Table structure for table `transaction`
--

DROP TABLE IF EXISTS `transaction`;
/*!40101 SET @saved_cs_client     = @@character_set_client */;
/*!40101 SET character_set_client = utf8 */;
CREATE TABLE `transaction` (
  `transaction_id` varchar(50) NOT NULL,
  `time_stamp` datetime DEFAULT NULL,
  `type` varchar(45) DEFAULT NULL,
  `payer` varchar(1024) DEFAULT NULL,
  `payer_name` varchar(512) DEFAULT NULL,
  `status` varchar(50) DEFAULT NULL,
  `gross_amt` decimal(8,2) DEFAULT NULL,
  `fee_amt` decimal(8,2) DEFAULT NULL,
  `net_amt` decimal(8,2) DEFAULT NULL,
  `version` int(5) NOT NULL DEFAULT '1',
  `created_by` varchar(255) NOT NULL,
  `created_on` datetime NOT NULL DEFAULT CURRENT_TIMESTAMP,
  `updated_by` varchar(255) NOT NULL,
  `updated_on` datetime NOT NULL DEFAULT CURRENT_TIMESTAMP,
  `delete_ind` char(1) NOT NULL DEFAULT 'N',
  PRIMARY KEY (`transaction_id`)
) ENGINE=InnoDB DEFAULT CHARSET=latin1;
/*!40101 SET character_set_client = @saved_cs_client */;

--
-- Dumping data for table `transaction`
--

LOCK TABLES `transaction` WRITE;
/*!40000 ALTER TABLE `transaction` DISABLE KEYS */;
/*!40000 ALTER TABLE `transaction` ENABLE KEYS */;
UNLOCK TABLES;

--
-- Table structure for table `transaction_coupon_detail`
--

DROP TABLE IF EXISTS `transaction_coupon_detail`;
/*!40101 SET @saved_cs_client     = @@character_set_client */;
/*!40101 SET character_set_client = utf8 */;
CREATE TABLE `transaction_coupon_detail` (
  `transaction_id` varchar(50) NOT NULL,
  `type` varchar(255) DEFAULT NULL,
  `id` varchar(255) DEFAULT NULL,
  `amt` decimal(6,2) DEFAULT NULL,
  `amt_currency` varchar(255) DEFAULT NULL,
  `version` int(5) NOT NULL DEFAULT '1',
  `created_by` varchar(255) NOT NULL,
  `created_on` datetime NOT NULL DEFAULT CURRENT_TIMESTAMP,
  `updated_by` varchar(255) NOT NULL,
  `updated_on` datetime NOT NULL DEFAULT CURRENT_TIMESTAMP,
  `delete_ind` char(1) NOT NULL DEFAULT 'N',
  PRIMARY KEY (`transaction_id`),
  CONSTRAINT `transaction_coupon_detail_id_fk` FOREIGN KEY (`transaction_id`) REFERENCES `transaction` (`transaction_id`) ON DELETE CASCADE ON UPDATE CASCADE
) ENGINE=InnoDB DEFAULT CHARSET=latin1;
/*!40101 SET character_set_client = @saved_cs_client */;

--
-- Dumping data for table `transaction_coupon_detail`
--

LOCK TABLES `transaction_coupon_detail` WRITE;
/*!40000 ALTER TABLE `transaction_coupon_detail` DISABLE KEYS */;
/*!40000 ALTER TABLE `transaction_coupon_detail` ENABLE KEYS */;
UNLOCK TABLES;

--
-- Table structure for table `transaction_detail`
--

DROP TABLE IF EXISTS `transaction_detail`;
/*!40101 SET @saved_cs_client     = @@character_set_client */;
/*!40101 SET character_set_client = utf8 */;
CREATE TABLE `transaction_detail` (
  `transaction_id` varchar(50) NOT NULL,
  `tpl_reference_id` varchar(255) DEFAULT NULL,
  `gift_message` varchar(512) DEFAULT NULL,
  `gift_receipt` varchar(255) DEFAULT NULL,
  `gift_wrap_name` varchar(255) DEFAULT NULL,
  `buyer_email_opt_in` varchar(255) DEFAULT NULL,
  `version` int(5) NOT NULL DEFAULT '1',
  `created_by` varchar(255) NOT NULL,
  `created_on` datetime NOT NULL DEFAULT CURRENT_TIMESTAMP,
  `updated_by` varchar(255) NOT NULL,
  `updated_on` datetime NOT NULL DEFAULT CURRENT_TIMESTAMP,
  `delete_ind` char(1) NOT NULL DEFAULT 'N',
  PRIMARY KEY (`transaction_id`),
  CONSTRAINT `transaction_detail_id_fk` FOREIGN KEY (`transaction_id`) REFERENCES `transaction` (`transaction_id`) ON DELETE CASCADE ON UPDATE CASCADE
) ENGINE=InnoDB DEFAULT CHARSET=latin1;
/*!40101 SET character_set_client = @saved_cs_client */;

--
-- Dumping data for table `transaction_detail`
--

LOCK TABLES `transaction_detail` WRITE;
/*!40000 ALTER TABLE `transaction_detail` DISABLE KEYS */;
/*!40000 ALTER TABLE `transaction_detail` ENABLE KEYS */;
UNLOCK TABLES;

--
-- Table structure for table `transaction_payer_address`
--

DROP TABLE IF EXISTS `transaction_payer_address`;
/*!40101 SET @saved_cs_client     = @@character_set_client */;
/*!40101 SET character_set_client = utf8 */;
CREATE TABLE `transaction_payer_address` (
  `transaction_id` varchar(255) NOT NULL,
  `type` varchar(45) DEFAULT NULL,
  `name` varchar(512) DEFAULT NULL,
  `street1` varchar(300) DEFAULT NULL,
  `street2` varchar(300) DEFAULT NULL,
  `city_name` varchar(120) DEFAULT NULL,
  `state_or_province` varchar(120) DEFAULT NULL,
  `country` varchar(2) DEFAULT NULL,
  `country_name` varchar(255) DEFAULT NULL,
  `phone` varchar(255) DEFAULT NULL,
  `postal_code` varchar(45) DEFAULT NULL,
  `address_id` varchar(255) DEFAULT NULL,
  `address_owner` varchar(50) DEFAULT NULL,
  `external_address_id` varchar(255) DEFAULT NULL,
  `address_status` varchar(45) DEFAULT NULL,
  `version` int(5) NOT NULL DEFAULT '1',
  `created_by` varchar(255) NOT NULL,
  `created_on` datetime NOT NULL DEFAULT CURRENT_TIMESTAMP,
  `updated_by` varchar(255) NOT NULL,
  `updated_on` datetime NOT NULL DEFAULT CURRENT_TIMESTAMP,
  `delete_ind` char(1) NOT NULL DEFAULT 'N',
  PRIMARY KEY (`transaction_id`),
  CONSTRAINT `transaction_payer_address_id_fk` FOREIGN KEY (`transaction_id`) REFERENCES `transaction` (`transaction_id`) ON DELETE CASCADE ON UPDATE CASCADE
) ENGINE=InnoDB DEFAULT CHARSET=latin1;
/*!40101 SET character_set_client = @saved_cs_client */;

--
-- Dumping data for table `transaction_payer_address`
--

LOCK TABLES `transaction_payer_address` WRITE;
/*!40000 ALTER TABLE `transaction_payer_address` DISABLE KEYS */;
/*!40000 ALTER TABLE `transaction_payer_address` ENABLE KEYS */;
UNLOCK TABLES;

--
-- Table structure for table `transaction_payer_info`
--

DROP TABLE IF EXISTS `transaction_payer_info`;
/*!40101 SET @saved_cs_client     = @@character_set_client */;
/*!40101 SET character_set_client = utf8 */;
CREATE TABLE `transaction_payer_info` (
  `transaction_id` varchar(255) NOT NULL,
  `payer` varchar(255) DEFAULT NULL,
  `payer_id` varchar(50) DEFAULT NULL,
  `payer_status` varchar(45) DEFAULT NULL,
  `payer_name` varchar(512) DEFAULT NULL,
  `payer_country` varchar(45) DEFAULT NULL,
  `payer_business` varchar(255) DEFAULT NULL,
  `contact_phone` varchar(255) DEFAULT NULL,
  `version` int(5) NOT NULL DEFAULT '1',
  `created_by` varchar(255) NOT NULL,
  `created_on` datetime NOT NULL DEFAULT CURRENT_TIMESTAMP,
  `updated_by` varchar(255) NOT NULL,
  `updated_on` datetime NOT NULL DEFAULT CURRENT_TIMESTAMP,
  `delete_ind` char(1) NOT NULL DEFAULT 'N',
  PRIMARY KEY (`transaction_id`),
  CONSTRAINT `transaction_payer_info_id_fk` FOREIGN KEY (`transaction_id`) REFERENCES `transaction` (`transaction_id`) ON DELETE CASCADE ON UPDATE CASCADE
) ENGINE=InnoDB DEFAULT CHARSET=latin1;
/*!40101 SET character_set_client = @saved_cs_client */;

--
-- Dumping data for table `transaction_payer_info`
--

LOCK TABLES `transaction_payer_info` WRITE;
/*!40000 ALTER TABLE `transaction_payer_info` DISABLE KEYS */;
/*!40000 ALTER TABLE `transaction_payer_info` ENABLE KEYS */;
UNLOCK TABLES;

--
-- Table structure for table `transaction_payment_info`
--

DROP TABLE IF EXISTS `transaction_payment_info`;
/*!40101 SET @saved_cs_client     = @@character_set_client */;
/*!40101 SET character_set_client = utf8 */;
CREATE TABLE `transaction_payment_info` (
  `transaction_id` varchar(50) NOT NULL,
  `ebay_transaction_id` varchar(255) DEFAULT NULL,
  `parent_transaction_id` varchar(50) DEFAULT NULL,
  `receipt_id` varchar(45) DEFAULT NULL,
  `transaction_type` varchar(45) DEFAULT NULL,
  `payment_type` varchar(45) DEFAULT NULL,
  `refund_source_code_type` varchar(45) DEFAULT NULL,
  `expectede_check_clear_date` varchar(100) DEFAULT NULL,
  `payment_date` varchar(100) DEFAULT NULL,
  `gross_amt` decimal(6,2) DEFAULT NULL,
  `fee_amt` decimal(6,2) DEFAULT NULL,
  `financing_fee_amt` decimal(6,2) DEFAULT NULL,
  `financing_total_cost` decimal(6,2) DEFAULT NULL,
  `financing_monthly_payment` decimal(6,2) DEFAULT NULL,
  `is_financing` varchar(10) DEFAULT NULL,
  `settle_amt` decimal(6,2) DEFAULT NULL,
  `tax_amt` decimal(6,2) DEFAULT NULL,
  `exchange_rate` varchar(45) DEFAULT NULL,
  `payment_status` varchar(255) DEFAULT NULL,
  `invoice_id` varchar(255) DEFAULT NULL,
  `custom` varchar(255) DEFAULT NULL,
  `memo` varchar(255) DEFAULT NULL,
  `sales_tax` varchar(255) DEFAULT NULL,
  `version` int(5) NOT NULL DEFAULT '1',
  `created_by` varchar(255) NOT NULL,
  `created_on` datetime NOT NULL DEFAULT CURRENT_TIMESTAMP,
  `updated_by` varchar(255) NOT NULL,
  `updated_on` datetime NOT NULL DEFAULT CURRENT_TIMESTAMP,
  `delete_ind` char(1) NOT NULL DEFAULT 'N',
  PRIMARY KEY (`transaction_id`),
  CONSTRAINT `transaction_payment_info_id_fk` FOREIGN KEY (`transaction_id`) REFERENCES `transaction` (`transaction_id`) ON DELETE CASCADE ON UPDATE CASCADE
) ENGINE=InnoDB DEFAULT CHARSET=latin1;
/*!40101 SET character_set_client = @saved_cs_client */;

--
-- Dumping data for table `transaction_payment_info`
--

LOCK TABLES `transaction_payment_info` WRITE;
/*!40000 ALTER TABLE `transaction_payment_info` DISABLE KEYS */;
/*!40000 ALTER TABLE `transaction_payment_info` ENABLE KEYS */;
UNLOCK TABLES;

--
-- Table structure for table `transaction_payment_info_option`
--

DROP TABLE IF EXISTS `transaction_payment_info_option`;
/*!40101 SET @saved_cs_client     = @@character_set_client */;
/*!40101 SET character_set_client = utf8 */;
CREATE TABLE `transaction_payment_info_option` (
  `transaction_id` varchar(255) NOT NULL,
  `name` varchar(255) NOT NULL,
  `option_name` varchar(255) DEFAULT NULL,
  `option_value` varchar(255) DEFAULT NULL,
  `version` int(5) NOT NULL DEFAULT '1',
  `created_by` varchar(255) NOT NULL,
  `created_on` datetime NOT NULL DEFAULT CURRENT_TIMESTAMP,
  `updated_by` varchar(255) NOT NULL,
  `updated_on` datetime NOT NULL DEFAULT CURRENT_TIMESTAMP,
  `delete_ind` char(1) NOT NULL DEFAULT 'N',
  PRIMARY KEY (`transaction_id`,`name`),
  CONSTRAINT `transaction_payment_info_option_id_fk` FOREIGN KEY (`transaction_id`) REFERENCES `transaction` (`transaction_id`) ON DELETE CASCADE ON UPDATE CASCADE
) ENGINE=InnoDB DEFAULT CHARSET=latin1;
/*!40101 SET character_set_client = @saved_cs_client */;

--
-- Dumping data for table `transaction_payment_info_option`
--

LOCK TABLES `transaction_payment_info_option` WRITE;
/*!40000 ALTER TABLE `transaction_payment_info_option` DISABLE KEYS */;
/*!40000 ALTER TABLE `transaction_payment_info_option` ENABLE KEYS */;
UNLOCK TABLES;

--
-- Table structure for table `transaction_payment_item`
--

DROP TABLE IF EXISTS `transaction_payment_item`;
/*!40101 SET @saved_cs_client     = @@character_set_client */;
/*!40101 SET character_set_client = utf8 */;
CREATE TABLE `transaction_payment_item` (
  `transaction_id` varchar(255) NOT NULL,
  `ebay_item_txn_id` varchar(255) DEFAULT NULL,
  `name` varchar(255) DEFAULT NULL,
  `number` varchar(255) DEFAULT NULL,
  `quantity` varchar(255) DEFAULT NULL,
  `shipping_amt` decimal(6,2) DEFAULT NULL,
  `handling_amt` decimal(6,2) DEFAULT NULL,
  `coupon_id` varchar(255) DEFAULT NULL,
  `coupon_amt` decimal(6,2) DEFAULT NULL,
  `coupon_amt_currency` varchar(255) DEFAULT NULL,
  `amt` decimal(8,2) DEFAULT NULL,
  `version` int(5) NOT NULL DEFAULT '1',
  `created_by` varchar(255) NOT NULL,
  `created_on` datetime NOT NULL DEFAULT CURRENT_TIMESTAMP,
  `updated_by` varchar(255) NOT NULL,
  `updated_on` datetime NOT NULL DEFAULT CURRENT_TIMESTAMP,
  `delete_ind` char(1) NOT NULL DEFAULT 'N',
  PRIMARY KEY (`transaction_id`),
  CONSTRAINT `transaction_payment_item_id_fk` FOREIGN KEY (`transaction_id`) REFERENCES `transaction` (`transaction_id`) ON DELETE CASCADE ON UPDATE CASCADE
) ENGINE=InnoDB DEFAULT CHARSET=latin1;
/*!40101 SET character_set_client = @saved_cs_client */;

--
-- Dumping data for table `transaction_payment_item`
--

LOCK TABLES `transaction_payment_item` WRITE;
/*!40000 ALTER TABLE `transaction_payment_item` DISABLE KEYS */;
/*!40000 ALTER TABLE `transaction_payment_item` ENABLE KEYS */;
UNLOCK TABLES;

--
-- Table structure for table `transaction_shipping_option`
--

DROP TABLE IF EXISTS `transaction_shipping_option`;
/*!40101 SET @saved_cs_client     = @@character_set_client */;
/*!40101 SET character_set_client = utf8 */;
CREATE TABLE `transaction_shipping_option` (
  `transaction_id` varchar(255) NOT NULL,
  `shipping_calculation_mode` varchar(255) DEFAULT NULL,
  `insurance_option_selected` varchar(255) DEFAULT NULL,
  `shipping_option_is_default` varchar(255) DEFAULT NULL,
  `shipping_option_amt` decimal(6,2) DEFAULT NULL,
  `shipping_option_name` varchar(512) DEFAULT NULL,
  `version` int(5) NOT NULL DEFAULT '1',
  `created_by` varchar(255) NOT NULL,
  `created_on` datetime NOT NULL DEFAULT CURRENT_TIMESTAMP,
  `updated_by` varchar(255) NOT NULL,
  `updated_on` datetime NOT NULL DEFAULT CURRENT_TIMESTAMP,
  `delete_ind` char(1) NOT NULL DEFAULT 'N',
  PRIMARY KEY (`transaction_id`),
  CONSTRAINT `transaction_shipping_option_id_fk` FOREIGN KEY (`transaction_id`) REFERENCES `transaction` (`transaction_id`) ON DELETE CASCADE ON UPDATE CASCADE
) ENGINE=InnoDB DEFAULT CHARSET=latin1;
/*!40101 SET character_set_client = @saved_cs_client */;

--
-- Dumping data for table `transaction_shipping_option`
--

LOCK TABLES `transaction_shipping_option` WRITE;
/*!40000 ALTER TABLE `transaction_shipping_option` DISABLE KEYS */;
/*!40000 ALTER TABLE `transaction_shipping_option` ENABLE KEYS */;
UNLOCK TABLES;

--
-- Table structure for table `user`
--

DROP TABLE IF EXISTS `user`;
/*!40101 SET @saved_cs_client     = @@character_set_client */;
/*!40101 SET character_set_client = utf8 */;
CREATE TABLE `user` (
  `user_id` int(11) NOT NULL AUTO_INCREMENT,
  `user_name` varchar(50) NOT NULL,
  `password` varchar(60) NOT NULL,
  `status` varchar(50) DEFAULT NULL,
  `name` varchar(255) NOT NULL,
  `email_address` varchar(255) DEFAULT NULL,
  `last_login` datetime DEFAULT NULL,
  `enabled` char(1) NOT NULL DEFAULT 'Y',
  `version` int(5) NOT NULL DEFAULT '1',
  `created_by` varchar(255) NOT NULL,
  `created_on` datetime NOT NULL DEFAULT CURRENT_TIMESTAMP,
  `updated_by` varchar(255) NOT NULL,
  `updated_on` datetime NOT NULL DEFAULT CURRENT_TIMESTAMP,
  `delete_ind` char(1) NOT NULL DEFAULT 'N',
  PRIMARY KEY (`user_id`)
) ENGINE=InnoDB AUTO_INCREMENT=9 DEFAULT CHARSET=latin1;
/*!40101 SET character_set_client = @saved_cs_client */;

--
-- Dumping data for table `user`
--

LOCK TABLES `user` WRITE;
/*!40000 ALTER TABLE `user` DISABLE KEYS */;
INSERT INTO `user` VALUES (1,'ck1232','$2a$10$fF7SimwO74sU2hSa8u0/u.s5tYGbPMorm6i17w2zdIcbb7mURlb6G',NULL,'choon keat','ck1232@hotmail.com',NULL,'Y',0,'euphona','0000-00-00 00:00:00','euphona','0000-00-00 00:00:00','N'),(2,'euphona','$2a$10$bbH4SEDcWxKoOFuu8RKi0ec1V20XR7UtiaoEpnesBVtuaT3SvX7gm',NULL,'Janice Lee','euphona@hotmail.com',NULL,'Y',0,'euphona','0000-00-00 00:00:00','euphona','0000-00-00 00:00:00','N'),(8,'ck','$2a$10$Z8IgSbjs2yFNdc5GbuVa8.DQbALA5CnPfdO6vFkCHobwxNaTNsdXe',NULL,'ck','ck@hotmail.com',NULL,'Y',0,'euphona','2016-11-12 23:25:20','euphona','2016-11-12 23:25:20','Y');
/*!40000 ALTER TABLE `user` ENABLE KEYS */;
UNLOCK TABLES;

--
-- Table structure for table `user_role`
--

DROP TABLE IF EXISTS `user_role`;
/*!40101 SET @saved_cs_client     = @@character_set_client */;
/*!40101 SET character_set_client = utf8 */;
CREATE TABLE `user_role` (
  `user_role_id` int(11) NOT NULL AUTO_INCREMENT,
  `role_id` int(11) NOT NULL,
  `user_id` int(11) NOT NULL,
  `version` int(5) NOT NULL DEFAULT '1',
  `created_by` varchar(255) NOT NULL,
  `created_on` datetime NOT NULL DEFAULT CURRENT_TIMESTAMP,
  `updated_by` varchar(255) NOT NULL,
  `updated_on` datetime NOT NULL DEFAULT CURRENT_TIMESTAMP,
  `delete_ind` char(1) NOT NULL DEFAULT 'N',
  PRIMARY KEY (`user_role_id`)
) ENGINE=InnoDB AUTO_INCREMENT=7 DEFAULT CHARSET=latin1;
/*!40101 SET character_set_client = @saved_cs_client */;

--
-- Dumping data for table `user_role`
--

LOCK TABLES `user_role` WRITE;
/*!40000 ALTER TABLE `user_role` DISABLE KEYS */;
INSERT INTO `user_role` VALUES (1,1,1,1,'euphona','2017-03-12 12:33:13','euphona','2017-03-12 12:33:13','N'),(2,5,1,1,'euphona','2017-03-12 12:33:13','euphona','2017-03-12 12:33:13','N'),(3,1,2,0,'','0000-00-00 00:00:00','','0000-00-00 00:00:00','N'),(4,2,2,0,'','0000-00-00 00:00:00','','0000-00-00 00:00:00','N'),(5,5,2,0,'','0000-00-00 00:00:00','','0000-00-00 00:00:00','N'),(6,5,8,1,'euphona','2016-11-14 00:34:58','euphona','2016-11-14 00:34:58','N');
/*!40000 ALTER TABLE `user_role` ENABLE KEYS */;
UNLOCK TABLES;

--
-- Temporary view structure for view `view_item_code`
--

DROP TABLE IF EXISTS `view_item_code`;
/*!50001 DROP VIEW IF EXISTS `view_item_code`*/;
SET @saved_cs_client     = @@character_set_client;
SET character_set_client = utf8;
/*!50001 CREATE VIEW `view_item_code` AS SELECT 
 1 AS `product_suboption_rs_id`,
 1 AS `product_id`,
 1 AS `product_name`,
 1 AS `suboption1_name`,
 1 AS `suboption1_id`,
 1 AS `suboption2_name`,
 1 AS `suboption2_id`,
 1 AS `suboption3_name`,
 1 AS `suboption3_id`,
 1 AS `item_code`*/;
SET character_set_client = @saved_cs_client;

--
-- Temporary view structure for view `view_latest_transaction`
--

DROP TABLE IF EXISTS `view_latest_transaction`;
/*!50001 DROP VIEW IF EXISTS `view_latest_transaction`*/;
SET @saved_cs_client     = @@character_set_client;
SET character_set_client = utf8;
/*!50001 CREATE VIEW `view_latest_transaction` AS SELECT 
 1 AS `transaction_id`,
 1 AS `time_stamp`,
 1 AS `type`,
 1 AS `payer`,
 1 AS `payer_name`,
 1 AS `status`,
 1 AS `gross_amt`,
 1 AS `feea_amt`,
 1 AS `net_amt`,
 1 AS `created_on`*/;
SET character_set_client = @saved_cs_client;

--
-- Temporary view structure for view `view_product_inventory`
--

DROP TABLE IF EXISTS `view_product_inventory`;
/*!50001 DROP VIEW IF EXISTS `view_product_inventory`*/;
SET @saved_cs_client     = @@character_set_client;
SET character_set_client = utf8;
/*!50001 CREATE VIEW `view_product_inventory` AS SELECT 
 1 AS `product_id`,
 1 AS `product_name`,
 1 AS `qty`*/;
SET character_set_client = @saved_cs_client;

--
-- Temporary view structure for view `view_product_inventory_location`
--

DROP TABLE IF EXISTS `view_product_inventory_location`;
/*!50001 DROP VIEW IF EXISTS `view_product_inventory_location`*/;
SET @saved_cs_client     = @@character_set_client;
SET character_set_client = utf8;
/*!50001 CREATE VIEW `view_product_inventory_location` AS SELECT 
 1 AS `location_id`,
 1 AS `location`,
 1 AS `product_id`,
 1 AS `product_name`,
 1 AS `suboption1_name`,
 1 AS `suboption1_id`,
 1 AS `suboption2_name`,
 1 AS `subOption2_id`,
 1 AS `suboption3_name`,
 1 AS `subOption3_id`,
 1 AS `qty`*/;
SET character_set_client = @saved_cs_client;

--
-- Temporary view structure for view `view_product_suboption_inventory`
--

DROP TABLE IF EXISTS `view_product_suboption_inventory`;
/*!50001 DROP VIEW IF EXISTS `view_product_suboption_inventory`*/;
SET @saved_cs_client     = @@character_set_client;
SET character_set_client = utf8;
/*!50001 CREATE VIEW `view_product_suboption_inventory` AS SELECT 
 1 AS `product_id`,
 1 AS `product_name`,
 1 AS `suboption1_name`,
 1 AS `suboption1_id`,
 1 AS `suboption2_name`,
 1 AS `suboption2_id`,
 1 AS `suboption3_name`,
 1 AS `suboption3_id`,
 1 AS `qty`*/;
SET character_set_client = @saved_cs_client;

--
-- Final view structure for view `inventory_from`
--

/*!50001 DROP VIEW IF EXISTS `inventory_from`*/;
/*!50001 SET @saved_cs_client          = @@character_set_client */;
/*!50001 SET @saved_cs_results         = @@character_set_results */;
/*!50001 SET @saved_col_connection     = @@collation_connection */;
/*!50001 SET character_set_client      = utf8 */;
/*!50001 SET character_set_results     = utf8 */;
/*!50001 SET collation_connection      = utf8_general_ci */;
/*!50001 CREATE ALGORITHM=UNDEFINED */
/*!50013 DEFINER=`root`@`localhost` SQL SECURITY DEFINER */
/*!50001 VIEW `inventory_from` AS select `inv`.`product_suboption_rs_id` AS `product_suboption_rs_id`,`inv`.`transfer_from` AS `transfer_from`,sum((case `inv`.`plus_or_minus` when 0x00 then (`inv`.`qty` * -(1)) when 0x01 then 0 end)) AS `qty` from `product_inventory` `inv` where ((`inv`.`delete_ind` = 'N') and (`inv`.`transfer_from` is not null)) group by `inv`.`product_suboption_rs_id`,`inv`.`transfer_from` */;
/*!50001 SET character_set_client      = @saved_cs_client */;
/*!50001 SET character_set_results     = @saved_cs_results */;
/*!50001 SET collation_connection      = @saved_col_connection */;

--
-- Final view structure for view `inventory_location_final_qty`
--

/*!50001 DROP VIEW IF EXISTS `inventory_location_final_qty`*/;
/*!50001 SET @saved_cs_client          = @@character_set_client */;
/*!50001 SET @saved_cs_results         = @@character_set_results */;
/*!50001 SET @saved_col_connection     = @@collation_connection */;
/*!50001 SET character_set_client      = utf8 */;
/*!50001 SET character_set_results     = utf8 */;
/*!50001 SET collation_connection      = utf8_general_ci */;
/*!50001 CREATE ALGORITHM=UNDEFINED */
/*!50013 DEFINER=`root`@`localhost` SQL SECURITY DEFINER */
/*!50001 VIEW `inventory_location_final_qty` AS select `inventory_location_qty`.`product_suboption_rs_id` AS `product_suboption_rs_id`,`inventory_location_qty`.`location_id` AS `location_id`,(`inventory_location_qty`.`to_qty` + `inventory_location_qty`.`from_qty`) AS `qty` from `inventory_location_qty` */;
/*!50001 SET character_set_client      = @saved_cs_client */;
/*!50001 SET character_set_results     = @saved_cs_results */;
/*!50001 SET collation_connection      = @saved_col_connection */;

--
-- Final view structure for view `inventory_location_qty`
--

/*!50001 DROP VIEW IF EXISTS `inventory_location_qty`*/;
/*!50001 SET @saved_cs_client          = @@character_set_client */;
/*!50001 SET @saved_cs_results         = @@character_set_results */;
/*!50001 SET @saved_col_connection     = @@collation_connection */;
/*!50001 SET character_set_client      = utf8 */;
/*!50001 SET character_set_results     = utf8 */;
/*!50001 SET collation_connection      = utf8_general_ci */;
/*!50001 CREATE ALGORITHM=UNDEFINED */
/*!50013 DEFINER=`root`@`localhost` SQL SECURITY DEFINER */
/*!50001 VIEW `inventory_location_qty` AS select `invto`.`product_suboption_rs_id` AS `product_suboption_rs_id`,`invto`.`transfer_to` AS `location_id`,ifnull(`invto`.`qty`,0) AS `to_qty`,ifnull(`invfrom`.`qty`,0) AS `from_qty` from (`inventory_to` `invto` left join `inventory_from` `invfrom` on(((`invto`.`product_suboption_rs_id` = `invfrom`.`product_suboption_rs_id`) and (`invto`.`transfer_to` = `invfrom`.`transfer_from`)))) union select `invfrom`.`product_suboption_rs_id` AS `product_suboption_rs_id`,`invfrom`.`transfer_from` AS `locationId`,ifnull(`invto`.`qty`,0) AS `to_qty`,ifnull(`invfrom`.`qty`,0) AS `from_qty` from (`inventory_from` `invfrom` left join `inventory_to` `invto` on(((`invto`.`product_suboption_rs_id` = `invfrom`.`product_suboption_rs_id`) and (`invto`.`transfer_to` = `invfrom`.`transfer_from`)))) */;
/*!50001 SET character_set_client      = @saved_cs_client */;
/*!50001 SET character_set_results     = @saved_cs_results */;
/*!50001 SET collation_connection      = @saved_col_connection */;

--
-- Final view structure for view `inventory_to`
--

/*!50001 DROP VIEW IF EXISTS `inventory_to`*/;
/*!50001 SET @saved_cs_client          = @@character_set_client */;
/*!50001 SET @saved_cs_results         = @@character_set_results */;
/*!50001 SET @saved_col_connection     = @@collation_connection */;
/*!50001 SET character_set_client      = utf8 */;
/*!50001 SET character_set_results     = utf8 */;
/*!50001 SET collation_connection      = utf8_general_ci */;
/*!50001 CREATE ALGORITHM=UNDEFINED */
/*!50013 DEFINER=`root`@`localhost` SQL SECURITY DEFINER */
/*!50001 VIEW `inventory_to` AS select `inv`.`product_suboption_rs_id` AS `product_suboption_rs_id`,`inv`.`transfer_to` AS `transfer_to`,sum((case `inv`.`plus_or_minus` when 0x00 then 0 when 0x01 then (`inv`.`qty` * 1) end)) AS `qty` from `product_inventory` `inv` where ((`inv`.`delete_ind` = 'N') and (`inv`.`transfer_to` is not null)) */;
/*!50001 SET character_set_client      = @saved_cs_client */;
/*!50001 SET character_set_results     = @saved_cs_results */;
/*!50001 SET collation_connection      = @saved_col_connection */;

--
-- Final view structure for view `view_item_code`
--

/*!50001 DROP VIEW IF EXISTS `view_item_code`*/;
/*!50001 SET @saved_cs_client          = @@character_set_client */;
/*!50001 SET @saved_cs_results         = @@character_set_results */;
/*!50001 SET @saved_col_connection     = @@collation_connection */;
/*!50001 SET character_set_client      = utf8 */;
/*!50001 SET character_set_results     = utf8 */;
/*!50001 SET collation_connection      = utf8_general_ci */;
/*!50001 CREATE ALGORITHM=UNDEFINED */
/*!50013 DEFINER=`root`@`localhost` SQL SECURITY DEFINER */
/*!50001 VIEW `view_item_code` AS select `rs`.`product_suboption_rs_id` AS `product_suboption_rs_id`,`rs`.`product_id` AS `product_id`,`p`.`product_name` AS `product_name`,`sopt1`.`name` AS `suboption1_name`,`rs`.`suboption1_id` AS `suboption1_id`,`sopt2`.`name` AS `suboption2_name`,`rs`.`suboption2_id` AS `suboption2_id`,`sopt3`.`name` AS `suboption3_name`,`rs`.`suboption3_id` AS `suboption3_id`,concat(`p`.`product_code`,(case when (`sopt1`.`name` is not null) then concat('-',`sopt1`.`code`) else '' end),(case when (`sopt2`.`name` is not null) then concat('-',`sopt2`.`code`) else '' end),(case when (`sopt3`.`name` is not null) then concat('-',`sopt3`.`code`) else '' end)) AS `item_code` from ((((`product_suboption_rs` `rs` join `product` `p` on((`rs`.`product_id` = `p`.`product_id`))) left join `product_suboption` `sopt1` on((`rs`.`suboption1_id` = `sopt1`.`product_suboption_id`))) left join `product_suboption` `sopt2` on((`rs`.`suboption2_id` = `sopt2`.`product_suboption_id`))) left join `product_suboption` `sopt3` on((`rs`.`suboption3_id` = `sopt3`.`product_suboption_id`))) where (`rs`.`delete_ind` = 'N') group by `rs`.`product_suboption_rs_id`,`rs`.`product_id`,`p`.`product_name`,`rs`.`suboption1_id`,`rs`.`suboption2_id`,`rs`.`suboption3_id` */;
/*!50001 SET character_set_client      = @saved_cs_client */;
/*!50001 SET character_set_results     = @saved_cs_results */;
/*!50001 SET collation_connection      = @saved_col_connection */;

--
-- Final view structure for view `view_latest_transaction`
--

/*!50001 DROP VIEW IF EXISTS `view_latest_transaction`*/;
/*!50001 SET @saved_cs_client          = @@character_set_client */;
/*!50001 SET @saved_cs_results         = @@character_set_results */;
/*!50001 SET @saved_col_connection     = @@collation_connection */;
/*!50001 SET character_set_client      = utf8 */;
/*!50001 SET character_set_results     = utf8 */;
/*!50001 SET collation_connection      = utf8_general_ci */;
/*!50001 CREATE ALGORITHM=UNDEFINED */
/*!50013 DEFINER=`root`@`localhost` SQL SECURITY DEFINER */
/*!50001 VIEW `view_latest_transaction` AS select `transaction`.`transaction_id` AS `transaction_id`,`transaction`.`time_stamp` AS `time_stamp`,`transaction`.`type` AS `type`,`transaction`.`payer` AS `payer`,`transaction`.`payer_name` AS `payer_name`,`transaction`.`status` AS `status`,`transaction`.`gross_amt` AS `gross_amt`,`transaction`.`fee_amt` AS `feea_amt`,`transaction`.`net_amt` AS `net_amt`,`transaction`.`created_on` AS `created_on` from `transaction` order by `transaction`.`time_stamp` desc limit 1 */;
/*!50001 SET character_set_client      = @saved_cs_client */;
/*!50001 SET character_set_results     = @saved_cs_results */;
/*!50001 SET collation_connection      = @saved_col_connection */;

--
-- Final view structure for view `view_product_inventory`
--

/*!50001 DROP VIEW IF EXISTS `view_product_inventory`*/;
/*!50001 SET @saved_cs_client          = @@character_set_client */;
/*!50001 SET @saved_cs_results         = @@character_set_results */;
/*!50001 SET @saved_col_connection     = @@collation_connection */;
/*!50001 SET character_set_client      = utf8 */;
/*!50001 SET character_set_results     = utf8 */;
/*!50001 SET collation_connection      = utf8_general_ci */;
/*!50001 CREATE ALGORITHM=UNDEFINED */
/*!50013 DEFINER=`root`@`localhost` SQL SECURITY DEFINER */
/*!50001 VIEW `view_product_inventory` AS select `rs`.`product_id` AS `product_id`,`prd`.`product_name` AS `product_name`,sum(`final_qty`.`qty`) AS `qty` from ((`inventory_location_final_qty` `final_qty` join `product_suboption_rs` `rs` on((`rs`.`product_suboption_rs_id` = `final_qty`.`product_suboption_rs_id`))) join `product` `prd` on((`rs`.`product_id` = `prd`.`product_id`))) where (`final_qty`.`location_id` > 0) group by `rs`.`product_id`,`prd`.`product_name` */;
/*!50001 SET character_set_client      = @saved_cs_client */;
/*!50001 SET character_set_results     = @saved_cs_results */;
/*!50001 SET collation_connection      = @saved_col_connection */;

--
-- Final view structure for view `view_product_inventory_location`
--

/*!50001 DROP VIEW IF EXISTS `view_product_inventory_location`*/;
/*!50001 SET @saved_cs_client          = @@character_set_client */;
/*!50001 SET @saved_cs_results         = @@character_set_results */;
/*!50001 SET @saved_col_connection     = @@collation_connection */;
/*!50001 SET character_set_client      = utf8 */;
/*!50001 SET character_set_results     = utf8 */;
/*!50001 SET collation_connection      = utf8_general_ci */;
/*!50001 CREATE ALGORITHM=UNDEFINED */
/*!50013 DEFINER=`root`@`localhost` SQL SECURITY DEFINER */
/*!50001 VIEW `view_product_inventory_location` AS select `final_qty`.`location_id` AS `location_id`,`loc`.`name` AS `location`,`rs`.`product_id` AS `product_id`,`prd`.`product_name` AS `product_name`,`sopt1`.`name` AS `suboption1_name`,`rs`.`suboption1_id` AS `suboption1_id`,`sopt2`.`name` AS `suboption2_name`,`rs`.`suboption2_id` AS `subOption2_id`,`sopt3`.`name` AS `suboption3_name`,`rs`.`suboption3_id` AS `subOption3_id`,sum(`final_qty`.`qty`) AS `qty` from ((((((`inventory_location_final_qty` `final_qty` join `product_suboption_rs` `rs` on((`rs`.`product_suboption_rs_id` = `final_qty`.`product_suboption_rs_id`))) join `product` `prd` on((`rs`.`product_id` = `prd`.`product_id`))) left join `product_suboption` `sopt1` on((`sopt1`.`product_suboption_id` = `rs`.`suboption1_id`))) left join `product_suboption` `sopt2` on((`sopt2`.`product_suboption_id` = `rs`.`suboption2_id`))) left join `product_suboption` `sopt3` on((`sopt3`.`product_suboption_id` = `rs`.`suboption3_id`))) left join `storage_location` `loc` on((`final_qty`.`location_id` = `loc`.`location_id`))) where (`final_qty`.`location_id` > 0) group by `rs`.`product_id`,`prd`.`product_name`,`rs`.`suboption1_id`,`rs`.`suboption2_id`,`rs`.`suboption3_id`,`final_qty`.`location_id` */;
/*!50001 SET character_set_client      = @saved_cs_client */;
/*!50001 SET character_set_results     = @saved_cs_results */;
/*!50001 SET collation_connection      = @saved_col_connection */;

--
-- Final view structure for view `view_product_suboption_inventory`
--

/*!50001 DROP VIEW IF EXISTS `view_product_suboption_inventory`*/;
/*!50001 SET @saved_cs_client          = @@character_set_client */;
/*!50001 SET @saved_cs_results         = @@character_set_results */;
/*!50001 SET @saved_col_connection     = @@collation_connection */;
/*!50001 SET character_set_client      = utf8 */;
/*!50001 SET character_set_results     = utf8 */;
/*!50001 SET collation_connection      = utf8_general_ci */;
/*!50001 CREATE ALGORITHM=UNDEFINED */
/*!50013 DEFINER=`root`@`localhost` SQL SECURITY DEFINER */
/*!50001 VIEW `view_product_suboption_inventory` AS select `rs`.`product_id` AS `product_id`,`prd`.`product_name` AS `product_name`,`sopt1`.`name` AS `suboption1_name`,`rs`.`suboption1_id` AS `suboption1_id`,`sopt2`.`name` AS `suboption2_name`,`rs`.`suboption2_id` AS `suboption2_id`,`sopt3`.`name` AS `suboption3_name`,`rs`.`suboption3_id` AS `suboption3_id`,sum(`final_qty`.`qty`) AS `qty` from (((((`inventory_location_final_qty` `final_qty` join `product_suboption_rs` `rs` on((`rs`.`product_suboption_rs_id` = `final_qty`.`product_suboption_rs_id`))) join `product` `prd` on((`rs`.`product_id` = `prd`.`product_id`))) left join `product_suboption` `sopt1` on((`sopt1`.`product_suboption_id` = `rs`.`suboption1_id`))) left join `product_suboption` `sopt2` on((`sopt2`.`product_suboption_id` = `rs`.`suboption2_id`))) left join `product_suboption` `sopt3` on((`sopt3`.`product_suboption_id` = `rs`.`suboption3_id`))) where (`final_qty`.`location_id` > 0) group by `rs`.`product_id`,`prd`.`product_name`,`rs`.`suboption1_id`,`rs`.`suboption2_id`,`rs`.`suboption3_id` */;
/*!50001 SET character_set_client      = @saved_cs_client */;
/*!50001 SET character_set_results     = @saved_cs_results */;
/*!50001 SET collation_connection      = @saved_col_connection */;
/*!40103 SET TIME_ZONE=@OLD_TIME_ZONE */;

/*!40101 SET SQL_MODE=@OLD_SQL_MODE */;
/*!40014 SET FOREIGN_KEY_CHECKS=@OLD_FOREIGN_KEY_CHECKS */;
/*!40014 SET UNIQUE_CHECKS=@OLD_UNIQUE_CHECKS */;
/*!40101 SET CHARACTER_SET_CLIENT=@OLD_CHARACTER_SET_CLIENT */;
/*!40101 SET CHARACTER_SET_RESULTS=@OLD_CHARACTER_SET_RESULTS */;
/*!40101 SET COLLATION_CONNECTION=@OLD_COLLATION_CONNECTION */;
/*!40111 SET SQL_NOTES=@OLD_SQL_NOTES */;

-- Dump completed on 2017-06-10 22:43:06
